x,y,z,D,B
-0.2929970282412544,8.970812409889785,1.165484418399347,7,1
-2.9789180372287722,-7.306696460286746,1.9540619133121375,2,1
1.3672437646607734,-8.172244129613299,1.5741490541614482,6,0
4.243237051576365,5.780176536921314,-1.623362300549052,4,1
8.320655304738874,0.535576430862222,0.23137957561603587,8,0
-26.331355361207216,9.056068085162247,5.2919042006973935,2,0
0.9917583743532676,-7.636730259556683,-0.017553537690180632,5,0
-5.3200206835527695,-4.60940698712624,-1.394612549185204,6,1
-2.221404039456843,-7.404266444907385,-1.3108378386672332,3,1
-6.357756892782232,5.588986187843499,-1.4223782987869487,4,1
1.3316089232739488,8.40625555762917,-0.7904255093180874,3,1
-7.105068831266625,-3.4114003354867637,0.6806506470341444,3,1
0.4756811159282457,7.597334479387132,0.37440148038517973,2,1
-1.3881122491156894,-7.331122875658265,0.05770225267201171,4,0
2.6367145591542474,8.141818199653926,0.9651940059006119,5,0
-3.2965548323158886,7.7218853102946,1.4318155835525663,6,0
-9.334293597461793,0.05797420435955353,-1.4405193804772394,1,0
-9.8504096094121,1.0155655874334772,0.46618870211745167,8,0
-7.9159481991015195,-5.12028311046722,-1.8976960063904655,1,0
-6.495042469005799,3.2914199732565796,-1.11497437399741,3,1
5.3520007122035445,-4.549601786730333,-0.9276482542902608,6,0
2.782438388351942,-8.451156404465058,2.5160701218757207,7,0
18.32863166380928,-16.26241969425457,5.31469579074277,8,0
-5.053459407509753,-5.212460989202923,0.6616075733104768,4,1
-5.302107301815595,-6.274541900766511,-1.258326113373748,2,0
-7.262771546569261,-5.5083719318545645,1.0919178787724406,7,0
-8.66107084043775,2.337360872124287,0.6077977123659101,1,0
-3.4127906931899217,7.075105291350065,0.033278141403230155,3,0
-3.635416978204839,-5.7170719286508085,-0.944329270790315,2,0
7.77218192523624,-0.14585950517468937,-1.1649792576284899,4,0
7.603435987217463,0.027570845135200472,1.0316813988710907,3,0
5.613676559386837,-6.872950716753683,-0.39768519034930433,7,0
7.47075236903413,1.8702587348975637,1.1049715612300464,5,1
-9.304162708297627,-1.8934069624971395,1.9088127301045599,1,0
-6.383232028137684,-5.216207629296318,1.0402793432986024,1,0
3.11834306340816,7.344947886943357,-0.9849309566207839,5,0
6.091512825456578,-6.594990908276882,0.5228946863548651,6,0
3.4802544495865564,6.7440848095750505,-2.4996048781959557,5,1
6.731861573210016,-3.9923176338986135,0.7474825940499629,5,0
0.4643223787131573,-8.996678597463966,-0.047161267268092305,5,0
0.44834897970255544,8.335173730670128,-0.6592871624926064,3,0
4.356448735548419,5.9300133399070045,0.8706131844201072,6,0
-2.6704216668965155,7.81478691717496,1.0472001854826507,3,1
-6.757339529554304,3.1311652103198675,-0.34393766981683177,1,0
0.668238683173726,7.229867010119918,-0.06523971195945683,8,0
8.214147053286757,0.0954408454693318,0.42100484407580285,8,0
-0.8689462773377037,8.01579010089422,0.9728576674207464,5,0
4.396494030263172,-6.3578725935484615,3.5575436576963053,7,0
4.441357357209042,4.7535714609874775,-1.703404741241303,8,1
9.215530420265658,-0.5794427731542665,-0.6513492886161985,8,1
0.02216172873688027,7.117817025606672,-0.3677797268196616,5,1
-6.819723248819142,4.4592206516767385,-0.8552461532078683,1,0
-7.952442095712492,-2.052242770409407,0.9675929054174766,1,1
4.029141599750723,4.444378169475255,1.14435480872387,2,1
1.1965717573566064,-8.202629158750678,-0.14172455006175166,4,0
0.27221613989216453,9.961766270327963,-0.6207285115795171,6,0
-7.385122104302599,-3.0756366896101563,1.2747001136623621,4,1
-7.835759864829227,-1.981283741039559,0.5880466072860755,4,0
-7.95621067667545,-5.381512838289252,0.13823939727800524,1,1
8.953629339906637,1.6871647851995448,0.3041760359157481,8,1
3.1656993410068943,6.989936027794714,-0.10489862189998518,7,1
4.519037372581789,6.161540920940266,0.3532052029244882,1,0
-2.4930246358544657,8.183898644087938,-0.1725311969103078,4,0
6.868117016544641,6.192350138806712,2.111553615728793,8,1
7.015170070641071,-2.241667979849519,-1.859155893178522,5,1
-8.522679763201623,-1.9747959651629465,0.3541941240766434,1,0
-5.457021518235509,-4.5298095904387425,-1.7868322573633115,1,1
-4.640430237792016,6.1467992089788295,-3.3350793150651556,1,0
-2.761696804862315,7.833096657604985,0.23827485086153585,2,1
-6.765251081178178,-1.3938084691456427,1.2336076601927448,1,1
-2.443976175712767,7.3042895623175355,6.2416709590207615,7,1
-5.137915781765421,6.902584859232293,-0.26375320386556617,5,0
-7.206737317699315,2.7730937370525917,0.6762927348521076,3,0
-8.971618886511278,-1.9341279090186736,0.45375773829530636,5,0
8.223565183812182,-1.2931069469697063,1.7847925419560957,6,0
3.1729948979011757,9.772387900929933,-1.4191529156162006,5,0
-5.986491070415457,-0.33630178377553677,-0.7023502873221427,7,1
5.291484367026796,7.328632230561964,1.3689118615441995,7,0
-3.943896582327403,6.11776068061077,-0.18753904159165674,4,0
-0.3524489452005657,-7.831372576659285,-0.2777754215214706,2,1
3.7840982364751716,5.5779041544278,1.8114219222466827,5,0
-6.332713480424412,-4.173823841092571,2.4916224553564303,1,0
-6.464287689851289,4.2336180099964436,-2.4570055537249784,6,0
7.76447952084215,2.501810012076219,-0.20137602904280422,3,0
8.089677148802803,-3.4646329250733086,5.107510221938591,8,1
-8.305127134958713,4.701565301546173,-0.5744828202512637,3,0
0.8834424003586794,-9.143188880341986,-1.0836461133093187,1,1
-7.941553183697167,4.298696772018829,3.3448109644417183,5,0
7.291827789339903,-5.200635869932582,2.248208697142003,6,1
-2.396065162672203,8.911983263674589,2.6190792526677646,2,0
-7.26533310051866,4.026049887883594,-0.1526962762988085,3,1
1.4883264285175388,-7.192105920923001,0.9466359132248598,3,0
-3.4193544334141386,3.881511444539499,-0.04489214316495976,3,0
-3.5326873540688952,6.658611665682899,1.99689393276199,3,1
10.45724477443423,-1.042495834297096,0.902034474555467,5,0
-9.279977252728997,-2.7317279034168,-3.1432538835217687,1,1
-3.2493012738056586,-6.77302751635679,0.2104373775818111,5,0
-3.889174513251156,-6.360864325949399,0.3843732832615929,4,0
3.521559001824847,-6.537403880693414,0.3112714741105901,6,0
4.913412918979752,-6.4452070719941235,-1.361056412798264,4,0
-6.339273175553299,-1.8367691445712444,-1.0731517607117604,2,1
-1.1265258549673092,7.520315317448152,-0.7470728959283229,2,0
5.778259687605129,0.9939432797832548,-3.2648482259669858,3,0
-6.778662967980939,-5.397682569305885,0.41923186543878466,6,1
2.981814892598097,-7.138062338226029,-0.687215181329958,7,1
-8.65606871992578,1.1655987761929538,0.008910036034840354,1,0
5.307729871742356,5.908747823868175,0.11871245445180088,2,1
-1.8956685034362357,8.7265920150307,-0.23067316651546035,1,1
-7.0699446225092295,0.29307941526930037,1.2910202853193873,2,1
4.447708253098776,-6.118531818298978,4.500188996892135,7,0
5.149662730267883,7.477503314160169,0.8255233088434059,6,0
-7.931865086594875,-5.710722520361697,2.1683908480132916,3,0
0.8656824349682477,-8.625304065763233,-0.191311926965603,5,0
8.982895438101362,-3.1919709275836294,0.20376971654607143,5,0
6.029161908660287,6.479171956956032,0.7563200488115583,8,1
6.976686566440824,-3.393181974294548,2.98872441462552,6,1
-5.529379166312763,-6.234030130438891,0.27179514721309495,3,0
0.5526752169752402,-7.126838196287981,-1.9220779842536728,2,0
7.6132858352241355,4.119208766151203,0.602880111906626,7,1
-9.569954992479964,-1.9989649209628886,-1.062784349842653,6,1
-4.970785908849954,-4.706174150110355,4.047504480917253,2,1
-2.9897008654364257,7.895717114606428,0.7665722675997538,2,1
-6.528337467697023,2.5171353233931932,0.8864613906526807,1,0
-8.245771824242295,-2.4869570719926526,-1.7643992935331878,1,0
-6.663813018458269,-3.7595759512064797,-0.8929803810158786,1,1
7.52691814057808,1.8357750982277754,-0.7245765313069376,4,0
-7.0106239974292555,2.9605023792951224,1.2103891890557172,3,0
1.2571890297851955,9.042725719463355,0.23641607503410136,8,0
6.389659695092956,-4.290859516577913,1.042769489775365,6,0
6.322043394036157,-1.8866000313805988,3.3504684950839416,7,0
-1.9391735772804533,7.934520076376989,1.5492128792947664,5,0
4.223135162573953,7.683260417080799,-1.06763400327027,7,1
3.6112398557982752,7.105730738942929,0.43852813222110654,8,0
-9.541389646751815,0.06410220921952403,0.034112802847190794,2,0
4.935602626077046,-6.648726386236539,1.7616116759882499,6,0
-7.906338945247939,1.2508345442601099,-0.3700413850638578,1,0
9.06000682688669,3.232745721237753,-2.272187344641709,8,1
9.891365527957715,1.6275759466807496,-0.7042083334162687,5,1
-0.49988246768863,8.972593096192135,0.9135246967107811,2,1
2.5649787519943925,-7.4339657840648785,-0.24917241616106242,5,0
-5.260440549303476,-5.6327711171066115,0.4917671919566207,6,0
-7.573151282608137,-4.263507180921383,1.2711065622510327,4,0
-3.3701011167265746,8.264179829864801,0.6842739121878515,3,0
7.2462397062849835,-4.262571436352723,0.49570280488960616,4,1
-5.153361075407608,6.172135124046592,1.072404331537408,7,0
4.462259809421896,-6.543755858900653,-2.537328244675438,5,0
5.548466632632659,-7.0780515371911665,1.7847264668734086,6,1
-7.5361712252267665,-0.06156367042837352,0.45838923044973695,3,1
6.988343386975452,-5.6875455428171735,-1.043838795281508,5,1
-2.328821072134506,8.03999204562817,-0.24944707164517743,2,1
-1.9951926564436464,-5.963073421726789,-0.7926547708660561,2,1
6.945131949066103,4.558697786730266,0.5791256728889507,5,0
-9.644064938711447,0.18201957355714948,2.3783219128645685,1,0
-0.8803525257172469,9.561937530784997,0.14399713929372632,2,0
8.913347825908033,3.466508220526252,0.15605313646837332,8,1
8.13292345451551,-1.364342642634563,1.6394568790347679,8,1
-3.8401176280564413,8.926092139594134,0.7812746215517655,2,0
-6.635820784578448,-4.831320384601771,0.22638254380000086,5,0
-9.443642406596807,3.6011134474509197,-0.29946274032327863,2,1
-2.6266471297351472,5.823766390440879,1.6560234325139156,3,0
7.063508683974231,-1.7196473671145553,1.5133094838407173,4,0
7.297646612396523,-2.7598418768770343,0.5300846055804639,7,0
5.130369065712453,6.457073648884895,0.5192143364744262,8,0
-6.809881155712526,5.129994903257714,1.2599937083615074,3,0
-5.10624243283132,-3.3925731120879337,-0.5218664547871988,5,1
-1.3928443670836566,-8.860328604782016,-1.0521298896537967,3,0
-6.368334892967649,5.744113352089925,-0.6371682551909155,4,1
-1.9064155671465093,-7.70325411215118,-1.422323792150556,3,0
3.7816808083793743,5.788233499042516,1.61301071873199,1,1
-5.284871936703924,6.5848125479087,-3.0064325072593228,1,0
-1.070231395219118,-5.5186945393845654,-0.30272140219245364,4,0
-6.710534330183845,-5.831388025113306,-2.1772624715991746,4,0
3.44380320257713,-7.698591139700464,0.689313093419429,5,1
6.940811619694974,3.1454791499562313,-0.44535821330009095,6,1
3.171084597586171,9.363431834235403,-0.4315818619560496,4,1
8.047474164293856,1.3900488095637378,-1.4666868106872204,8,1
2.47922462950757,6.674828976400359,2.6295057846573915,8,0
26.351065611600536,-2.113264284489439,7.43743244296466,8,1
-9.338152264858783,-0.8031542806531822,-0.9171012772707936,1,1
-7.190786584655943,-0.18268076626081986,-2.1481566963304135,1,0
-2.99516743990875,-6.167449052336619,-0.03594483721005795,5,0
-6.080866828953978,6.088421085792489,1.5350594441912409,3,0
6.853874619671416,-1.6834320177350752,0.23279104263966435,5,0
-3.2448595981099038,-8.108253903872182,1.7690397431092058,4,1
7.473735235706928,2.795976433766246,1.8655330138781763,4,0
5.582601761640468,-5.0240286224337085,-0.39895659987594867,7,0
8.751170129992312,1.3298724407552627,-0.5465958576448358,6,0
-8.295803179909687,-1.4147409919791591,0.4347818846088866,1,0
5.7224989559259205,-5.102946206659948,-0.6144196249622789,5,1
-4.566277685543662,-3.3368531037162885,0.18584507828535224,2,1
-5.764283203013951,-5.743301507515064,-0.6454921157180469,3,1
-2.3127237925889577,-6.5124480286915105,0.5383329527155526,6,0
6.515550536522041,5.778902386323607,0.007987499411264172,8,0
-2.600998447772425,-5.85470268594094,0.9788396252656922,4,1
6.127044598304904,-5.577972030614125,0.32447162809260693,6,1
8.789856261017535,-2.19426889975614,0.8784216676429737,6,0
-8.211275191772758,2.748526140362356,-0.787328198420331,1,0
-6.217417262539323,7.4581974437122955,-1.7771819187956566,2,0
-0.7965664522832828,-8.469761367695876,-1.5921746520136058,2,1
-7.9247531623098695,-2.0898386869810883,0.33416934085819744,5,0
-0.7106963631081832,7.924204477815801,0.9796507391510795,4,1
11.644344267312446,21.30899087666769,6.114471037019922,8,0
3.0706866283415053,8.09749688589465,4.744149177200497,5,1
-9.842679979379593,1.823844205033114,0.420580034525601,1,0
3.379648928257854,7.43225533932913,0.48889955099112303,7,0
6.484383072036557,0.4888629551760761,1.1578388452599384,7,0
7.472993375338761,3.641848341754757,-0.008302076608972064,7,1
7.568328491582005,-4.594972768754071,-0.023909187455828696,6,1
6.686511734056161,4.426374738938396,0.7878582516646565,8,1
5.968327455086455,3.4715630369685275,-3.729390515065799,7,1
-7.6358202825895365,2.029470488283446,-0.11148674618626056,1,1
2.9419995532234653,7.583477769653509,0.5329263607708958,5,0
8.230993460425925,-2.624387804637441,-1.2259920217584057,8,1
7.308793844214348,-3.37390522479706,-0.7425731469452738,4,1
-7.197345928312546,4.4526334298496115,1.1637789794343005,1,1
-8.483787289058727,1.3882930966884894,-0.5976445300622508,2,1
-4.624096952793238,5.098812283131327,-1.1821932568536988,4,0
5.3610303543825815,3.650808662757001,0.08205199116730769,5,1
-2.9298908317836316,7.465467610276573,-0.976115929826308,6,1
7.379845441234498,5.431818696890658,1.8887841473738947,8,1
6.238052035539366,3.56997488028437,0.9527618692075859,2,0
-9.056994166297137,-3.1516055206989946,-0.2546134882422402,1,0
6.871243124829585,4.9574384898132315,-0.2660248601362384,1,1
5.903175180028809,4.840939663527361,2.879916499702742,8,1
-9.777322625196131,1.4372092024911598,-3.7097529248284005,1,0
-7.31827256048567,4.811690308045813,0.44394484984809396,2,1
5.197910389925043,5.144976226973291,1.5858893639227993,8,1
7.946151354405404,-0.1041965458573546,-0.39356884559925714,3,1
3.240185576844862,7.518840728760836,1.2955868767272338,2,1
-0.5517423345580134,6.332847965928502,-0.7448033684261788,1,0
2.7469180656815233,-6.221469273991104,0.7366012937169701,8,0
6.9764741361917,-3.2400530456926244,0.004079217677702655,8,0
-5.630401229414629,4.72411792753773,-0.7259363424413018,2,0
-7.431891103074206,4.690863927495029,0.3280907920238242,1,1
-0.6614047973217942,-7.248849138868103,-2.086157887207329,5,0
-4.83988375098657,-6.187300667067278,0.23767990453145696,8,0
3.014447182118273,7.206038330430723,0.014647838105556331,5,1
6.186157090668925,6.177315057374921,-0.10071856215962406,3,0
-9.740360464348397,3.0868088892131142,-2.4146960196720517,4,1
-7.424955468158438,-4.540764576525567,0.14080676308217435,1,0
5.8210452712925225,5.397994031436009,-1.2166308655092952,5,0
-2.5054939822632676,9.554890776761159,-0.41436935911533623,1,0
-1.744479793758365,8.085344828142016,0.22493512443256153,3,0
-0.18665572424636584,7.81517086448382,-0.055398040490077835,2,1
-5.758715569866283,2.7546008722589583,-1.0920284023753315,5,0
-5.3263859072547275,-7.961548177600651,1.6854139677220974,1,0
-7.419242801427602,-0.5275823916132927,1.922829110267069,4,1
0.9734638156992168,8.059343973018896,-1.6403953952508803,4,0
6.115175161251542,5.3516565991718865,0.30753169565417326,6,0
3.9328089423280606,-7.806349818347449,-1.3992141342735138,6,0
-7.29961666224961,0.5394259707574218,-0.27583852658823377,2,1
6.96507595747336,2.5124321808991312,-1.6852816885204447,4,0
0.722920475291291,7.709014082585838,-1.1488191492469004,2,0
4.036600567930905,-5.759874157152333,0.009571937472809985,7,0
-0.6519462907781743,-10.920524705428855,-0.6937588619525872,1,0
6.73031483441943,-5.969726173370388,0.19623899409018294,8,0
-7.276081794770074,-5.375495852868893,2.023287948075211,3,0
-7.4944637223899475,5.022586664389279,-2.5896550663360243,1,0
-7.005074902361329,4.842105843751256,-0.8076253845226644,3,1
3.2513614052344755,7.200640908060079,-0.6319556957088548,4,0
-5.060089834790967,-5.9340511194668935,-3.720136438716158,2,0
-6.0637506674430055,-3.0785130347220067,-0.1352790281708951,1,0
4.240763784538296,6.788017212870584,0.15843770755219835,6,1
6.606913078310123,-5.6494189296713495,-2.7255197755675504,5,0
-6.554936072661915,5.077914768122533,1.0286234173822686,3,0
7.37146416284638,3.1218513732246076,-0.1999068481638409,8,0
-2.5013718884193143,5.705098060293299,-0.5233255965594786,2,1
4.87377936108476,-6.194539468861464,-0.2104502638986966,5,1
7.730195227787452,-4.5154833797573675,-0.019699684029598593,3,0
-8.415178626767563,-0.9296570917702467,-0.45563677184990786,3,0
8.184275128120834,-2.328571181243697,0.7790501969648304,7,0
5.011397322328557,-5.907766308048611,-1.2137521972352086,5,1
4.769248777452099,-8.12766663795895,-0.8467991150179657,5,0
4.2464945729290555,-4.921132911961154,0.5090453898160705,4,0
-5.820099053795097,6.077033557748127,-0.40112397985607245,8,1
0.7268268135541955,-8.02872721793242,-1.1671388827653404,4,0
-7.422207305074261,-2.9047266263475984,-0.40505058283859574,3,0
-0.35231344303502987,-6.771117843365259,1.0325629249271067,2,0
2.321121209386835,8.495446925075381,-0.18433904726578773,7,1
-1.2910503969960574,-8.700424186665813,-0.674040068343417,3,1
7.548356369409043,-1.2753740344079458,0.030143514213556228,7,0
-2.058640663004355,7.3106332810974095,-0.6438804462429362,5,0
8.807443033699812,-0.5548709581858442,-0.9782536267377827,6,0
-6.348538009954242,4.827561441066452,0.67732260646147,2,1
2.89558537388211,7.521628024604201,-0.4114314151290633,1,0
4.71471557155972,6.0345704340635535,-2.0265463296085704,4,1
1.2630025117324244,-6.215631847626789,1.009932377416076,3,0
-8.933004484021156,-2.8823528451505926,0.5172711344823647,1,0
-3.510432088823544,6.514660659459638,-0.4991702627579617,6,1
-6.700254502513682,-3.268566025141352,2.918906310892236,5,1
-3.8028737423663195,6.167254454526147,-0.7209101221454302,1,0
-9.411167182340616,0.8291483379788303,2.1251274556531006,3,0
4.665391721696822,-6.711574619721049,0.6386057739405667,4,0
-4.158585551368404,-9.237773190604281,-0.823826010700615,4,0
0.5310721872119429,-6.947994500847065,0.40368079435162507,3,0
-5.301331752095127,-5.901418605216852,0.8296137503992522,2,0
23.60112683734532,-2.8027311426260164,5.78461832015388,8,1
0.5772889929513443,6.76857839049679,0.24351880657220207,6,0
1.0650560674876566,8.01967789240235,-0.9001006651813537,8,1
6.561685616915662,5.9873721261554556,-1.0077940170551316,5,1
-7.559645597917955,-2.2631773253930243,-0.4096397466552616,1,0
-6.805907864704902,-6.5988524584366095,-2.95008165921318,4,0
-1.8140759464027063,-5.7219477191703065,6.316264734827198,7,1
-3.4585876276727854,7.149034037862527,0.10266721401117158,5,1
6.9999150892299244,1.5267360511316985,-0.11163376613947124,5,0
-6.751840850132241,-7.474947099507575,0.4115747333099351,1,1
7.440844150650536,1.8889199483329073,-2.4053781476809997,7,1
-0.3122731741589877,7.237401445025766,1.099954074962501,3,0
2.552067710791134,5.680239232110236,-0.1267638405431523,4,0
-1.508169410136035,8.003184165089895,-0.3193006393846816,8,1
-6.347952796466123,4.524011341084914,-1.0997989109680348,7,1
-0.2433104802695054,8.55589626366587,0.6529850068932257,6,1
-5.278448162167571,7.097809414208377,-0.05007223296465741,2,0
-5.675752244662177,-5.646800509714348,1.8985541210185877,2,0
-4.119329141917511,6.684657394355733,-1.827334284159419,4,0
-5.559184264721211,3.2906904720820522,0.1305419917319926,6,0
6.683358120161857,1.7209814553939868,0.1651998370514437,5,1
5.516782122899955,-4.3511979805218965,-0.9836976302124729,5,1
-7.044093862779645,5.727630789415192,0.7112040555973765,3,1
-3.629460986279076,8.08436090594907,1.3866303631092463,1,0
7.149335626669436,3.600700711789975,1.5092200964537448,4,0
-5.187504924813752,-5.244232450508761,0.4423149667907475,1,0
6.4394475693695625,-6.17209472938337,5.573732628266608,8,0
6.086535768134605,0.327809166388231,-0.649341229415633,6,1
4.566014910267137,3.991723523905962,3.1146802319022635,8,1
6.6429740821183865,6.96074971072757,-0.6500407089477085,2,1
-7.039932832354788,-5.903954558542751,0.7967125105646407,1,0
8.068160051092693,-4.913350743578548,1.0128475353199877,8,0
-8.414414760328297,2.283054407147414,-0.16663312071620526,1,0
-4.332833378284243,7.270977546636376,-0.7286618246518819,1,1
1.9875979682930711,-6.915436547139428,1.661590012808306,7,0
-0.37261029231772197,-6.970759799988393,1.512922696651923,3,0
-0.5079566787321566,6.1774723755579855,-0.4252937690248281,3,1
3.5803543935355395,5.9705286471778,-0.4634365743157039,5,1
-5.646080996446169,5.27431295260568,-0.06538653193249681,2,1
0.8203134682154829,-7.276688110135316,1.2992597759207303,6,0
-0.9916480928401437,-9.25347135782468,-1.5484524464077811,1,0
-5.32307141565933,-7.699127273460358,0.4213064208531809,3,0
4.5945757130121905,-7.229193413862129,-2.825959348090936,7,0
-2.081232509098694,8.600781230960397,-0.8192081166989037,8,1
-3.3167927731950595,6.744368511233502,0.7650396880545772,1,0
6.90236567449154,2.3734788265364624,-0.1604779710452304,7,1
5.196981834264761,-6.115737447828444,5.350005226506323,6,0
-7.463201571276215,-3.0356177873265704,-0.579320581976252,2,0
-2.1323213343633354,8.67278905240629,0.5925215017840245,2,1
8.587381289107524,3.8386552064487036,0.5207626823437179,8,1
-1.8368518399143023,-6.848279670663412,0.14381927123090907,5,1
0.4022061788232718,-5.396380532720661,1.4826555330549687,8,1
-3.7111221256168196,-6.21821749720342,0.02736228473573687,1,0
2.581128770982903,7.565930511415102,-1.3480339285289427,1,0
6.581066969451189,-3.8550133707395053,-0.577563007772333,8,0
0.6799046851950841,-6.8440372657057935,0.7100102860126893,5,0
-4.072557560990562,-7.156413127140181,-0.4519556127559203,2,0
-4.990668298806487,-7.822847415711613,-0.933909847966517,3,0
8.259657453955134,-5.064506667873368,0.7697809021872735,4,1
8.169417348544526,-3.2064835809253824,-0.3862698736458313,7,0
-6.294850524571684,-4.640578527691899,-2.0002893044718286,2,1
-7.716071089550488,3.0313451364623827,1.1863024314632498,5,0
-3.514127742233902,6.156743323994221,-0.21208504099077838,5,1
4.489549508113937,-5.873302774561345,-1.036316725789645,7,1
-5.329763192313839,-5.885556193295611,0.43284135481300945,3,0
7.1206313109151145,2.5758270538033923,-0.8087581489075029,8,1
4.828768837463628,6.821069683498071,0.870427357607844,7,0
5.978594612285347,-5.019562466407623,-0.3443647170046844,5,1
5.810809757223733,-3.1978614312067166,0.04915089466486165,4,0
5.802361490066742,-1.8827299493949026,-0.036655723530939585,4,1
-7.445303414449933,2.8630073144402215,-0.43689966999419805,3,1
1.4211730050743678,-7.150119101446127,0.3168367501135539,2,0
4.500130974163521,-6.86698145342006,-0.11180538754093866,6,0
-2.1165604739891526,8.596887444805594,-0.6289211357851935,2,1
5.706208289461683,5.785437640166896,0.4093233245858602,3,0
8.49304523423897,0.34973798859166694,0.1681472071033863,4,1
7.040594480477454,-0.05956658612671806,0.3989296111949424,6,0
-8.57271230937372,-4.523436290648412,-0.7983496676133979,3,0
-4.395605860329536,-7.660183480470636,-0.4807034250803348,2,0
-2.2786063639167704,-7.124235488152718,1.6153355980676465,1,0
1.0666302951410636,8.365535027922101,-0.5712912460990596,8,1
-2.48733615831931,-7.4145042943513735,0.701411824704777,6,0
2.346534561330322,7.274754762158381,0.7631362932863709,7,0
2.369503397815534,-6.933318434702206,-1.7313433253519175,8,1
0.5417969124354545,8.97074479903185,-5.652674503195203,4,1
-3.0362412586632863,-5.831060310183677,-1.746474211583206,3,1
-0.45692448917700346,-7.689546553159122,-1.9543605272457678,7,0
4.423595143049832,6.528236738210662,-3.0791643168531126,8,1
0.4440907823990733,7.5741842965771795,-0.47520317640468357,6,0
3.3837636134490143,-24.167313620594864,8.835006682221678,8,0
5.5648182404372974,4.004503162198081,-0.24374439867673564,3,0
3.425393514996108,7.237113736422303,0.3172624213518016,5,1
-8.689956157201435,3.236475233708833,-0.32076894993779437,5,0
7.972762290565093,-4.439144875595584,0.6855393709684535,8,0
-8.697055144241311,-3.9844756751383343,1.8733805329389963,1,0
-5.543776582676483,5.464356298217866,-0.36647495738920227,2,0
8.716316872261645,-1.4100376862718575,0.3918783567039454,8,1
-8.717681928179157,2.727151299650714,-0.6589038396311068,3,0
-7.870000356551827,3.421987612887965,0.9018319649598117,3,0
-8.34847432201706,3.6467906865883597,0.02672661579156016,2,0
-2.0372077743322343,6.680900805501688,0.12923572564216784,3,0
-2.8485038232835795,4.781109028364841,0.04527296776701414,2,1
-3.605199454266737,-7.568857932677701,1.2728928582207801,2,1
9.480653446736344,0.8611107529622934,0.7647182759278103,8,1
-2.6523933891076528,-6.220093774905605,0.45310407246094664,4,0
1.692994648959704,7.2534194483808765,1.1734778898483398,7,1
-5.8328586992987885,3.838806324987197,-0.23012622856429413,4,1
4.386800761304116,7.644468651143777,-0.5010668473699219,8,0
-22.750818043096885,-8.401710403104216,8.569207162218955,2,0
-0.921977807459953,-7.351853999725135,-0.05424244373543644,6,0
-4.117155144559383,5.775422177943726,0.11357835490696216,3,0
5.675357342143956,8.16142893209456,0.4995072330517194,4,0
1.8539313989017177,7.070031909861314,0.8669737601905819,5,0
8.641149006744277,-23.300520132647915,8.817646024922645,8,0
-0.8245400968563433,6.182371905918232,0.870889727051529,6,0
1.7314014224296228,-6.616369250563048,1.0749953733954412,8,0
-3.330276757677577,6.3051575095138865,6.151456377206824,3,0
2.2097339282228163,7.714375857441594,-1.8993641966139831,5,0
-1.290039595000246,-7.475786487708261,0.9364974452926433,4,0
-7.242544359906778,2.662716782091212,-1.3584322126595012,5,1
6.7138914648535035,1.7836849792753007,-0.986013106210702,7,1
7.384469989991002,-2.090957400053741,-0.46422061786677876,7,1
5.657576955470639,7.378244102895442,-0.3216875425769686,6,0
-3.4412972709515035,6.795590863739818,-0.5377049460940768,3,0
-6.104073783014513,5.045355271481999,-0.6225800379995641,1,0
-9.71711826116935,1.8706557592845148,-0.007450594985141983,1,1
1.4450221806852819,-7.296537919721971,1.0643944626557769,5,1
8.673139984509945,-0.9392593693557731,0.49228626886130733,7,1
6.367301590992005,-1.7463752987150714,-1.9295622807660364,6,0
-4.573427501778507,-6.932186765388299,3.1486070514616706,6,0
7.492120824303829,-1.3548587181400964,0.438934390844682,7,1
4.221368030321573,-8.75959113397364,0.26417450256143277,5,1
8.825967493885804,-2.538090299258827,0.057476932568744664,6,0
-6.594921916979787,-5.934599305776437,-0.631626545831905,3,0
-3.9404356543523305,6.725869570592004,1.266453905704779,3,0
-8.948682191167029,2.5762416533757375,-1.0287053304991745,4,1
-1.2436215141991593,-6.68460982228973,-0.27569682564483805,4,0
-7.913581739261232,2.536639985034248,-0.9620038969075774,2,0
0.8529072064892964,-7.099257968387637,-0.2096481296083905,3,0
8.111834582832087,4.612939732671585,1.4097994712046251,8,0
5.107460529366163,-7.859097107818032,-1.7414982256910954,8,1
2.433654717559474,7.957925010708974,-0.61584486158423,2,0
8.891409792361802,-2.4407722880951974,-1.6866927264249532,7,1
3.8484380134927525,6.6961001949963705,-1.2821972760356257,5,1
3.8305134823933056,3.4819407514320337,-0.4164697466558665,6,1
3.863812424565616,-7.777724320150436,0.5533593999720806,7,0
3.0856614666491873,-6.43521212268777,-0.4799714632126507,1,1
0.8324668110471223,-7.445567844041129,0.5837661689472171,6,1
9.683326140544146,-1.4609926356478962,-0.7644213825429119,8,1
-0.7273573999036613,8.173861191969657,-1.101436177415992,7,1
9.394562735080623,-20.531196386005107,2.659525405484433,7,0
-7.230338731468124,5.825064724562917,1.676441204971156,3,1
-7.757216986818084,-2.6523700138759203,0.31381315489527056,1,0
-7.988965157926955,4.520882036484118,-2.140789006872427,1,1
9.09862025173174,-0.3918396784357523,1.2061945161316405,6,1
-7.609850756209509,-4.884820587076923,-3.4810831061805905,1,0
0.5796311623824021,-8.248760153391148,3.1900607291879757,6,0
1.6854904763816374,7.218592977796818,0.36691397739982096,2,0
7.7126416541379115,-2.3675991698738343,0.48697109323549664,4,0
-7.927864856098567,-1.8914442509904568,-1.8577559084505173,1,0
14.269776188997033,22.513191952217117,4.2495142461273865,8,0
-4.145972747017996,-6.889860364748738,0.5586243377219171,8,0
3.544834300519953,6.017616972315242,-1.1588229600103028,6,1
6.90893582113036,1.9011162741474332,-2.2493615416048596,3,0
-3.767607656442343,-6.097845689633888,0.7508487536376311,2,1
5.529457015606649,5.844512337267544,-1.6991186133383553,7,1
7.800813473489692,4.9238892236191445,2.973170579810566,4,1
0.4886117543924776,-7.452949241664475,3.3568745380034586,7,1
7.640033617123635,3.469781143112896,0.4339142043924348,7,1
4.774143847705988,-8.079744076820303,0.457116643287982,5,0
1.328119477525014,-8.683954298340776,2.8084074783091695,2,1
6.039657360879754,7.337882774977854,-1.861151096688018,7,1
-8.483745356755822,-3.0578732096456185,0.6424245015409205,1,0
5.895617928465059,5.11186302059021,0.5326572143119808,6,1
-5.448174905014204,-5.739109735977137,5.52251819594116,3,1
6.859393245151719,4.095514865014365,-0.6007822811961652,2,0
7.861358557299898,-2.1479777202410104,-0.7346388890687693,6,1
2.258860907515343,8.24387980718096,0.39027614981606273,2,1
-2.815453049945783,-8.227441861953663,0.3757130090391641,2,0
5.911728735613934,6.5641317458198465,-0.3185439959766176,7,1
3.1643015847252087,8.159702929192415,3.11546630434424,7,1
-8.588317910373332,1.6153766236239564,-0.9507355370572754,2,0
-7.606135397503914,-3.356934392980752,-0.45611227468742443,1,0
7.877559839976611,-1.180871349952438,-0.08741227733573,5,1
6.764369759336767,-0.8010834026661382,1.0226111475565156,5,1
4.8805094648369955,-0.11597737813113368,0.3470049459564837,1,1
-2.396967259453701,8.258052345469572,-0.8000536865797168,3,0
-6.312186804164432,6.112194792756451,-2.0068981671438153,1,1
4.497497620168772,-6.646304530417128,0.7386495626084382,6,0
5.625815802833719,-4.4019487804075546,-2.305315244955752,2,1
5.667321610043161,-5.204408956703257,0.5220295652447347,3,0
5.638485727407481,5.92783734778914,-0.15103093948734095,7,1
-6.77451986204252,3.1030992290404136,-0.3261988826516755,2,1
-1.5513082846371142,-9.496298718191694,0.0066106076443510865,1,0
-2.417376816542099,7.050990138370787,0.5277479336216,3,0
-6.019433253723637,-6.903520176629704,3.079140192275227,4,0
-0.6032538462103164,9.634288940210066,-2.2093126232211904,2,0
-4.139771253963836,7.84527862513871,-0.37172882453615874,2,0
6.204976757600612,-7.105245803088249,1.8760361519550945,7,0
0.050460216576958046,8.55342698318965,0.08382956848351873,4,1
7.915398445376192,-1.4171862028832343,0.2581874792330324,4,1
-4.0990167259627235,8.059400554849937,-0.5022054852195333,3,1
7.426578312354609,1.5278000788425306,0.594776471147119,6,1
0.67368148160644,8.665015901181,-0.487362320790012,8,0
4.149563903439344,7.681558921948547,0.7821955835184419,5,0
-7.304230118262948,1.1524456363956777,0.5826388568079226,3,1
6.0421379754126185,5.3677951142255536,-0.42638045924696727,6,0
-4.687384556246036,-6.184399056353952,-0.4097142497207621,2,1
4.31799829796341,-5.167210278817861,-0.11702183867739706,4,0
-5.402329738255673,4.875103877182223,0.06974157974531177,4,1
4.420790162441917,8.404772939141594,-0.9800425366129306,6,0
-8.102616929647152,5.723590486258965,-0.72774799792329,6,0
-0.7445267204702226,-8.196875467440615,-0.42476171713256095,6,1
-4.873744585618873,-4.6778879308874295,0.4759193530941055,5,0
6.528131083152184,5.511516000537186,1.0284747572358632,8,1
-9.49908885393569,-1.7801736655391733,0.816118509850066,1,1
-7.775483322396107,3.4557953044820167,0.6204063970292941,1,1
-4.961943538490974,6.697684749976277,0.8340088199064534,1,1
5.230601448434605,4.071197437622408,0.42678209116341115,7,0
9.071131698985887,-0.9205390916275236,0.009860783376336744,8,1
3.0295520639117304,6.633861579533091,-2.4601220329060225,6,1
2.2531475271743444,7.014055935133712,-1.0794358992175948,4,0
3.615635187855841,6.080419769430719,0.6708016788803289,8,0
-7.593686373425982,-4.172808234056145,0.1892143451450532,2,0
-7.349084250531671,3.012618341071494,0.35272350468646396,1,0
-0.5343887839336988,7.855834884316193,0.3841375320318462,5,1
-5.067604455153379,5.552870623053984,-2.641374762465199,5,1
-4.752058265864936,-8.00846138887868,1.6142207957890993,2,1
-2.642330613293538,8.898886700748848,-1.810555587127522,1,1
6.493687426897494,-3.8220185802547624,-0.18935911913099718,6,0
-0.7765070312863933,7.493390211557397,0.8104670187985373,6,0
9.197573612053247,24.57118352345134,5.23760852924202,3,0
7.088043468463173,-1.1936187326820498,-3.8688664012902305,8,0
2.121477774224244,-6.087912471420488,-1.511329915208371,2,0
-5.006386249957841,6.1908410898289725,-0.06554746012592241,5,1
3.258720792246417,-7.640045087122714,-1.0336909822266707,1,0
-8.370931741881886,-3.3748547900612302,2.2579865728769875,1,0
-4.80258295717543,6.0587562131565456,-0.9399519136903075,4,1
5.060128355874642,-6.342083829644454,0.012975568515394182,8,0
-0.5988126571180495,-8.457810548216864,2.4423431243756393,5,0
-2.6049428134953923,9.12673926707422,-0.20072035187983311,8,0
-7.091482381501834,-5.689409641761312,-0.10127538825933294,1,0
-6.582577454219169,4.370648540198241,-0.179350343351583,1,1
8.306828869687722,0.25578085432659836,0.3345913143776926,6,0
26.46462714017258,-4.170197846468347,5.946140027606533,8,0
-5.217076267442041,-2.5282698896996503,-0.7538422047006988,3,0
-6.778660181204584,-5.938542122913425,-1.0654619159639347,1,0
-19.05126183614266,-14.479322043628567,6.955431401242067,3,0
-6.947160316299037,-3.6419052485279693,0.2064885875540562,4,0
-1.6402442033552553,7.953266472451612,0.22527359464437635,7,0
8.011792694783868,-2.104422798673786,0.26675216099774657,5,0
-4.584696436222968,-3.486901150387168,0.33376763167563644,4,0
-4.92372499563154,-6.312203145261371,1.7138268794373264,5,0
-10.557286831399944,2.9105404294384893,-2.0812001166126177,1,0
-3.7553767401958655,7.2497312021723195,-0.5727667098120814,3,1
6.0419470427971405,2.9315127836974475,-1.6127900969550484,1,1
-3.8728444865208447,4.608014695061995,4.763810769210506,4,0
3.2232079316664164,6.639557164606494,-3.2910439862492478,6,1
-2.6165719779544174,-6.37852391859802,3.8280704371616863,4,1
4.6201424907712365,-5.984063340395564,-0.564881122770823,4,0
-1.0473516748714984,8.278888917618099,-1.2961284963226978,1,0
-4.898597599836621,6.672432421732396,-0.30929494006631086,4,0
-4.073072790980536,-7.5572436460470795,-0.8159614644289459,3,1
3.0216480746208165,5.772920800927922,0.8151623346123705,8,1
8.615730334264288,-3.812944203767808,0.969310316341689,4,0
-5.350128281494149,6.179590673523259,-0.6308388454168599,2,0
8.65465588803089,4.759799015950597,-0.4360196478241586,3,1
4.740014615048039,6.522646952700781,-0.9776408273321957,7,1
7.036908309809466,-3.268284950321368,-0.7773968347263234,8,0
-0.6293404881482095,7.794971808657973,0.03508872392440842,8,1
-3.3018418589127845,-7.615406627631362,-0.19251330518760243,4,1
4.448193430613055,7.358122038563545,-1.5395872181487247,7,0
1.9278783280519762,8.607044802664715,0.6455093037843682,6,1
5.878353602528904,-5.669349725536761,-0.5531233374875972,7,1
2.7737534782972415,6.039921693636473,-1.3427248984318827,5,0
8.316136605249378,2.6856734866118237,1.28215787737493,8,0
-7.4318706988637135,1.064229985528256,1.0524986952185726,7,1
3.9951438298435877,-6.202659767587294,3.5461231095067576,7,1
-2.4554926808320388,6.217564888746821,-0.30820963204313273,3,1
6.508570910733686,6.501444928656913,0.22839721661462836,7,0
8.224915217394722,-1.2200241255371473,0.8145844596585208,6,0
-4.540136214763035,-5.391922410087975,-0.7950956769663294,3,0
5.36218515867884,-6.11105402439993,-0.10940660126580798,5,0
-0.3053716913935611,-7.961406367036007,0.1333055314357832,7,0
-2.391294857004339,-7.180810432417035,-0.5661460318098822,6,0
-5.25203486200146,4.524440246333576,-0.347641385339015,7,0
-5.0689301783525185,7.227333099681458,1.1632454399401457,3,0
-3.3961547717065237,-8.15187952397547,-0.6666188060202077,4,1
-2.1702048102981912,-7.333916586946252,1.1695795563949711,5,1
9.600136455452283,-4.388581864735748,-0.42523091016071085,7,0
-4.9928569991240135,-3.5782358641252108,0.8560690205694309,6,1
-1.8658247769316012,6.272809022135811,0.7162275151113683,1,0
-6.985820065446377,0.5674328483156194,-0.04086048097004442,3,1
-6.104913775299543,-7.179212663011576,0.9921299091169548,7,0
-7.093307712294919,4.4000670202676,0.7363890379536939,5,0
1.8083571562715863,-6.560105049650576,-1.3353768283521346,7,1
-5.762917520855458,-4.696680088618886,-1.8310006480862078,4,0
9.581058455594096,0.519308568447953,3.339054317753439,6,0
-7.192294217706177,-3.2999692531728466,-0.8765724562521976,1,0
-5.273618745036514,-8.58437982213944,-1.629288711208938,1,1
6.707105236515547,-5.4249691080344284,-0.5043992870227896,3,0
-5.226669945143561,5.713589938688388,-0.5227862105001622,5,1
-20.864705899313712,-11.68058792324511,5.535765494775939,5,1
-8.909501614671143,0.5940212823283774,1.2096634220190672,3,1
-5.899629194313689,-2.2729516313355793,2.904396259067357,5,1
4.939678124611101,4.313301945894082,0.2677822077729986,6,1
7.891445470556411,-3.152837491081735,-0.19228503653626014,8,1
7.804054519319186,-3.067580386237765,-1.0166122779445266,2,0
-7.585091717258058,-4.455489186709844,0.6988070207030569,3,0
-7.472320537204792,-2.1617662796534596,-1.3396033905813547,1,0
7.347286102933828,2.6495972968219363,0.09624491917765517,6,0
-7.49626843068747,-5.620289518203117,1.3691768569058098,3,0
-5.3822117970685035,5.319110072557604,0.35806115761601576,2,1
-2.0386921342359523,-7.455046742664538,-0.5861635555636927,2,0
6.6710085841403055,2.9768706550245003,-0.34378690608863677,4,1
-0.1866212170709527,-9.288871981322973,-1.6672545959012675,1,0
-1.3740382808045444,8.325038185597307,-0.7324061099643739,1,0
-13.580147295730166,-17.58892240102346,6.600316991155539,2,0
-3.544769930565353,-5.965394677346715,0.062023995952145757,1,1
1.8331441553475094,7.9996912716615425,0.2531329425620565,6,1
-8.07866730313757,3.1946580582235633,1.240934123701319,1,0
4.771196887953876,-6.652749732157519,0.33319176810340384,2,1
-7.184150277021806,-5.390281753709017,-0.8220917595412226,2,0
6.809484125531509,2.506299942052366,0.37941060035658003,4,1
-7.177251911441746,3.22667806626574,0.62726334811419,6,0
-2.0480849929088842,6.547350476505185,-0.08877693850291749,4,0
-16.7172854610873,-16.78380608794172,7.322278481163829,1,0
-6.179856976688057,-5.243902596431615,0.40346040483206597,4,0
24.648987313997416,3.558320647320203,3.743745365265703,8,0
-5.065485374593635,-3.896398956617455,-0.5847515167272492,2,0
-0.7338222339500508,-8.836216944037057,0.5492292577816718,8,0
2.86451552611381,-7.088356586207928,1.3214790100119318,3,0
7.000351051754653,4.320886565439156,-0.6320503650694362,8,1
-3.1819681655779326,8.960324765763863,0.384646427056332,3,0
-5.562784083905546,2.8763260621089852,0.24004299008866728,3,0
3.998372215326963,8.01591376848606,-0.5245524342500819,3,1
-4.413240767136502,3.0793618770915856,1.201307613220948,2,0
8.646803273542613,3.4748671968835043,-0.7881081808535507,5,1
4.818406266534209,5.102960474160982,-0.7420262407815843,2,0
-3.9089274400433522,-8.037501161555731,-2.413878770518927,3,1
-0.3191301489859952,8.932861327599062,-0.12978112212585036,4,0
-1.6827962053058365,-8.307780675928782,0.8087403787330288,1,1
7.488822088550155,2.376997732524266,-0.5645209450229689,8,0
-7.169802737308337,-1.9610638336611408,-0.9447101517638055,5,0
-5.938325996308184,3.640377762867427,-0.18372720924622302,1,1
1.7645924738940129,-7.488093747692915,-0.24124722827523365,3,0
2.8178027673975246,-6.520814177494021,1.6421696347725607,8,0
-3.9020253019082283,5.767542308243306,-1.214036810634863,4,1
-4.974209718037843,-7.029484130434995,0.1550785010840079,3,1
1.5546594668092406,6.845270898775,0.4029742254668528,7,1
-7.063117968233153,-0.8420987038922494,-1.074778616088479,3,1
7.283161368176833,3.045801120255793,-0.39541597962798314,8,0
-6.926325704549843,2.6783530183800286,1.6393986308862536,3,0
2.3209368153788263,9.39906786933793,-1.2524951588988826,5,0
7.013579714781253,-5.005720615956133,0.2297843345773627,8,0
-7.917179225297612,2.4038040502858977,-0.21277317994953635,1,1
-5.191221965542995,-4.012824353534567,-0.40985002101597423,5,1
-8.196971903630118,8.572791760327673,-1.297764946475176,1,1
-1.7451007989501723,8.107529413927267,0.4337652421027669,5,1
3.418841452075365,8.117924768206464,0.23155564446112006,8,1
7.551472275511488,-4.630612273480426,-0.2047794161387683,6,1
1.2167883134521642,-7.336474414232558,-0.2919945175037523,3,1
6.787355535155147,5.294927419955271,-0.3681176788432633,6,1
-0.89263804956119,-6.7772869486234155,0.8452152557936072,1,1
-7.431822354434938,3.508020644039599,1.0656713320982467,7,0
7.5894503741909,0.7077327340314186,-0.6566851983539702,6,0
-9.446900252969659,-1.9576993780618035,1.7861918204010718,6,0
5.705042977736902,6.056584668344019,1.87733231075041,5,1
3.1507100327843944,9.587235730991521,-0.5674930311262406,5,1
-1.1481312550085117,-6.629956910597457,-0.8660616008055881,6,0
-0.5076120572910154,7.368877311496229,-0.4114859767585262,2,0
19.480923051765778,-14.710466993750824,7.25539419843887,8,1
-3.5841094755564455,-6.0542451270167446,0.7233030926331465,5,0
3.833036689955185,-6.167575637023139,1.4031567672760568,5,1
-4.733711324106409,-4.417477270096323,1.476195532029223,2,0
5.402067857395476,-6.705029547816402,-1.0649385386381665,8,1
-17.59646730461476,17.93500479776347,5.124406686299212,5,0
-7.364615262600558,-1.911211366204471,1.7099598538269614,6,0
-9.37469146662752,-1.3014073779146,0.14716361935150168,1,0
6.825572791800848,-5.446491270980888,3.5319033458587694,6,1
4.5098948021066665,6.576342494698025,-5.0866428219250395,4,0
-7.78031190203569,-3.715120524426939,-2.6119779568426127,3,0
0.6149876696953279,-8.84542840348813,-1.8036404473755672,2,1
-5.720812283019608,6.297714896962759,1.6358566202149076,1,1
4.625040133425932,-7.572046903519531,0.7145800826417811,4,0
-7.122428594837283,5.3089227452262095,-1.9601272876510547,1,0
2.389044595310229,6.741334392905655,1.0833493038626767,7,0
-5.245220056929299,-5.409683673748951,0.09361240196140234,5,0
-7.306768309114941,5.961289761920229,-1.4520881521706104,1,0
8.371720847231229,0.39465597474512165,0.7880392310366215,6,0
7.085184505831671,3.8282540239685554,0.14090392080917422,1,0
4.392562277135955,7.000900625566908,-0.6228785441833525,4,0
0.21163246676745506,-9.31987720574026,-0.08351981344710004,7,1
6.3320410317201326,-6.425671851548174,2.448401026231346,5,0
-8.137082476390887,-3.1715288595845674,-0.07328211303611346,1,0
7.377902940972556,4.417287817756258,-1.2701443797007257,8,1
-7.41672295553441,-3.3207231107577684,-0.14486842268387126,1,0
5.058775240644277,-7.50570163741044,0.30471009861966086,8,1
-0.4519056769618528,-5.7887543356686235,0.9840108231892696,8,0
-1.1107624630900097,7.60634074655282,-1.6675238534827195,3,1
8.895089557492911,4.702111306929213,0.32026291593373235,8,1
7.657433936361065,-6.207191675536608,0.11398343829167701,3,0
4.623060773272118,-7.697000040425548,-1.1233869916105386,2,0
7.80594988719982,2.705030702644607,1.2181666279683856,5,0
3.264768470120536,-6.065995820191971,-1.4843177692966691,7,0
5.9863936992604865,4.915068590393508,-1.1918518786887977,5,0
8.196427881341775,1.6146003413524703,-0.223073166964915,6,0
-0.31629649726991943,-7.934460143439995,-0.5248643648323942,2,0
-7.162545051568298,-0.3881407296196815,-2.2184355886614426,2,1
-7.090223460104109,3.775398850845877,2.609923445047111,2,0
5.711732931244795,-4.213870232875584,1.1983126449494914,4,1
3.9598990566987586,-7.047348246044326,0.4216818815299034,3,1
7.387467697925907,3.3852316602754398,0.18193037889335434,7,1
-6.528338186122854,-6.103523372307805,-0.6765455457193752,1,0
4.22028644506549,-29.899445340958437,4.795705392734611,8,0
-8.204474050507919,-3.6468859936301534,-0.4195189545781232,1,1
9.157694010230204,-1.2935471578579736,-0.5605728764079609,8,1
-3.689507940405508,-7.41141147550336,-0.015379078160531917,4,0
5.752178027831798,4.466499940309625,1.1597307027397952,6,1
2.6504675315623785,7.159540364504427,-0.7279787316401647,5,0
3.2583822206785134,-8.109566709120875,0.23740246300053244,7,1
6.844555196363339,-0.10237920813981759,0.24403519704791424,3,0
6.827450099196463,3.2063358453979105,0.6381195817209122,6,1
7.22233372469856,5.479711499820633,1.302590145592012,4,0
1.6468026788412506,-7.6718273796472545,-0.14823670394859528,5,0
7.991949007812506,5.332395027342804,0.09257610208519497,6,1
6.967614560979677,2.2949161474857083,1.940875159599438,7,1
4.591955591537557,-3.3894144463665765,0.15387369248966962,7,1
4.262416731132602,-8.526034610050171,0.45968845528117913,7,0
5.157934337680528,-5.742825950607218,0.6695919095314218,8,1
-3.4571228960079887,-7.7745730781583475,-0.039539365047111266,2,0
-5.487776870210688,9.350929468715005,-0.5109172771037127,4,0
6.965894314609264,-3.987507217244569,2.8881456424995737,8,1
-2.6161408137059885,8.09381947740041,0.9811801503399582,3,0
-2.7910365715593635,7.056528603196123,-1.93595637529121,3,0
6.152365094244887,-7.50837931414595,0.9677702252023742,6,0
-3.671293820260859,-7.620289153638444,0.1549507059001194,6,0
6.039199076353827,-5.427601058394798,-0.2946571262665745,8,0
3.4632333525281354,4.81997099160672,1.5387503162278249,5,0
7.788081589144684,-2.6622071943520407,-0.07368149422283522,5,1
-7.450617071265077,-5.142300711551167,-2.022960198413999,4,1
-4.235235996041302,-7.423361763538617,-0.13693765628854218,6,0
4.704884385216481,-3.4301372060174335,-0.7479539746456096,6,0
-7.090643871042306,5.511995447673072,-0.2592519418336448,4,0
-2.328298287826135,-8.242993464383524,0.2796200165820173,7,0
-3.933895426651736,-5.64338726143754,-0.471570132424889,3,1
3.0099525473815683,-7.445598598228356,-2.4301820984606235,5,0
6.776764906535668,-6.60686915666385,-2.5127300778086177,7,0
-3.720991277050256,-7.46482725039556,1.8999271189587417,3,0
8.512001550439853,2.7922775629229104,2.1661691433639425,8,0
3.5276122065851694,7.530170039172435,1.7693357728261094,5,1
8.825536825766534,-2.41494935123158,-0.346073439895667,7,1
8.673091668984723,-3.270494031983598,-2.472659044674677,8,0
6.218878279167303,-3.9099092623583482,0.2096007444210137,2,1
8.573089949728187,2.5069689081798923,0.10527744032178538,7,1
-5.018467430255041,4.708664994326027,0.446473825996271,2,0
-0.07764378019355328,-8.106277596895618,-0.6136546956157966,4,0
1.5887476678355485,-6.304856825033813,0.15295817343114013,2,1
7.656376201575293,4.442608760914347,1.7363252133142517,6,1
-4.845067705111431,-5.335412598252688,0.058168397259138735,3,0
4.596486585464566,6.126020708037544,-1.1496406528719016,6,1
-8.971433575695784,0.1662232390288474,0.21205225868839117,4,1
-0.5993176529622533,9.008214088747442,0.8297820331494293,1,1
8.10153987374658,4.0523216029535485,1.1675304313142583,7,1
5.380700184809489,5.756581966196269,-0.1415636692535522,5,1
5.206091895710137,-5.446957887733035,-1.2189231145407629,5,1
-0.8898939821763421,-6.687753029114747,0.3483961635236436,4,0
7.5027505642972105,-3.5668841604696917,0.05337311159679355,5,0
-8.650830599293071,0.12361245549175814,1.598551011979937,1,0
-5.709223250939993,4.944610885938761,-2.589833305663454,3,1
-3.6850013202266467,6.611645590167689,-0.48054908967764537,1,1
-8.599339739606835,-6.584182541009075,0.9783054533214667,3,1
-4.30059744496314,6.056036439148901,-0.12339419141053272,1,1
-0.746152540442544,-9.101033636091765,0.04168681519200776,6,0
3.4826153165253944,-7.131537224101912,0.06044962247089968,5,1
6.18798511695443,-6.2603575488347785,3.963786798715905,7,1
0.5380290881690764,6.654052339651037,-0.2542839878792777,4,0
-8.014797545168141,-3.879689531290539,0.5046687154882517,2,0
-0.23948187054635706,7.56658738062931,3.302490957800872,4,1
10.153421985341012,0.06954818388504203,-2.650755399541801,8,0
-3.3387885645464292,-7.503983168302604,-1.3165833775300928,1,0
-5.854697012779491,-2.221212627965683,-1.587245387213315,1,1
-0.6025619944160933,-8.230495988148961,-3.6626050320336643,6,0
6.307269590892682,4.267439405223802,-0.9678275376801021,7,1
7.338550163722644,0.49942018483157535,-1.1605799669972312,8,0
6.388685074336312,0.6059747170395218,-1.096564154958525,5,0
-7.768019169835416,1.530433622482854,-0.7971602397259784,1,0
3.6873115478526097,-6.945351797187641,-0.15036974092198288,3,0
3.0476814683375966,24.62497242441034,5.497284938691247,7,1
-0.34595887179712637,-8.85513091966073,-1.1069094347102377,5,0
5.775987937704009,-6.876830123617804,-0.289498291608698,5,0
3.2616627996249865,-6.978042235314016,-0.3303840008928415,4,0
3.34833919585642,-8.308507824134894,0.8081501138699609,6,1
-8.127147379484665,2.3790068711457586,-0.08577440383430814,2,1
3.194339539662097,-7.52613692528394,0.27614768515753835,4,0
-1.00856013858847,-8.402169857477663,1.9655671134292698,2,0
6.466325240702553,4.760723653759889,1.0177287180260832,8,1
6.682702084874493,5.967826353006327,-0.4446797764954314,8,1
0.5880804966284204,-9.141706604093029,1.020279623616933,2,0
-7.61076829041605,-6.288438822242604,-0.20937858918712338,2,1
-7.414568393967919,-2.049173912518004,2.817163440991436,4,1
6.776826151630418,-5.878615123447434,-0.23394711754178865,3,0
-4.537873813727031,-7.890611785436518,2.971813994243157,5,1
-6.434385213611383,4.356504203461053,0.0948076572589053,2,1
-8.048815414364748,3.4595817542772647,0.7202694964357818,1,1
-7.247861228670748,-6.226880752690812,-1.7994922767073827,6,1
1.5988792360135458,-8.34350789660825,1.2742604367994717,4,0
-9.557111632975964,-3.7706049443564345,0.31044850218572045,3,0
-7.073170989365493,-1.2015062450624996,2.3853991407740858,1,0
0.34071864124890094,-8.772550672243407,-1.2854801163003324,7,1
-1.7157479900955483,-6.6494102341384265,3.359040290072122,8,0
4.3194918290094115,-8.376531827734402,0.008203372601225256,2,0
6.44757114314492,4.2339432031003685,-0.38012100569165325,5,0
-0.5900858989852199,-23.329248985186847,6.17817396884703,8,0
-8.400402388437755,-0.5493769685506928,-1.3640797027996001,1,0
5.74893467813318,3.0099054861277805,-0.5890378101097297,7,0
-12.273000906836671,-22.170509172189416,3.790327587359306,1,0
-1.5763137102409612,-7.361206700900471,-0.003588057531492129,2,0
-8.402530060187408,-2.113503672992775,1.3223755773741819,3,0
2.356622035901961,-8.72856217483915,0.26100930486432083,4,0
-1.40557133095866,7.490066656646046,2.147083708031919,4,0
2.054650345684945,8.099705368381576,1.9452215278607718,2,0
-4.8084430213690865,4.792330664250365,-0.06505907204966781,4,0
-7.817413467699242,5.342179035740875,2.1477615147743463,1,1
-2.5818190143311512,-9.224380645387255,-0.6432044555310908,7,0
4.8703707474641025,-7.161178123665947,-0.6750085369742064,4,0
-2.328190008118458,-9.0116881691422,2.1471021882532915,6,1
4.67712374062485,5.139305798820326,-0.9220827132150318,7,1
-6.173761669518646,6.080382944013099,1.2480404732467774,1,1
5.932086274855664,7.265422413874695,-0.15886637290761754,5,0
-3.9434831515116286,-5.846671940229346,1.2588820095450088,3,0
-1.2632339969350534,8.264808419051556,0.39283320238467234,3,1
-7.410656179488182,-2.151797498620584,1.899552990837521,1,0
2.776066988591875,-8.23916980636648,-0.7119508058403918,6,1
-3.1174469278819887,-8.872671804349858,-0.3596971356880923,2,0
-2.059300312908597,7.2212045685292425,-0.16775705149345596,3,0
-2.8299681588290966,6.895919214441094,0.4589041702849662,6,0
-3.3152013109342278,-6.062468746209256,0.5236739182126251,5,0
-7.744185418120218,-1.6590084585318883,7.445589825629238,2,0
7.371079201122436,5.026336228550093,1.5931325171995416,8,1
3.328597560531138,-6.675142959271861,1.0446172343579914,7,0
-22.568551389027657,-4.114318974606894,6.355933537187211,1,0
-7.005739059517632,2.039230752911125,0.07241571485727712,2,0
1.8208715461873262,5.588613484195712,-0.05323690674605779,7,1
-6.296187543094115,7.66356082741285,0.5820750562800341,4,0
-4.841122570330489,6.1466897768913835,-0.49429939048537175,1,1
-2.036925294605071,9.146982555825202,-4.711032435395279,1,0
-7.536073168815488,-3.9137405168396238,-2.895725949551041,3,1
-6.362841620995281,2.4580347702822944,-0.32531482658041905,1,0
5.219030983539104,-6.353984727338531,-0.6109265943075497,7,0
8.620985247991477,-2.8652923434886706,-1.4297363218166845,8,1
-0.02402224830006805,6.0701796465960305,-0.4245435406081776,5,1
5.352980894468794,3.467083725405628,-0.23727383004848898,4,0
-0.28437641360979304,-8.903122247951318,-1.0404421242834472,4,0
7.076750062848948,-0.7209304402187205,-1.152360828393864,8,0
6.930417048040441,-6.31403438818185,-0.7728785171961129,6,0
7.743909788971447,1.696020294710602,0.9676700473112505,8,1
-0.3008303897381057,8.39990084650007,-2.958468466409723,2,0
7.985794503627692,2.2743801262894845,1.240651022609304,5,1
6.208106724210551,-6.310723621745898,-0.6901607222055115,8,1
-8.057831186260083,-3.5456302635339667,0.03415130403690911,1,0
-8.762036106966766,-0.242464753062417,-0.6805472695176348,1,0
-8.911555348989678,-3.7916494887732703,4.093771132428692,2,0
0.22069873273039048,8.996720281347187,1.3758865904641668,5,1
-5.920743414892212,-3.914539671148122,-1.7483883966284304,5,1
8.2257654329948,1.704465512648264,0.3721308414162857,8,1
-5.366667735304318,-5.539279623274036,-0.23230864900290935,3,0
0.24368505163885956,-8.02488280995855,-0.45543896034965536,6,0
-3.836965970409689,-5.491058655494724,0.6807574690656678,4,1
-3.9673797123739174,7.034243413321255,0.2458764540511387,4,0
4.172596987496252,-7.19681455135097,0.6657202240382848,5,0
-2.5387903728311914,-7.4352878713673585,3.3060751469690866,5,0
5.499696683372189,7.615078598553176,-0.0780869177273965,4,0
3.4915300595776415,6.934016392364247,-0.27362797939724426,8,0
-4.481475725423185,-5.762580209003374,-0.44455890338677034,1,1
-0.651653174693362,7.2314575508713315,-0.31744942860784225,5,1
18.605824238723155,16.880178280273377,5.9593976276092855,8,1
4.556435427041184,5.730569470932946,-0.3967488010205492,6,0
4.621509746864,7.3196406072627145,-0.21740057321084816,3,0
-6.6370127516124064,1.1027054368129998,-1.1239964964916316,1,0
-6.658881133409602,-4.20815206333975,1.6149007180072228,4,0
2.7747759522652657,8.244759627674872,-3.0814330324529857,7,0
-0.7848865870773079,-6.52164068545827,-1.2121919576584765,4,0
-1.1723944936576287,7.362105075739006,-0.4330050956668849,6,0
-2.908487032586378,7.789093058189195,1.8007960329232968,3,1
0.7658156911818661,9.222465890896677,-0.6692682041914311,5,0
2.335340615777053,-8.69729020685946,-0.591887412785084,7,0
9.629206480403477,-1.9011922444678633,0.0026949354943852336,6,1
-9.085221684237814,-0.45339491924553554,-0.6031868532258714,4,0
9.21043481495444,3.913203814795371,0.7411081566602945,3,0
0.4786036762152436,9.30167452364401,0.13658670263366918,3,0
5.5856528211909495,7.258521372860204,0.11906625902585337,7,0
4.732237542015353,-6.139348372030034,-0.7958000234300452,8,1
7.6256848153717955,3.3244142833439274,0.3360354062425331,7,0
8.555143834235997,-0.21403817215470444,-0.08319778956996429,4,0
-7.0007300779365575,-4.536600023676973,-0.7161766063345835,6,1
-7.473809680967617,-1.5395112625378795,0.6208007822259677,2,0
3.2770782677697143,-5.401793263534346,-1.5611632663750215,6,1
7.429511448515279,1.3962393826272126,-2.4863871662925816,5,0
0.7481096949798692,-6.607102007858187,0.44246081037937207,5,0
6.80044051069495,5.10996571353396,-1.4384645986465965,5,1
3.1396885822621625,-7.0805155692384885,-0.752790560349036,8,1
-7.29579904334522,-1.2697206214303627,0.49978134156291887,5,0
7.526224411785745,3.209403956950434,0.9652877452253669,8,0
4.754952050569255,-6.972280451702465,-1.0364274983111375,3,0
8.332489102979883,0.379308294328914,0.19679778801189343,3,0
7.716077806764957,5.8277208440219725,0.9055610963718195,6,0
2.5715019358616136,-7.075066213602618,1.2664193337973857,8,0
-8.216708911833724,1.7592921623127384,-0.09050660663298993,2,0
5.874985745451386,-6.339322268356693,2.6636710078332375,8,0
-4.835700673221601,-7.6643580756276855,-0.7067792535041405,1,1
-3.956195941742053,-4.811349835013812,0.8262098658389533,2,0
-1.45901602466591,5.983320020157734,-1.3423334641585558,3,1
4.5475343223790246,7.346167025332173,-2.9193073978024735,8,1
11.914351813695516,-0.7376937951943761,-1.1738691692106913,8,0
7.3644112073049985,5.420191411982948,1.3028642654860392,2,1
-8.714962268564701,-0.45499601972347725,1.4315883442998862,4,1
-5.405249679841562,22.69107626239485,5.794934833245038,3,0
-4.383288860675787,26.560117895620795,6.504738737644021,4,0
-6.685726982412034,-4.378591390305486,-0.24974092766773417,3,0
2.3577663522728796,-8.765615936993429,-1.3691824149860896,8,1
0.6888280705797021,-8.504054773680652,-0.8893564100036383,7,1
4.027042134323306,-6.377026212949693,-1.2429492615690234,6,0
-3.2118103990250546,8.288768479458476,-0.08031184415266489,4,0
-7.154514951253188,0.41462852205178025,-0.16024116851347103,5,0
7.689612489282018,2.324997748159164,-0.710024669993859,3,0
-1.1387057244925396,-7.571802909212788,0.11184759346514321,8,1
-2.478355283135642,8.66412117771769,0.3464881358001671,2,0
-7.114781663841634,-3.4459624729988927,0.3529167528826018,3,0
3.951577330347801,7.0748116096967895,0.2381783393016602,4,0
3.287203612885995,-8.570528070855545,-0.296087491917522,3,0
4.5247649893911985,-6.229496793189211,1.1867596293671816,7,1
4.699174043424093,-5.869727395766131,2.2016090671607467,7,0
7.4439906611309326,1.1205996059941277,0.5560978994349659,6,0
6.124224694838853,-1.0495174139291028,1.0745120467656288,6,1
-0.24478715712568255,6.557988006922537,1.9637729763908058,8,1
-2.741533011287938,8.611500129814507,0.7286125624332263,8,1
0.8755059419475543,7.873244666633925,-0.38533391906041375,7,1
-2.719919840111397,8.667209457260183,-1.0948506669084714,4,1
-7.419659633918505,-2.1746602633189958,0.9905019262370541,1,0
2.4479308887393896,7.158798581889181,-0.34887103436442823,6,1
-9.158014514506316,3.8984557189232794,1.4285226731331993,4,0
-3.98537153849971,-6.606808606711244,0.9552862419300115,5,1
2.9010095636496436,-8.279252953188443,-0.6869200472258397,2,0
-3.1710490406491183,-8.733929175700286,0.2310533130811464,5,0
-6.115083161515208,-4.879901513480826,1.4863185825198761,6,0
4.167051546021107,5.646092377298079,0.21191374785562175,3,1
3.491691614990909,-7.2769770304478465,-0.25231652564716783,7,1
7.983550370110337,2.036687770973775,-1.0017572008505995,4,0
-0.7846013930731303,6.935086149014621,-0.20919387043821397,4,0
6.760980350721195,2.4123730454424726,2.7214736097414045,5,1
-1.901574795558763,-8.296118918682087,0.27777171743849904,3,0
-5.835380841465052,5.985759229590613,-0.20247997441290508,2,1
-4.921924721670526,-5.4581517242346305,3.758568624591535,5,0
-4.889230845235142,6.324184541448552,2.4195637647587076,5,0
-6.878025459511467,4.006861669115885,0.5073792623785346,5,1
-6.315043296621932,1.9519700998348086,-0.1647749665044237,1,1
7.624641296017542,2.3066611119283973,1.8759449989881576,8,0
-7.096457794824491,2.5485799979873915,-0.8139852506123066,1,1
-4.121461377072859,-5.991461365363344,-5.63628355493808,2,0
-7.712281577567263,-3.5538165985974146,-0.19611399736725363,2,0
7.183851514548471,1.751414919356703,-1.2575925631947362,4,0
-4.521019007100971,-7.525953920540616,1.7989632867296055,5,1
-2.604776593724263,9.338915377454203,-2.2748150333738564,3,0
8.53902656441598,2.1729800645207766,1.2302464459594258,7,0
5.1170883169436685,7.758478227645669,-0.12407280294470154,8,1
-6.141932246556482,-0.6091766364215431,-2.338539311649151,1,0
-3.760863258597098,8.099566826384343,-0.26815246593175374,5,1
-2.742741020355384,-7.29613046890828,0.0673228165183525,7,1
0.22087067401837246,7.389950300650485,-0.45496308564291105,7,1
2.7627110970476805,-9.017939059568828,-0.7563913500134526,4,0
-1.1311404900252984,8.315028931706607,-0.22721007304780091,2,1
-7.380957196484223,-6.338724319710161,0.0764051307242595,1,0
1.7719543919189298,-7.055947623607708,0.9304277296390304,2,0
-6.386373351631172,5.183904199823377,0.10178220892153045,4,1
6.198896827092616,4.644819036396591,-1.658663752173168,7,0
-7.731222721963292,-1.2679931707929128,0.6170441468656832,3,0
7.45604644064307,-0.8833610623822388,3.3578070139666796,4,0
9.761329653391796,-3.4655184589178214,0.995696146570442,6,0
1.7271960423976813,6.6562598235711015,-0.3311518192688735,8,1
-0.11872449304314286,-8.632970681422679,-1.3757154193164955,5,0
-5.480641975484098,6.653446935328122,-0.5384617587197122,4,1
1.70701472696603,6.44646388947883,0.07288118680524648,8,1
-4.122979180928044,-8.268503548843704,0.19989026113915687,4,1
-22.42715574938456,-1.1470382745055452,6.707915967678913,1,0
-7.995677367187414,-2.5442538561031727,2.8808905223583023,1,0
3.657103287272424,-5.764504000376865,0.0904632348402385,6,0
-1.665911009059501,7.591753783283051,-0.898904768888666,4,1
-2.8933563949628294,-5.22250982102561,-2.644374965224099,2,0
-5.086399076693532,7.531365902664658,-0.4825175636330294,2,1
8.505883146987268,2.265825055859239,1.17001728097577,5,0
-5.412657883438491,3.727262471632829,0.011110420149815088,4,0
7.901106525527431,-4.014235893183736,1.2725198445113566,8,1
-9.581071261458328,1.032648174628575,1.569832570654086,6,1
5.106342731336863,5.023428815892003,-0.41501065988565894,8,0
-2.907848783909711,-7.214257884767193,-0.04378320557614955,2,1
6.8850376741252655,-0.9258725792198575,-0.6805459272381352,6,1
6.6094848960345445,-3.932383887085729,-3.6146584062703457,5,0
-8.392541873857496,-3.673483099101795,-0.018158664453177875,3,0
-4.604897694046912,6.581327636303719,0.019518306225265663,3,0
-7.791272487124414,-4.429402484369622,-0.10968701589372833,2,0
2.2313929671551436,-7.979737760404527,-1.870456832264092,8,0
13.706459729504582,-19.373258650328175,6.018118777686995,8,1
3.986701399268317,-8.048221263180967,-0.39260347507560234,5,0
-7.77960189615021,1.988425868061774,-1.9339486897131914,3,0
6.926012824269295,4.822798888257577,0.3734359999470682,8,0
-7.831425148189252,-4.214615844195238,2.2310025780258926,4,0
3.299575561639289,7.185931642597031,-0.2692004816379592,8,1
7.285233383797926,3.0445409929579372,0.2724959608033594,3,0
-6.725078601138937,1.3990419394376854,0.15129624779833004,3,1
-6.127363301517601,-5.979342926906971,1.9094619217394566,3,0
5.09496626770792,-6.809010092419715,-1.0632216684714793,5,0
1.966494769073818,-9.556727942662702,1.0008092497302117,7,1
6.454397599761939,-5.736646056989476,0.3062909144678408,8,1
-0.3594236583111805,-8.569406249712033,1.6523194478860717,3,0
-4.019920680843768,-7.971147157476887,0.43694876780038466,7,1
7.501044672440179,-0.8158850853051736,-0.8833231832343954,3,0
-4.840837111608973,-4.419100606421233,-0.7219435821642595,4,0
5.787783390380801,5.188359091845727,-1.0186837257721597,3,1
7.897598691239541,2.8629624593200758,1.089409122769584,5,0
3.3556033213568637,6.003603719371297,-1.0628752848453566,5,1
3.2587916098552947,-6.918427431277798,-2.397434502915204,4,0
-0.2997495569160986,-7.783657494794759,0.5361777273767171,1,0
6.064329917556418,-1.865529646729223,-0.12614411974834136,7,1
7.933719839319843,1.4990111959510077,-0.7796879556336256,8,0
5.880372261877932,-4.6476674196631285,-0.10281778887210863,5,0
21.585426166372827,18.865707480481444,6.268503778285969,8,0
5.708169942357964,-6.522274529981461,-0.5473726568942207,5,0
5.756883522142093,-7.950183750088697,2.419058727010007,3,0
5.943158030335218,-6.2678054507585195,-0.1331864393137591,2,0
4.444136630476875,5.097641847301335,-0.05005608124742598,7,0
7.284074297337684,5.079921223910889,-0.4007057739718745,8,1
5.88558173642198,-2.4324777486064337,-1.2842576959515475,7,1
3.180238724096376,7.435690089541976,-0.03224758228107944,6,0
-4.584253273886743,6.352989066216685,0.8954305015225518,5,0
-9.892649022455736,2.8797048049806717,0.7024456009155322,3,0
5.5760200133733715,5.3079766227558824,-0.25785304641584794,4,0
7.823783667472933,-0.5757435832053921,-2.0065099418109082,6,1
8.186656800557586,-1.6613685112352687,-0.9625746624713698,5,1
5.429610361888538,-5.44138065196051,-2.183409872274629,5,0
7.890898301303911,-5.006545592844975,-0.4248168492435467,8,0
-0.2721184049707328,8.758948900329045,1.7263772434011577,8,1
1.0646253004670383,6.750503833632716,-0.46461688456694344,1,1
-8.591537524023563,3.8648137758977263,-1.3847668075690178,1,1
-8.395637221657482,3.512283138479812,-0.91026554167645,1,0
7.315525500552145,-0.6192705451133145,-0.9044783123664308,8,0
1.6957828229256129,-8.55129309947889,-1.623262781142678,1,0
8.006795852190765,0.818468639284678,0.8300142938788911,1,0
-7.753133143170101,-1.313397597722166,-1.3639178373701437,4,1
-5.902799264581334,3.473427500978377,-0.07136349689639712,5,0
-5.859514217164471,5.1519851204589715,1.0194658607167388,1,0
7.478957983986454,5.14715476766033,-0.8491815556594065,6,1
-1.012934744350352,8.99118058342301,0.24709053734162403,7,1
-8.291912392654218,0.13995466299534592,2.0744206329407717,1,0
-7.588827923808521,3.7837144192898333,-1.9107504873824739,2,1
-8.058351823796565,-0.5860543501755555,0.8626720084273625,3,1
6.681567955254508,-5.625691710982188,0.2613343365887301,3,1
2.7807414113393323,6.364188373743262,1.1460039929416403,4,0
6.458073805302938,1.0620012475328058,-0.965957982884871,2,0
7.811596997060246,1.704793299668845,1.1812218405466046,6,1
3.679627323680353,7.1247686761849724,0.19044286351150658,3,1
-5.074048029450098,-2.147197841509732,-0.10480823116194066,3,0
3.9454958843483525,-7.245195984376508,1.2448063830494804,7,1
5.217535094840045,-5.1495353550417065,1.5228666737479115,8,0
-3.180637301949156,-6.356638116256448,1.287269872920566,8,1
-7.018693350165547,5.680854618568282,1.6457113602368407,3,1
5.69050746944499,5.755000909817665,-1.0824475236627877,5,1
-6.775268290070764,4.1425128973335585,-1.3979515676535916,2,1
-3.8902739662948442,8.054851343395775,0.6102543848798493,2,1
15.749794152657206,-16.369002336425364,6.127579496652707,8,0
-7.870512894896358,2.9929746076105297,-0.17004845342896965,1,0
1.510899430001935,7.813768668690617,0.553086471911197,6,0
-1.3563768514829193,7.426286335083613,-0.799463296280832,2,0
3.439564770046582,5.808980642394479,1.583149796637571,5,1
6.719629217975216,-5.508501918810212,1.061654026002877,7,0
7.530026990288356,0.42155316881966165,0.6820794348533463,6,0
7.6262674325724955,0.8886179577038394,-0.8344275584701215,2,1
3.366696462418472,6.890235892898009,0.5405323334893666,5,1
2.9002692140318787,-8.20599145498575,0.6337793808297142,3,0
-7.9023794234134215,-1.1172135424784928,1.8872090067836105,5,1
-6.527051944554765,-5.419048519239603,2.6071417168921855,5,0
-4.749571620895789,6.069945609301338,-0.9650945076595542,1,0
9.687707164840177,3.2052878368657978,1.8857537801520359,8,1
4.669891300262071,-6.707785406713289,-0.04603140640700482,6,0
1.885320633363893,8.15863311273121,0.9766482188602745,2,0
7.141787130596867,1.081864615378699,-0.6997118022486398,8,0
-7.717942045458255,-4.5136686301759275,-1.422562679815047,1,0
5.178228310918838,3.5351396902984016,-0.38502086225903437,8,1
22.09418243878535,14.485766641968315,6.528997525379667,8,1
4.050728380211792,-6.851618093768086,-2.853898383533512,2,0
-7.464920801086218,2.3042017341858703,-1.0948793937021193,7,0
0.3294836719524644,8.051691790741833,-0.6151399686826999,1,0
-4.657714652286648,8.056263893861596,-1.5023173529602667,1,0
-1.0379907265357984,-8.580322959831836,0.7910516625628958,3,0
7.902414557203684,2.4232761249059704,-0.527395709301568,5,0
6.484883715368693,5.759932290722046,0.28656994292515325,8,1
-6.148151494885405,-4.77210116753207,2.6488904814818692,3,0
-7.7478011610333475,-4.818228438289946,-0.7459669391696518,4,0
7.417782197123461,1.4849583056977445,-0.3480288006550734,7,0
-5.484993721222448,5.076452331005688,1.5115982870835816,1,1
5.962184737985507,4.48616999256039,-0.6907515805748555,7,0
-8.128552597874776,-2.6607446160330666,0.1485770563678645,3,0
-4.826844797679106,-5.461086673154988,0.6068834563115084,2,1
5.748713147351664,6.171110268803123,0.2830243420836719,8,1
-7.40357955939358,-2.376509362668511,0.2950710589156095,4,1
2.9150288801593716,7.997906643070348,-0.8465460110221774,7,1
5.579890844845892,-6.567846991872828,1.2933663655389314,8,1
3.2625131765981155,-7.026092147939141,0.519637494151221,4,0
-6.476877863588263,1.636566404869439,-2.9527541888242093,3,1
6.045227439940174,-0.7412547604172767,0.5286586915503858,7,1
9.455607840584687,-2.2791415708604603,0.6560882899125087,6,0
5.604216956306912,5.406370089666096,0.7689350253673541,3,0
-17.29354889424152,18.98756070033267,5.772237364271975,2,1
-7.755495055950651,-5.822562699544109,-1.072749946185257,3,0
6.588831467521394,3.9199363468243824,0.3690654421076766,6,1
-7.048261625312353,6.167963906433575,-0.43467666108140046,2,0
-0.9786700887697807,7.558480418463608,0.030726400002711835,4,1
7.922324614046599,-2.5028303683879547,-1.010869240877032,5,0
-19.816912232444626,11.597867592390127,11.018468359382814,5,1
-0.7611523820761156,-8.284447808829704,3.783046494353152,5,1
-5.996995071878098,3.985136290426629,-0.11094181793639676,2,0
4.021871957809108,6.076019165188808,-0.8568153610231628,1,1
4.4626631137123445,-7.514439444489496,-0.7120253384264501,5,0
8.965313843822294,-0.6108381676156354,-0.3605059710891149,5,0
8.660706224993675,2.7828240709749057,-2.0531918054870983,5,0
-4.972485756222692,5.8098069336215525,-0.7917430169394063,5,1
-5.744552317748413,-8.516194934526428,-1.825891738449408,2,1
-4.484407897125401,7.073063351667283,1.0462318943854532,1,0
5.525905947744514,3.1840347295108207,-0.23756986616387993,7,1
-4.429949098668947,7.518796155893041,-0.34445170937128394,1,0
0.2328469424456842,8.7395238062285,0.42302993936875966,6,0
9.062184785945512,0.7313661014101662,-0.4076510233733756,5,0
-6.9491064958155695,-2.085769923478245,-1.470644321552009,2,1
23.38010124610994,14.653850120309567,6.7335436267466395,8,0
-6.732752069878421,25.841693682017905,5.078668008901401,5,1
-4.300446155830922,-5.714666979815128,-0.8687425142344307,3,0
-0.570413171909824,-9.985971482390095,-1.9308310050144843,4,0
0.9137505620809582,7.767535182090474,0.32057379769437305,8,0
-9.814676527366213,18.51140828446197,6.30720379546436,5,0
0.4119173752878932,7.434989249138994,-1.2984010973841393,5,0
8.280413156025698,-1.8235413660619226,5.934317831724376,6,0
3.2867387741279885,6.388847528646162,-0.8214849754590818,6,0
3.2039358422234594,7.125070718359145,0.3428878824395352,3,0
-7.032336900769982,3.6975310158627264,-0.09170123027311465,5,1
3.1278620345532095,6.149133896330426,-0.3774204919718587,2,1
4.532961437088261,9.275608365028528,0.7032976287582845,4,1
8.237699088255484,1.5587641622432526,-2.992449503028249,2,1
-5.029413336800051,-5.237469709736083,-0.18043855848710463,4,0
-6.279190980023299,-5.639690302561889,-1.1232568196856538,2,0
-4.96261967096965,-5.9247557698231486,0.2629620116148438,5,1
0.01853708509101004,-6.725734544249976,-0.19351893823784724,2,0
-3.7486051855947995,6.1617788924899575,0.32588223561635316,5,0
8.09629019927694,-5.468401493311021,0.8067408422043568,8,1
-1.397872370762853,-8.527171296971751,-0.20370499373089668,4,0
4.8400588045087565,-8.217016111402227,0.5000860871311172,6,0
-3.606481657245038,-8.449031906105443,0.20142782311433455,4,0
-4.583789246760725,6.9973812926497265,0.8777026969576887,2,1
0.6280408074502954,9.235208463054589,0.040183563776554264,2,1
-6.882603894882492,2.8512647446809867,0.027889322785359584,4,0
8.182770605461663,4.212144689237714,1.3384678743144331,6,1
-8.286252785429332,1.9937680201251264,-2.1207918783606248,2,1
6.455606739623031,1.6770244928908595,2.0146873734064945,8,0
7.76443298529085,0.9289818703679475,-1.169879936658614,5,1
6.8822868818210665,-4.605369397184992,0.45323671470800553,5,0
-4.579735183879085,-7.216306904581515,1.7572969928212452,3,0
-7.330910125505234,-3.58542719404464,0.25825158458182307,2,0
-4.800738843414849,7.113266764871821,2.959755177580592,5,1
-5.836514237569044,-4.210829159515502,-0.4327183893656426,3,0
6.3031943719989805,-4.079842408178317,0.16981602187636027,8,0
-5.381084455890017,-6.55736351940404,-0.1465624597595515,4,1
-6.4360161392443835,-6.113933387030083,-0.6085081348824987,4,1
-7.5827164897690995,2.011105643261825,0.6310372960015318,2,1
-3.9705176324610325,5.410001246463645,0.9563082272990461,6,0
-2.531517275250056,-6.2038338433284075,0.25091950637842725,3,1
10.020446515362556,0.32640080454037523,-2.2821666614001996,5,1
-8.29958599399302,4.093824616072329,0.5509120099425172,4,0
-6.717314244052191,5.297397723243743,1.3866502674886292,3,0
-7.969950085412922,1.7783218264407519,-0.8085379815390072,2,1
-7.484941153059463,4.330142900577408,-0.3609131564637637,4,0
8.274123966302438,-0.06802994127890022,-1.519754635680837,6,1
-1.9296051733653423,-7.302279581757425,0.935144125261802,4,0
-4.5382268859438435,5.915474063895619,1.4770310625599643,2,0
-5.44829139759097,7.523053019691928,-0.37978295535590245,5,0
-7.113550359801999,3.412509892237319,-1.0689567612515833,2,1
7.890992915008255,1.6111260435872905,-0.38168066862055544,6,1
-8.313480623746774,-1.182418827041244,-1.8427718099538355,2,1
2.5037092371542533,-7.5578940715116385,-0.07652710791540172,5,0
-5.053004382436196,-6.6618612934462815,-1.3678339945285638,5,1
3.13169989011785,7.371634345467919,-1.8707900023642723,5,1
-3.108995994870881,-7.3335568371871735,-1.1635962156011126,6,0
-1.4055893388634104,-8.846384714673427,0.861957507141181,3,1
-0.6530589122192578,22.545126439108518,6.3604539397657796,8,1
-4.686481217016655,-5.638177529692734,1.4583398406459085,3,0
-8.402454186241442,-4.957727715677335,0.16018248994853312,7,0
3.8714048175386995,-7.317186732919803,-1.141885609533471,4,1
4.512218197729453,5.90918118294908,-5.95829239568887,4,0
2.2323510238852,5.667602278468653,0.6683733142090135,5,1
-22.740403527225496,1.7856436739215817,7.368429275130199,1,0
6.962291704845237,1.0622098263065007,0.5354857406255621,7,1
-6.130359983111693,2.7481627115743583,-1.2478378705850288,5,0
2.0366753928427928,-8.354091590840088,1.2720473521626592,5,1
4.228988357865299,5.330382059861792,-0.15513972932636166,6,1
-8.368343504812925,2.000827194462669,0.5665370077305356,2,0
8.218789316593215,-1.2994928116444777,0.1253541720398993,5,0
-8.085400709748953,0.5909507145892603,2.5313221454428554,3,0
-9.662184892237914,0.0779832580709759,-0.3310651564839126,2,1
-8.41110540198327,-3.941213861158293,-1.782171714346632,4,0
3.391798692850772,6.816689283231369,4.3713659657284465,4,0
3.6000587061086335,7.711602041799518,3.0441745061464442,8,1
-2.6059843865864405,-9.113308869968314,-2.1056559808344475,3,0
-7.81921869991842,5.4662009183233,2.9549995075675226,3,1
-2.2698466615334594,9.250405795427387,-1.0879933109876863,1,0
8.461226766940191,1.8671692930010098,1.3046499127366558,8,1
3.518379016730065,-6.095380275630296,0.5160923665354757,3,0
6.559758406058805,2.9191185474699957,-0.8026330697321171,7,0
0.4212903129259681,-8.824830531784322,0.8861649669298509,5,0
-5.095039120062098,7.644611474687321,-0.6572488901627425,2,0
-6.728301687754966,-4.098348602043012,-1.8432797156940666,1,1
-0.31511704468471957,8.08450081261662,0.26348804300288964,8,1
2.9728027365394416,6.627386133312054,-0.21039979553011662,3,0
-7.781031696321594,0.13301650808526988,0.34942982833297165,3,0
-4.4756729810133695,-7.818390278815125,-0.11085517397920473,2,0
3.974677795380833,7.29363773417378,-0.22773619782342724,8,0
-7.540239007096216,2.281118925212725,-3.0821002684478143,1,0
-8.453759088506521,0.900360990375735,2.0487960542029424,1,0
1.0678658738935773,6.828567665593181,0.03256484552938558,6,1
-7.223010730354729,-3.967132197930227,2.3759956282336514,1,1
4.386417759870817,5.897752000056775,2.3464046337968947,5,0
-8.033160752118702,-1.0182627487290299,1.4694956113119353,4,0
4.990948594664367,5.316866026045468,0.04535298783539653,8,1
-6.899532053185931,0.854184940444594,-0.02170234000198848,1,1
-3.6293998525564097,7.2851017117440025,0.4608154254269923,2,1
-9.693217352106508,2.2251058486264412,0.35263772009977484,3,1
-7.717198628406318,2.3013178546251933,-0.1931149119046624,1,1
5.946288609761519,-4.784204335232603,-0.521632401307281,8,0
-6.991551638647637,1.5976152433860518,1.0177052538469562,1,1
2.409686475377694,-7.788497820255927,-1.0200977970279528,4,0
0.7264862295600365,8.71611577392756,-1.0338832642584173,5,1
-4.641068555580431,6.502836565547724,-0.5048552326580784,3,0
7.66227401232806,3.039513095611027,-0.06183271992543294,4,1
-5.664597703330811,3.8193034655869673,1.22246777039617,7,1
-4.767079958486567,-7.208377141745121,1.047287335449595,1,0
5.440468041044539,-7.228684849291916,1.0835675818684172,3,1
-6.374093766060292,-3.8446823320188988,-1.7396503116011592,1,0
-5.862240573983943,-5.506836253584919,0.16928122158329306,1,0
2.6560510926809875,8.001602376021438,-2.3790103483419673,7,1
8.134021510456716,0.9795979346117497,-0.27137016298558686,3,0
2.000152438246216,-8.275901402295034,-1.2697495016628695,8,0
4.332792061862563,8.82532042658337,0.37438175983814015,5,1
6.352236920332174,4.869910182695938,-0.39490853681220917,3,0
7.416675125553924,-3.0345153850353617,0.1823634798811256,2,0
7.62557891414695,-2.6750213971292505,0.28913893213687475,6,1
-5.623767964092768,-5.626476895082939,0.9462680634929924,2,0
-6.689445699996027,6.54028175686865,-0.7114069105995696,3,0
4.094926035400191,-7.158658243774022,-0.23340304800322775,4,0
3.585499459031911,5.842328875030281,-0.5653270992110239,7,0
-5.9527374759904195,2.553659389691889,-0.5221885580772533,2,1
-4.771449997205726,5.670521153007074,0.6759036349623377,2,0
5.903367373086443,-2.857527416885817,0.8931065397926355,8,1
8.861273137284948,-4.085055674428737,-0.34815068739763794,7,0
-4.330707900023663,-6.441219265299723,-0.11019785234958976,5,0
7.870831802462952,3.0148520216220893,1.0146540384665397,8,1
-7.572854864248394,0.16609535027278544,0.8359475925429108,2,1
-3.2714256887306528,24.376329815270623,5.974507717060603,6,0
7.8461330519908525,-5.949723263950906,0.45851536895864337,8,1
5.951759550095579,7.31129360548037,-0.09834826066041186,1,0
7.526022443170436,2.797713942360641,1.4911856297139698,7,0
-3.975772669872838,-8.390456911647343,-0.3596810138060845,3,0
-6.75086143353157,2.3752074491309476,-0.29692046866514304,3,0
4.584335729359993,-6.66514803095856,-3.6627119876587364,3,1
9.32848866543369,3.1848066858737885,-1.711831711754652,8,0
10.615209291947043,-23.496678545808855,4.549232122496447,8,1
9.47509319488936,0.6345070901312451,-0.16966743136695392,6,1
8.060550183682322,1.0099624139990393,0.24959904739321712,5,0
-24.02804668053009,8.094892012306,5.5597723941106025,3,0
1.8140538703875324,9.09058433291384,0.811670764801715,1,1
-7.322851751429734,-5.266088369485724,-0.03441499905819479,6,0
7.911083487011238,1.2533678851001993,-0.32896611662194647,8,1
7.617179984386413,0.8056179313355482,2.1767218874533505,6,0
0.053952255291917606,-8.280517633276496,1.3026199763639945,7,1
3.4075549990685663,7.763469098094202,2.0665604728712603,6,0
-3.7891456809939044,-6.098710683656139,-1.804175698031839,6,1
-0.82818732991301,-7.632796121675136,0.1352416846214151,6,0
9.378855196410147,3.1653243482294555,-1.3665954744396913,8,1
1.891671339435236,-7.245186351842267,0.36193719016666526,2,1
-0.6168356921661713,8.132951888828638,0.10144044669292775,5,1
-5.60221762717629,5.88023882835106,0.7361874806296475,1,0
5.491465324061645,4.39033763357673,0.9722283345833631,5,0
4.044234121326469,-7.1827990082110675,3.3610349416367797,8,0
-6.12868414081878,-3.712171987584829,-0.01476970994089452,4,0
-9.391332344200833,0.5612473644915295,-0.6359478057068221,4,0
6.423968401803597,-3.4982872312118065,-0.8634518280371659,7,0
-3.1426604353277314,7.05727146931204,1.1288563233388342,5,0
6.661720247938619,-5.511576548580462,-1.593074854639988,5,0
-2.8988646727390646,-9.041130320522562,-1.6325937404632869,2,0
6.934617589970641,-4.7454332672744455,-0.8810056175543612,5,0
7.001835470109569,-4.841942660384223,-0.02476034713682554,1,0
8.172332982214424,-0.2955043704350959,-2.1806089668651594,6,0
5.80143413953013,6.388602351997804,0.9313854504849591,7,0
1.9370432770407868,-7.483970161390767,0.9487591058665471,4,1
2.921983965098331,-9.964507988141385,-1.3770393672758114,4,0
-4.28157454262207,-6.151948595174659,1.7634739794321945,5,1
-0.8787233916920404,6.581981489317103,0.33326410059756045,6,0
7.493183341637367,-2.8294011775883217,-0.4730463594674077,3,0
3.004408639283677,6.269078603598082,-3.4105951388776234,3,0
-8.92862630954566,0.5556579146256975,0.1653966172360888,3,1
-8.556577093825258,-2.00517269052972,-0.36630096042480553,3,1
5.115413937837036,7.751158716466834,2.1293273436115605,8,0
-0.6519343918009818,-7.032413891529103,2.0974058087678165,7,1
6.553384100512932,4.033835028704839,-1.2544015619523206,8,1
-3.4477522612434917,-7.326391353637562,0.05914619813258791,3,0
4.117904766517101,-6.945862349922218,-10.607675910434823,8,1
-4.0778030749040965,7.674461424011305,1.2161269605582636,2,1
-1.6194442929235175,-5.94705793791629,0.7076508799685874,8,0
3.7171217293779293,4.828379634317679,1.2841903756571884,7,1
5.250668151368668,-7.3615481704066585,0.36009963443146403,7,1
7.36569725383079,-4.144607688809307,4.1056976977478765,8,1
3.692862779177905,5.048563781365725,0.6742821244950934,2,0
-3.292196914763476,-7.866662566238098,0.596324762442684,2,0
-7.904670857841341,0.946685651886575,-0.3240758899434586,2,1
-7.166921326009474,-3.195182263026136,-0.6828874235978037,3,1
-1.5519085316848313,-7.591149200147619,0.32572542286151984,8,1
-8.077815060846998,0.5427927193896278,-0.41064905349176056,1,0
-6.257926570618186,-5.407431848724714,-0.6674258937385744,6,0
0.7753661344735197,9.12640587945575,-1.3435474479537393,3,1
-6.484012169394594,4.500968212376536,-0.05572431733558404,2,1
5.237843864626618,-7.123458658864175,-0.5606830267452939,5,1
4.444445232321432,4.751148039205177,0.14308157268251634,5,1
-5.094399862644614,-4.641740680376222,2.9395118357850123,5,0
3.3886170350231297,5.1975827763757,0.1729856524487632,4,0
4.998587758318757,-6.479470963190314,-0.2881213749075566,2,1
-7.698392858889807,-3.6317977403636754,-2.1259089168930267,1,1
-6.390898601207581,3.517958269490663,0.25678609368042,4,0
0.34066658847632286,9.197130568367477,0.3039707254681861,2,1
-7.606309907993616,2.2242788987736932,-0.5304017403014504,3,0
7.540367213959384,-1.2509246756670507,0.13289302805578088,8,0
-9.212929756627098,0.1159071427279893,1.2057346245630325,5,1
-8.53146404763291,1.7663102894368223,-1.0782467162453606,2,0
-0.7516127267773127,-8.56482450826995,0.2687682590499258,1,1
-4.275760341202348,4.102109078583209,-0.2177509680887596,4,0
-6.6971718547480465,5.254270254197353,-0.6529397247039296,4,0
-3.4707721490833148,5.504487780924677,0.14972105913253897,2,1
3.3832207678412214,5.74757680888143,-0.04605952146505349,5,1
-1.6456025391278175,-7.568115944027841,0.5410098401506802,5,0
4.3147391868925755,-6.599164334449543,0.026200174297635506,8,1
5.821860546427116,-4.652744147240778,0.8342498031022705,5,0
7.843998512102889,-6.380073122066426,0.5802343728840562,8,1
-8.612639111666205,1.2535669371534282,0.2542540303318701,3,0
-4.229912611742723,24.359215929794658,6.096917836505486,6,1
-6.075595908056264,-6.459854959729244,0.9446232015840591,6,0
6.886687778126282,-1.95027751441607,0.04026784753950944,4,1
1.5348097216163332,-7.366110772776971,2.0573567576611342,6,1
-8.088798275712817,-0.4060811611566058,-1.0016940658418447,2,0
-4.343995526554318,-6.682267858647547,1.6709557289140808,1,0
1.8084506778851916,-8.386021519952022,-1.7759693824996836,7,0
8.206018331756617,-3.865069279179629,0.09581334261843884,8,0
1.4382938444368547,-7.676238247826684,-0.4627845608070423,5,0
-7.48257753716555,2.305563546839249,-0.2970955576481967,2,1
-1.3277835650640188,8.754211694527383,0.21336617556061988,4,0
-8.508132900597099,0.44568957451395486,1.2413303307836596,4,0
-4.856256612758865,7.834173538954468,2.732914591381615,4,1
7.801184411925186,-4.0174643144661335,0.4579024370205577,5,0
-8.213996256610768,0.5312011000769739,-0.16279921248093804,1,0
-9.136042345754666,0.3264461011211499,0.4362950274222524,2,1
-4.698126622737929,8.658343174631806,2.4998789636931797,2,1
-5.7949019478986745,-5.649788915774997,1.2145766434347813,4,0
-7.6764587389586945,-1.594742936605649,-0.5815175039241756,1,0
5.672261539968402,5.3510847280508465,-0.5328702917353507,3,1
5.089476974423034,-7.520207077164034,1.6081006507395494,8,0
-5.085497078960892,7.094709951527186,0.5771989768734891,7,1
-7.235421874087347,4.3790291869978155,-1.0526709353002337,2,0
2.780038209690882,7.632095226675001,1.356213411436801,7,0
-8.18186347381103,-3.120276222665832,-1.6566144564955327,4,0
-3.8442001680364415,-7.906816924620627,0.8599085022946236,3,0
6.017688721530825,-3.7181097044320786,0.4121153423229242,7,1
8.111413035454243,1.684009476101462,0.7478785107827004,6,0
6.4485880868169225,-1.5407726184089543,0.4794065795128467,8,0
-1.4771694474787798,-7.886174478636483,1.1242016929493366,7,1
-4.424646010913713,24.113800019584836,5.635826108922537,8,1
2.9742704613322863,6.077683802933012,-1.2178449329042111,5,0
-0.6802076015250167,6.5544301158856015,-1.8710899950888757,8,0
6.476323113482588,-5.903184082078617,1.567682206308059,6,0
-2.1729526312151806,7.489890128803422,-1.814481948598451,8,1
-7.52710721151417,2.3093876839037826,6.429978686062515,2,0
-1.1379178637739968,-6.284668156117532,-0.0534258764665686,1,1
5.880680981112774,-4.049151367943156,0.4152254946106258,8,0
-4.254108913463526,-5.63842762427081,-0.36622867914069035,4,0
1.2171838289792247,-25.928877500980555,5.350932633193886,8,0
3.887893627486988,7.592648272167976,-0.3188733468530843,4,0
5.709587063911477,-5.157772061514095,-0.6502640597243676,4,1
-0.42180490610057464,7.872397807456155,-0.0992226496251858,2,1
2.591631060759971,7.453911448872549,0.5451655623544022,5,1
7.613457885837625,-2.0129435004618683,-0.06253612261238214,6,0
1.2694986602517444,7.297074659387105,0.272771823797506,1,1
4.66517619412242,5.318468253375399,1.248944273870903,8,1
-6.302578473331296,-5.1632807160567324,1.0684880178579952,2,0
-1.3240786894659222,8.083334019665113,-0.0010239663530799998,7,1
6.475050123566298,5.568282379257886,-0.7166802331467276,4,1
-6.334186533608793,-4.321273509956095,3.5818295285269084,4,0
-0.20815099358860534,-8.412984405461929,0.5291827149368341,7,0
2.9993758622211066,-6.616829303185364,0.43909917408660665,7,0
4.542743334922023,5.435935787478987,1.3903408817599239,5,0
-7.790330696723034,-4.239346791410561,-11.575046114060179,2,1
3.1913081085157486,-7.11276391144513,-0.7493814026959909,6,0
3.969670954752049,7.02545397899292,-0.7750370840329214,5,0
2.519047972024742,7.975733664665442,-1.639972256045674,2,1
6.797551482924844,-0.13205890766812062,1.3630236022853817,5,1
-7.4945195899095545,0.3454022437254669,-0.1393189977424362,2,0
2.4530259552712526,8.07245161042127,-1.0338956019947505,5,1
-0.41091305786377774,-8.092089148070512,0.9718292895030666,8,0
8.923996852022732,-0.6793718303670089,-1.1015114426829737,8,0
3.43043302599125,8.191303692601752,-0.10332815623510767,3,1
-2.3787894732377795,-7.060635974712914,0.05937419958029611,8,1
4.024153363365378,8.539381269269763,0.5811147282542309,5,1
9.289238900317882,0.5831558909036109,-0.7501578759667338,8,1
2.778649831072893,-22.538042574436528,6.944778577888607,6,0
-8.409382734403357,3.0597100529951673,-0.30227647744038694,1,0
5.415743016870817,-2.803559807633471,-3.971874964755595,7,1
-8.631094027974326,-1.9278651703269845,-0.14238548630036127,1,1
7.316545589196924,8.403789595899665,0.6264640771692191,7,1
-9.044388456987045,3.0386546511676387,-0.08714885782906782,3,0
3.1324234269069935,7.314214615294529,1.702878945786099,3,0
5.941800350225025,-5.272184278417248,-0.1983406051560022,2,1
-11.360297051773404,-25.04952380580832,5.707124955492553,6,0
-4.1667628103583665,6.820456195788289,-0.8129414872176057,8,0
-8.586653103335633,-2.1856675686308145,-1.015826559321857,3,0
-3.966684704055827,-6.111677574335953,-0.7840837427312165,4,1
1.5634156886791275,-6.207385592682495,-0.30235653338549107,3,1
6.311065121858933,4.053621841878262,0.7327434084488422,8,0
7.5657603292894615,1.716108447380282,-1.4548980969894376,5,1
5.23745813852682,7.197225550048321,-0.3185629978885157,8,1
-8.011738823925363,6.61888321839209,0.8553388808218123,4,1
-7.735609530220227,2.2137541555813836,-2.8943696193343627,3,1
6.569687180006057,6.906882596628272,0.6481570838231495,7,1
-7.515530873247824,4.837652022457337,-2.1347856313304785,3,1
-5.600378715955335,1.9817109405949784,-0.036727717654272046,3,0
8.311591478001116,5.449765327854377,1.823436779974586,8,0
6.494806900205897,-4.8935813216820785,1.4132045177024999,5,0
-6.7205635526442515,-6.622761417848798,1.229666799374094,2,1
-19.821301311714944,15.665193899074719,5.976121958972659,5,1
-9.066880899258948,0.4007612636496629,-0.8524684695854499,2,0
-3.358888123674526,6.722169498230396,0.1703804313098458,3,1
4.551309492749811,-5.986686348460138,-1.0364208609917174,7,1
-22.149614293161957,-12.543525295094986,8.831199226701854,3,0
-7.870232799393347,0.20584441650388166,0.9932467167821495,1,0
5.6389016209234715,-4.537475920041306,0.17216928147351482,7,1
4.779866854734833,-6.236353468258963,-6.110646978702316,5,0
2.845517222059177,-6.708443059077775,-2.7359453400377185,6,0
0.241266191456881,6.957251317541851,0.3493809446594913,4,1
4.323126597235823,8.060723405167899,0.09268066845059267,7,1
-2.777233340826098,-7.715362325572521,3.879498115902197,1,1
-6.301085876525876,1.279095507038926,0.22757084121890178,1,0
-1.0017296417334882,-7.827382359738919,1.726911370975864,6,0
-0.4779426442883363,-8.148534136331476,-0.49844103455898325,8,0
-2.496141651284861,6.870218098683214,-1.3911470699020279,4,1
0.8739803202141787,8.12977485550954,0.7629477164404638,3,1
-7.522479845745424,-0.0012783758884636898,-0.3470529255657475,2,1
-1.7570724191788307,8.938143804379129,0.5488257359714457,2,0
-5.648446534280725,-8.086812298587324,2.4527098751103704,6,0
-0.4116426614479562,-6.647264659100761,-0.92349010971812,4,1
-8.251374045892762,1.814408562526943,1.6633771385755496,5,1
-1.2832984842676236,-6.5955859707390925,0.8306159811603612,4,0
-9.56752561820721,0.2116897545338876,-0.08512484338401943,4,0
-2.0482882413736054,-6.858415824326387,0.4906321638652343,1,0
0.4337699792730222,7.925649961734,-0.31930691006007983,4,1
-0.6628571827733585,-8.98278680122347,-1.1423519508609465,5,0
-3.019474453250235,-8.38910301327635,1.6052812298430372,3,0
-0.7032491371121378,7.199582647444601,-1.162865804800895,5,0
-7.840446840368325,-4.641571879913691,-0.06608486136366265,3,0
4.544975775246694,-5.288039452842133,-0.4283594044962041,8,0
0.7291746702282556,7.913042079857159,-0.7102159425218411,6,0
-0.4601690790791234,-8.797239933030733,0.4608963792734934,5,1
9.29213599661456,-0.21399512988326475,-0.5425161998872722,8,0
5.501983214916917,-3.368737590132125,-0.20292180269585794,3,0
-7.19693376200471,3.3891741274548037,0.7483937886371176,1,1
-6.962241884249497,-5.2099578301887295,-0.8854482630298197,1,0
10.301373332346156,-0.694652968689482,1.1855751605880842,8,1
-8.13136534332651,-4.233461183970694,0.43663309399781486,3,0
7.139993042039818,6.288837332541318,-0.4810916425650192,8,0
7.190802426623737,0.37692890400066226,2.0640965257881265,7,0
0.8762339737644997,-6.023474790131176,1.829991824881492,4,0
-21.005545870937578,11.652601111682387,10.334012772085376,2,0
2.0290240564983777,9.956722292070154,-0.19428531891267348,1,0
-4.64305363735815,6.522649968496283,2.6207039095994906,3,0
-0.21157852619695428,-8.27602076784823,-7.495580721564189,1,0
-9.296361696360298,0.2426244210995696,-0.9970211934268326,2,1
3.698493872236375,-4.798783164996609,-0.7442274031065328,4,1
-2.3179923633737127,-6.014180552810069,-0.02718078213384682,3,1
7.163225311659252,0.43695439932353897,-0.42378456775269957,4,0
5.750839965938615,-6.723301933832563,-0.13759017034490345,4,1
1.4682469427772367,27.37296850392553,5.035599931038791,8,1
-5.232516918234142,-7.060819574717292,0.6570772611349618,1,0
7.02765439874366,0.9092139414573155,-0.9291976021786439,7,1
8.095342949295516,-0.798175253744303,-0.6748030523896098,5,0
-2.3716779295004535,7.399999524217533,0.10721690227666585,1,0
-3.3776745849586653,-7.089587070165791,-2.9336654108279703,5,0
4.340356534635292,-7.427827387727445,0.23825621514045794,8,0
3.656824207465678,8.176057741667996,2.793990529360656,5,1
3.4758520339869587,-5.813391947986166,-0.5360018303358715,4,0
8.023386746307366,0.8597378107159959,-4.0462483704391685,5,0
-8.206578167436795,2.500591332512579,-0.2305971398859329,1,1
-7.882565625009005,0.8776555440238655,0.05742250884299856,1,0
-5.293011162872227,6.146519604172824,0.46626330400549787,4,1
-4.677537608186152,-3.8538983003575566,1.3672689397755542,8,0
4.969656325729824,-2.916131126237376,2.2194908288395965,5,1
-3.9245948811554676,9.094030356048274,0.15241623852368347,5,0
-5.557375385111439,-4.326654748603589,-0.6792438221032374,3,1
6.4656021425301144,-6.162610073072395,0.07360909659667568,2,1
1.1545480316888703,-7.24065746496232,0.28313335472194157,5,0
8.85241709926925,2.9204036347557,-1.1933075315417505,6,1
7.563695562859477,-0.33069825075098924,0.08965291746225572,8,1
7.293822629329261,0.7041027564595723,0.29139788136462635,8,0
-8.202555591846076,-2.7597857103053793,0.840027715757831,3,0
-7.196617891773945,-3.488695070107645,0.38482030049480814,5,0
1.2707522711650332,-8.244494930326779,0.7269184529281552,5,0
3.9782744238826515,6.896977300906663,-1.6332317103774479,7,1
3.33746324384147,7.660090322406535,0.927807722266258,6,1
0.44534128258442196,-8.425177738942704,1.4941380598678509,7,1
3.2636681497002398,4.911672805014053,-0.18105926543973178,8,0
-4.826372422906397,3.0046117255512144,1.1964413674695225,5,0
0.4197578029138743,-8.621481554575237,-1.5352060850467473,2,1
-4.642125818717696,-7.323994498578912,2.3243616295366705,3,1
0.6480071508143872,7.167388555534812,-0.07700979338821654,6,1
-1.3344875764855644,8.385334264626847,-0.4086767075355974,6,1
6.87843187755604,-1.8644494216802734,0.09473464631799199,7,1
-6.838414677171704,1.9646290047868433,5.38422385209063,3,0
7.769499227729021,2.6075759696811085,0.292057222223189,7,0
1.9104715947071895,8.108506956105861,0.5012016781004245,4,0
-5.0431523225326185,6.13727507118197,-1.3989324817761475,2,1
6.866308979161543,-1.5870018889495723,0.32777351315617426,8,1
-2.7151953322970495,8.381818254198768,-4.925841369699765,2,1
6.509944669946864,1.593699134281292,2.2747165234917497,8,1
-7.189016868392055,-2.485529782988121,0.8399101541368843,3,1
6.65077460829567,5.658047081159944,0.08183900608698957,3,1
-0.6532229077373368,6.0382456467624595,0.13427466703569393,2,0
8.649179690375725,-1.1304539889693148,0.3544102627792693,7,1
-1.55806470225582,-8.367342167263596,0.8916474026149824,1,0
7.5449982968035485,1.9664398303270731,0.6190831005046965,8,0
-7.5846365621714815,1.9675527377199185,1.0546633991237166,2,1
3.558159312861386,5.874129994292263,-0.9936990178887276,4,0
6.2200933205513245,5.758616578825973,0.6233113056014102,8,1
-8.449041873657785,-3.168430622290309,-0.11659147750417614,2,1
-8.171236977013129,-0.12247379047550822,-1.2076366397078897,3,0
0.406117131446235,-7.663723567835045,-0.053064658875778624,3,0
7.402551908182341,-5.302834480467776,-0.06958443552058761,6,0
1.2012053408642944,8.121186040201241,1.2986781715936004,7,1
7.58929654583239,-3.317936013525662,0.15468660704644382,5,0
-6.708206820725294,-0.1810277897689011,0.1257961300300529,4,1
-0.8868088611607035,7.346410046314936,-0.533843649113192,1,1
4.479528051362222,-7.354462878110945,-0.5448402788776288,8,0
6.74928803760518,-0.3569211693767538,-0.8832736130832435,5,1
-8.996517747164923,-0.9366465343383317,-0.07210892099051838,2,0
-2.0754108254234698,-5.969702519395844,-1.1239646200575895,3,0
-1.0947942009554612,7.808750067451422,-0.007440911592175663,2,0
3.732791363525876,-6.046079924156141,-1.119555537511814,3,0
2.3802316385242586,9.54273594659836,0.7355974185439127,6,1
4.555516165692691,-7.906675679952729,1.1685796108260547,7,0
6.08822918209615,2.937185980445352,0.8327846663271613,4,0
5.567841884427238,8.38439293004702,0.5559590480909385,7,0
-5.669623013048415,5.13711476655123,0.7675851311483868,4,0
6.414368115340494,-7.328799988621447,1.1726870793842958,5,0
4.9715313685628555,6.771410561535165,0.04276681330303575,3,0
4.809608562369803,-6.2771706606296584,-1.1888314354023402,5,0
0.3023153890908956,9.351941809954516,3.98276537016415,6,0
-20.640788877844688,7.544894493814851,5.990379802522972,2,1
-5.080997415719746,5.790554839677315,-1.9864702063125108,1,1
5.897564517387712,4.857118417825781,0.20759620457105693,7,1
7.4181922104575655,-2.3292900091232003,1.0061558943632396,8,1
-7.809329484289041,2.8403523746245676,5.0467436175400096,2,0
-3.1149628193590333,-7.7618888520721985,0.1336557215256557,3,0
-7.563381596728331,-2.8817106532961905,0.548383025313951,8,0
-9.770271077104853,1.4880301415223736,-1.1257774959348055,2,0
-5.812623101346572,-4.739700273474557,0.2917798640022171,1,0
7.14788648714908,-5.477496060946571,-4.835409646705092,4,0
-3.419343432216797,-8.629969645343444,1.4338135480438547,2,0
-8.081053507561284,-0.922113147329805,-0.08208449385200875,3,0
-5.479629212107377,-5.719033231572411,0.4133611740600441,3,1
-8.645964211728453,-5.344012137608838,5.424455864791424,2,0
-6.136882930032179,3.092659739684653,0.2195702074234739,7,1
-6.494379466922899,-6.305303453201464,-0.33943566529040164,3,0
-10.530413370242313,1.7656306887950608,2.2039943843202776,1,0
1.4398357568972724,-8.573448875853487,0.5963556612084719,2,0
23.734873077245737,-8.816303793462048,1.5266884994904872,8,0
6.116141622385344,-0.8060244512675734,0.8347147054344509,3,0
4.056956614068645,-8.520230850139148,1.4884244401148614,5,1
-7.050347013228904,-4.8026924075994994,1.381776814803789,1,1
-1.2297055754788215,-10.004073416230614,-0.2984297748223355,5,0
3.33553220262459,7.768911378841852,-1.893068071811137,3,0
-7.338725736408055,1.9268325498980559,0.44833469472861504,4,0
-1.9206058987760586,8.049477179952298,0.4556748350842319,5,1
7.729619814702938,0.08844210719480261,-0.8774825829717474,7,0
7.6141394396483255,-2.3202552039549493,0.9160049085763283,8,1
2.2291517691700427,-4.877177297065771,2.452307158214878,8,0
-7.64039528441584,-2.1720075931566405,-1.7602592905295738,1,1
0.2644385643520245,7.549972679415617,0.17524335083530107,6,1
-3.2244138518566365,-8.260376813835954,-1.0951570769978443,4,0
-6.80112988413564,2.386533313727161,0.6083920330516792,5,0
1.5348674848782915,-6.422998314300212,-0.2913097797559075,5,0
7.8210819198965185,-0.17170877722791889,0.8582927446403963,8,1
-3.9724336433247442,5.83154623017982,-4.380747058067101,1,1
-0.18687743665952494,8.300768988138039,1.2440002149380138,2,0
-2.4133807661832587,8.173432696865095,-1.9609079260565998,2,1
5.907299268347976,5.283145575504924,0.7234105629391532,6,0
-5.745078590477398,5.355599221492263,-0.7137610089479658,3,0
6.345141511240442,0.770734485672471,0.16921963581098226,4,0
4.843671044666266,5.230802597070882,-0.6390636528883195,3,0
-3.4024524645723657,6.384951940756519,0.18862623131378956,2,1
5.4814702405711175,7.119978132082907,0.5422138709112174,2,0
-1.248720355228822,-8.858532371586215,-0.8461573801684665,3,1
5.218308148007906,5.1273975199426625,1.0990085693497567,6,0
4.984241593581709,-4.421079324480887,-0.1697593166452212,7,0
1.2592217125662633,7.927323041014329,0.7466552323690312,5,0
4.820517426306622,4.683907749937592,0.6301118582190482,8,1
8.160866849404128,0.134888287851539,1.978123776044216,8,1
-2.2207165477654103,-7.482665880326733,1.685291886269047,6,0
1.182325156576354,8.138056696046343,-0.5464143976376771,5,1
-6.841570421049569,0.1444337949710297,2.3633490604662635,4,1
7.196363622014326,4.551997885322456,-0.34761857428942006,6,1
7.758954289029917,-0.9408300747728986,-2.9402645357005244,6,1
6.189440165539459,6.462925334942688,0.4780644744412854,8,1
-6.680943525897379,5.081271697821703,-0.3420373681687674,2,1
4.205774845412288,-5.537676618264684,0.7232055905171028,3,0
2.5298941576946024,26.13884369825499,8.907891062674926,8,1
-0.7173092968904252,8.667880728997782,3.5315264990206683,7,0
1.9807359942069862,-7.267283540982234,-1.2133296629909684,5,1
-0.8684682125361493,6.58461655862869,-2.237593776882781,1,0
8.473282380459157,-1.104498717318913,1.2009638796074653,8,1
-7.621263534102017,3.540587192174104,0.5852440055569402,3,1
7.2444632306907,0.7119911647447581,0.5987300653440341,6,0
6.815580100677342,-5.11560793455135,1.2368765215276751,8,1
-4.460861469333068,-6.985957625784619,0.20241423560407046,1,1
-4.648233958926015,-4.0955814251279685,0.1987343386660952,3,0
1.224732716992548,6.648420202867794,-0.5752220615171661,3,0
-1.327127971448868,-8.016767449432713,-0.9175062875295938,7,1
-4.894348312747866,-6.325073574642345,0.7589837424945368,4,0
7.01402850623841,3.6200688444286326,6.725561972762491,5,1
6.796360770756048,-5.170817441619293,2.236285394273688,8,1
-4.628704147165548,-5.552905586643597,0.39346884893495043,1,1
5.201293047537454,-24.550422697703247,4.371205174525054,8,0
1.6127535363429073,9.77168113892445,2.6487651151106095,3,1
7.049496181324322,4.756832925866475,0.8790685879570919,5,1
-3.0322598989232574,-8.474158457464656,1.402976235813617,3,0
1.3945150878655697,-6.20512422620592,0.19703119920571116,7,0
-6.2788847654912,5.139916411074622,-0.4903233111719714,7,0
8.685909638377339,-0.47701789362056823,0.17308860330188022,3,0
3.379267086248636,-8.372419196691133,0.4617825967513904,6,0
1.8846591755097986,7.11108773954347,-0.12605401334503732,8,1
-4.883431145408827,7.006153383382245,0.31964363073469254,2,0
-5.3196431768169745,-5.990341221605986,-0.3498418974564484,2,0
6.844157870937428,3.831825915420613,-1.2274235356434695,6,0
7.876920904731122,3.290535701001644,1.6250587907950267,8,0
7.412231995408847,0.49164444712124444,0.8872781547726811,8,0
6.686131952542001,-2.1305276019465933,0.5412862185649697,5,0
-3.072821703209994,6.267941706798473,0.24384197745395292,2,0
-3.3397981708830384,-7.24423817642207,1.9271480039160265,7,0
8.265466964806492,-1.146343483414949,-0.07650872347953039,5,0
-2.597424515336181,-7.587872131040766,0.36027846385236606,1,0
-6.502901940764312,-2.3054423774717434,4.328240378742939,1,1
-8.223895922059718,0.3514706434336963,1.0071429639103564,1,1
-5.556409302712833,7.859770106464388,2.77884862322941,7,1
-6.747780332426604,-4.436274232423411,1.6941643197532341,1,0
9.638483027887,-3.562227154348626,0.8888431706150861,8,1
0.25639245604158667,-8.568038282041401,-0.923032351095972,7,1
-6.296946777606763,2.0566672028297774,1.8968878831338503,3,1
-3.364211167965729,7.477132396096987,-0.47357163431156046,1,1
7.966210393726262,-4.300152246684824,-1.9942239408591844,3,0
5.624851477252555,7.3860699943725585,0.5660450421661429,5,1
5.224304225890746,-6.944437731696579,-0.6764341045354731,8,0
-1.3997483622937152,7.426564752506539,-0.7422864148760414,2,0
-1.754339131993616,-7.639154271723247,2.081409683632706,3,0
0.6323534405833713,-7.725602722131519,-0.3968484731964306,5,0
-7.888001966642533,1.6997969416342242,2.612531278215015,1,0
4.46475458441412,7.665360667801989,0.18348608266039207,5,0
3.5774436206286175,-8.441278965147355,0.12185834912514071,3,0
-4.697399394237518,5.047679084916621,-2.0331241686383765,8,1
-2.5703054609011042,8.621411559997306,11.136258614154626,2,0
-9.528237477459129,0.05075659640580321,0.0562390177120902,6,0
-6.051135133682041,4.192243563054616,0.7556775864494353,1,0
-5.363176303917134,-8.156256938235178,0.14018866133921748,3,0
3.9269449290719933,6.596844529213369,-0.31976116080829275,6,0
-6.942408855656337,0.44744682574361283,-2.4375041331367293,2,1
5.917447649831415,-4.232470301759122,-0.605520466023348,6,0
7.943483439956879,1.9435046936277294,0.9152796074836913,8,0
-8.079304752221715,1.0598806145684372,0.44465983670962783,3,1
-4.281069334659318,-6.71681996082599,-0.11092612914030282,3,1
6.705387791067613,-4.491011689637637,-0.30166550104913203,5,0
-6.564883633402369,-3.351167460879019,-0.08767574175418075,2,1
3.233882423632655,-8.583808276295631,-0.13266921663312706,5,0
1.8430267983128823,8.00889929182967,0.7384765964567908,5,1
-4.31885946474249,5.123674921045404,-0.8589783408341286,3,0
9.267794762380326,-2.134579453779264,16.303570078687944,5,0
5.745192723594472,-6.189082660344201,0.3263054328404948,4,0
-6.398320128287409,-3.95085654309838,-0.19130870923328416,4,1
-5.643944623384924,0.6140206011335896,-2.825105024966166,1,1
-5.904355355099921,2.2365799715691805,1.7632265990256872,6,0
9.041139347022375,2.153477331860469,0.5222564349412034,6,0
6.258415384215795,-4.202011482172427,1.3936023837109046,8,1
3.9839198698436675,-6.176968640619991,0.5372405483245131,8,1
-8.187129624996098,2.256276591752617,-4.456309870093108,1,1
-0.22300129058958595,7.1582686357465874,0.906273561414977,4,1
-3.8372967512055824,6.455667883027931,-0.006949620385446891,7,1
5.927727516380756,5.6756497108592825,0.6246197726081281,8,1
-2.1988720166429925,-8.135351219714336,1.5365699903212624,6,0
-7.353267771868002,-2.8914506617100604,-0.09224935695704439,5,1
2.3704571488916537,8.970083752298553,1.1946271480817199,3,0
-17.404834140931158,-18.752110605269365,5.76590765245611,3,0
7.107952100148636,0.9327685036048476,0.24280912453067002,5,0
4.73879190093488,5.677375491677017,-5.370662573606624,2,1
-7.368427657124819,1.7518634239190145,-0.548886031835662,2,0
-26.686911053940772,-0.4169999907822767,6.155028783041323,1,0
3.44781078029191,6.221989038034707,-0.0025886847142893576,5,0
-6.515306813304669,-1.5861244837466981,-0.8102166169571454,1,0
-6.81481477555741,-4.835019996188105,-1.535497555875716,1,0
5.06666762852152,6.337545749537546,0.004561874272025515,8,1
5.410120059152721,5.337687077748491,0.33030347328230675,6,1
6.127951007601466,-6.288414641203543,-0.07321142194693363,3,0
-9.487016221916035,21.985177241263962,6.963648487088468,5,1
-6.691999016051482,-7.509879698395213,0.7121857046138358,6,0
-6.35626064218699,-5.131849228093741,0.19029479826119566,5,0
3.290089432170934,-8.325311130032063,0.12949533382957543,4,0
-1.4166753173229703,-8.368712830705658,0.8207717947283195,3,0
3.9655491208930247,-6.86794662039932,-0.8817051408978217,3,0
-4.616608472091747,-4.415228939805076,-2.738464488148304,1,0
-5.594513520587443,0.8731648208864191,-0.48685451865488605,1,0
-7.13270551030282,5.658476157830885,0.3453961838448217,1,1
-6.252287232233211,6.372612588723749,-4.1077886499420995,1,0
-6.764071289043813,5.503816752870685,0.16145157730642717,3,1
6.54435165904457,6.8689427907557565,-0.6221491832582159,5,0
-7.516001284567144,3.5810363401628,0.033213979190284806,3,0
-6.451536535729584,3.614967581347122,0.8287922401983903,6,0
9.283771814282876,2.4695149205645777,0.036765493037623824,8,1
-1.6029939827566009,9.205068403409133,-0.4128034060151804,3,0
-0.5345149349556907,-9.837560213947398,-0.05330824310463028,6,0
-6.052247434982243,-5.0417776279322695,-1.1755520749536568,2,1
2.5692698783418315,-7.300842008143334,0.11910600479238795,4,0
-7.328494452065195,-1.2716990011737455,1.6532805517243467,1,0
5.447636240190919,-5.799470085146688,-0.4187148557048076,6,0
1.4926350113614713,-7.372968762190076,-0.8634156851511496,7,0
5.016891968846686,6.194388895626862,1.6122764649795163,3,0
6.5140902152785145,-1.498209343450847,0.2926525908140378,5,1
6.646806126901548,0.010060914299193202,-1.4240289643337576,5,0
-6.550845289940088,-5.101537419777847,-0.017802412015937442,3,1
3.2557886694177838,-7.489405655327488,-0.7055419826906347,5,1
-4.400097245251079,6.830508424384998,-1.730199068800252,4,0
-5.294429538142012,-3.735061761108902,0.08408891095136545,7,1
-6.3199129904568565,5.414901302321029,-1.7721673079083946,1,1
7.901566734163803,3.3270822159590296,0.7111615905992258,5,1
6.938314928203686,1.1742485912794334,-1.4165284272060759,6,1
5.729666084697472,5.794756202236915,-2.147121917333781,8,1
7.048250223600335,3.505449013321485,-1.1599581052392982,3,1
-6.664577616909926,-5.680233936029582,1.4534272552425178,3,1
-7.734709743953806,-1.4983897157003534,-2.13735347563275,2,1
-8.834302986567966,0.8152969512716914,3.26375453390365,4,0
-2.3059592068001202,-7.186986983913461,-0.7905577764580175,5,0
8.060870841534891,1.114931086177289,-0.8105545671522454,6,0
-1.6706109173889088,8.114562603425869,-1.015697499780222,5,0
3.9086264308652074,-6.707232725282802,-0.6793715416551079,4,0
6.465598279442428,-4.810957674599475,-0.13379404742029272,8,1
-10.267466044632592,4.091268593514293,-0.5623361401996406,4,0
7.7608191342029595,3.3753992689537853,-0.0652035067436696,7,0
0.9795770349524116,-8.783223002155818,-2.006313040389414,3,1
19.525946725233826,-16.66458473425039,6.0451862226412265,8,0
-6.159820701825169,4.216593710441705,0.8409212993434585,5,0
1.3006631764062586,8.36260384601219,-1.00268393623661,4,0
8.525405344606543,0.09256200497258771,-1.4627378855398794,3,0
-7.959648585653681,-4.696822022276741,0.27687931397189064,4,0
7.830674830333863,-2.4116220843077527,0.6917998296504064,4,1
-3.666223308309008,-7.804360011049486,-1.8108724161987235,4,0
-5.235562045944771,8.159981123071294,0.14785251993091444,1,1
-5.53688349095368,-3.297294296934281,-0.8915127016392219,3,0
11.070546223659314,-18.17032963208261,2.8043838294252748,8,0
-7.159558816460804,0.18198483723700254,2.1957409881599497,1,1
3.6269348033864968,-6.472609669896572,-0.29462453609658606,6,1
-6.45009979191936,5.86304712448865,1.8860268261468411,1,1
-3.8253509674747677,7.112338720965736,1.206489381788261,4,1
-6.953323784878537,-5.15992519523954,-0.7495593011387396,2,0
-7.880665865340023,1.936589954618444,-1.3943893523620394,1,0
6.041366286919074,-0.9772835660553982,-0.902559590207869,3,1
-8.054421039266115,-2.118993096623961,1.1783332367055133,1,1
-6.339609881852642,4.972159188739434,0.6042597924387743,5,1
-4.389097606630014,5.126013850180915,-0.3863985185726629,5,0
-6.603767156610082,-2.4912656140021197,4.569205046956607,8,0
-6.773678564945187,6.996290921347419,-1.2851082620543568,1,0
-2.013481357466607,-8.219962911572873,-0.9577979604000825,2,0
-6.907480352350354,5.524806304737775,-0.056308227383013616,3,1
-4.907182031987078,6.255417070129577,-0.5772299276314359,2,1
-4.348646416247989,-3.636527708104313,1.2660365127905842,2,0
5.376561932540588,1.7909131395300306,0.22636291198020783,6,0
-6.290092207270782,-5.99472536400139,-0.1510148827745588,4,0
-8.68917801058155,-0.7390705718220056,1.7280957689277683,1,0
-7.870675769182357,2.7096041659688073,-1.4067166116274894,1,1
-3.0212386076579323,-9.110038995632586,-1.2721873984312844,1,1
0.41609099426889057,-6.790493407116303,-0.8002793242901235,4,0
4.523546598722251,-7.37247336936557,-1.387658477997234,6,1
-7.798060914156774,6.616523193886712,-0.06694632378042999,5,1
-4.458817345966736,5.933532092105037,-1.9908454910736628,2,1
-3.4927293187637787,-9.239154316898029,-2.125091700758113,3,0
-7.927512112198662,-4.172129006334053,0.5568699280477688,1,0
-6.618756932784842,-5.707655622752517,-0.8864642938634892,1,0
-7.764549833892281,-0.5126266796264973,0.7972902784067589,3,0
-0.5676284822855457,-7.757336926169179,2.6753131527510887,2,0
3.1170903625344475,6.4084108366548875,-2.053003485520965,7,1
-7.419593086435733,-1.9739612377975013,-2.5819096904167655,3,0
4.463360175352646,8.087481445131939,-0.49673743579500224,3,1
-8.857292684416207,3.5603653831336755,0.9383010009719926,1,1
-2.640726455340334,-5.948027193606629,0.46001106236884276,2,0
-7.451909217202988,1.581364372001643,0.34889419711650005,1,1
-7.734232855979741,6.286936355008223,-0.5035936253038015,1,0
7.064261425128981,-5.950326082249312,-3.6684435818379026,2,0
3.7726534632770323,-7.721516850733276,-0.14198311612164763,5,0
-10.083866245016523,-0.9342449881103994,-0.8006777114373127,3,0
6.8894173371757645,-1.304599419445895,-0.16222170853209741,5,0
-6.565567387901698,3.0623996702942757,-0.4043418129943238,3,0
3.398005445401446,-6.832734797412232,0.4806812032066868,5,0
3.1166873125471657,6.807845238041735,2.7299116910455976,7,1
-1.267082252619887,7.434284513140859,-0.5287233017302047,2,0
-4.5394566329851305,6.842420709065624,-3.154144785175499,3,1
5.2300717678106325,2.7030240119444926,-1.2419293722871747,6,1
-7.760350761908009,-2.079617905493617,1.4933485887557307,5,0
1.8460354554908482,5.707699553225066,-1.4072710215962696,6,1
-6.96956581266581,-5.547393014409983,0.2045403886087814,3,1
2.7183712748390487,7.181519196769701,0.10682087364288712,2,0
4.393794731131558,4.947664604317557,0.30308168880809383,4,0
8.226021893841617,-1.596205809514707,-1.7825436878871193,4,0
-3.538359159588149,-5.741724613409657,0.4544185949481386,2,1
7.118476020803012,-4.962368617777377,1.800382771013048,7,1
-8.740502591776504,0.4102638100232605,1.5042690877040392,3,0
7.047970556023207,0.6120680638578524,-0.7233779866936523,7,1
-7.072594157798774,-1.1734293099372226,0.03499031672369815,5,0
-7.9569115682525915,-2.869540787516873,-0.6877848865309181,3,0
6.65257513971248,1.9950468152123029,-0.34903712849001084,3,1
6.0220838441926645,-5.318388873667885,-1.555010722464284,6,0
-4.472961962429878,-5.902643789532386,-0.5143755383785306,4,0
-0.5692192700345957,-6.2856712919951985,5.204628892798651,8,0
-7.361437230407318,-1.9137375778305428,-0.2590311800597067,2,1
-5.431603986988089,-5.999262196004555,-0.7890839885158206,2,0
0.5228318771195142,8.399380613809356,-2.7995527649899743,6,1
6.150955390849316,-1.0442794485577076,1.9438000222565992,7,0
-6.2827147714853835,5.036416926013288,6.154529853589887,1,0
4.762945614645054,8.312529672954117,0.5162356888973735,2,0
7.925224052133729,2.7760503957236278,-1.026669239673982,8,0
-4.098196961785792,-3.796941211026915,0.6286408083394632,1,1
8.871489990096768,-0.6276961109536898,-1.255852570499338,6,1
6.778168698806902,-4.615596260294678,-0.8575543286841238,8,1
-2.352794827705977,-5.475305168303512,-1.4709571510896091,1,0
7.23699128394248,0.6825810286669217,2.0324654329883733,4,1
-1.4850322808126963,-9.364113887735783,0.34752679154622157,2,0
-4.443102032553512,6.22794265887436,0.28627442029830097,7,0
-5.858379302085368,-4.66037973068459,1.126536812864217,7,1
5.99406992681076,5.314754240566298,0.45540610401217346,4,0
2.5060291118380023,9.459761206361065,3.9571535128222393,7,1
-6.713089283794158,3.926179364093858,0.5055182239141507,3,1
3.088603302924825,7.058726308621544,0.8289967900761707,5,1
7.791047414829677,-2.479862138319983,-0.09552373327917649,3,0
6.535905231402003,-0.093808717678741,0.43337468441469906,8,1
-5.951542799982637,5.556892047242998,-0.6195017540615664,1,1
-1.6632484745048424,-6.466403195611619,0.017027882557750496,4,1
-7.542690630192,4.044243972704725,2.0510220275801303,2,0
4.353293567040376,5.318170770594699,1.1848664469027022,8,0
-13.99638312085654,21.028941139456556,7.075919574109932,5,0
1.420181448564179,8.276822274949232,0.16581501528952805,3,0
-4.825956982227759,8.350638575641597,0.7324417107824098,2,0
2.688494298684822,6.906386187321506,-0.6177496555323618,2,0
7.312411795850775,5.51660045392328,1.1300347335772414,7,0
1.4693656817868912,8.191132203482828,-3.089232277267257,5,1
20.699809585449035,-13.026940448409082,7.471500036651301,8,1
21.819240993778024,12.18237043366066,5.816580511477522,8,0
-5.646847350422233,7.660779801317794,-0.7822234749810747,7,0
-8.246180490549172,-0.6444973378854654,-1.2791540806790846,4,0
-4.402202320653551,5.988560351508411,-0.47406886781962404,6,0
-6.928106932525116,-0.6783833012534222,0.06483434906574956,1,1
7.867769916945073,2.0174463400782274,0.6001710032756712,8,1
-3.0767023804786424,-7.14288125025543,-0.05031531292607354,4,1
-7.694743144305348,-4.344199232218564,-0.09527888862883012,1,0
-2.63549346230983,-7.841311915748858,0.28831839862890696,2,0
-7.766262923144205,-3.797952722082089,4.496024435934699,2,0
-23.014546825585953,7.382194864696022,3.9561044705487896,1,0
-18.52612965397838,20.9904452548998,5.960975080431837,1,1
-0.9333842559166259,8.766608360683335,2.4246429797174582,3,1
-6.441471526127438,-0.16762812444196998,0.7489260941687729,4,0
9.19255127166328,1.2794422722760634,-3.7867761274466005,4,1
-2.1770664189377067,6.5964058494763,-0.1448659252739075,3,1
-5.8675803014778944,-7.272345495891308,2.4254210074629436,5,1
7.912975009629135,5.584505746200671,-0.3177653249535283,2,1
6.8681648609510955,3.408528359769803,-0.4993036741366964,7,1
-3.6421250474915348,-6.621511594884835,2.5645595391774476,5,0
-3.7793688451309273,4.274893857695179,1.0706041259215164,4,0
3.561728678877766,-6.817667202367462,0.032346863611649124,4,1
6.687573928633075,-3.4946684746315144,-0.5267588187330224,3,1
8.728430550289273,-1.9884682968498795,0.8712316767826893,8,1
-6.803459938568593,1.9693794359368932,1.285483403872858,1,0
-0.06319391157637966,8.254903890865693,-1.0122643810942276,2,0
-6.272197979197543,-4.684617095259886,-1.20147440472238,2,0
-5.951454870839152,-6.361097180884537,-3.592925310037461,1,0
-5.992317383079835,-6.025905572544007,-0.12235897796753428,5,0
-1.306384531276977,8.111970041546085,0.847717369524149,3,1
6.398260883106751,5.155797877480969,-3.2696738783071684,8,1
1.5564269004488025,7.778181140734495,0.6024954962937539,6,0
5.418190715801814,4.63020893595071,0.9644436356202809,5,1
5.458778145886943,5.044300604503001,0.8328584985637503,8,0
7.362185685776774,-3.2042809311620077,0.5283608924917511,5,0
7.892478633949986,0.571533414150658,-0.698356247418451,5,0
-5.351677446546325,-4.476020174117433,-0.5906217514671639,4,1
7.609681123857442,-2.444714874025172,0.17126747300815331,7,1
-3.265560275840577,6.3350773483340035,1.3043139574404436,2,0
-8.398771335429538,-3.2645261097459244,2.7275564842285576,1,1
-4.10674559139774,-8.00732404788499,3.5502481654032403,4,0
-3.3853526440872055,6.742421401687734,0.689305958730923,2,0
-7.570118121202257,0.5511377793389647,1.406392882453673,3,0
2.3594210974824907,-6.68677469660826,-1.1347588546944314,4,0
1.1359779021794552,-9.103761666055838,0.2678189161613333,3,0
3.1161058818346024,-9.371555105566973,-0.013605275354500252,5,0
6.500166157179137,-1.2244477613754041,0.7360595606603791,6,1
-4.353454137465466,5.041762538072879,0.9677591449120478,5,0
-0.9623014073889596,-7.962576687000609,-1.27792320197973,5,0
-6.35179508281072,-5.599924202858082,0.7588687809124813,7,0
-2.0164726863386324,-7.19201037669384,0.33161711398504046,4,1
-0.39506474284891635,-8.385592878275576,0.5712849599136199,3,1
0.426466085244591,-6.765031040418606,0.39606412959566456,4,1
7.689256019919345,-6.024607089257086,-0.5385820484247907,7,0
-3.5738597136129053,7.041799245781552,1.0056608670923672,6,1
-3.585060249775111,-6.665316461960876,0.059438306056683946,6,1
-1.7004288875736837,8.79126404823965,0.8294193917025365,2,0
-5.674113321753007,-2.912999487358276,-0.01919074649642672,5,1
0.25761600642953564,-8.106696557043767,-0.6616319463756005,4,0
-0.4216349797369894,-9.347258530340312,3.2555785632427208,3,0
-7.407717812386567,2.7474851779487315,-0.5753208501645948,2,1
-7.173864320782008,-1.7481279094797402,0.6694714255603544,5,1
-4.523767857329378,6.453158765264433,-0.38674900622014663,4,0
5.101148557715767,6.378750901732516,-1.2780586986703704,3,1
-0.0758656395413696,8.178244734434452,-0.9994650049965308,2,0
7.71485849366972,-3.3453199582349455,-0.1449166368274047,4,0
-2.930216024736944,5.760828881599515,-2.504304790277108,2,0
7.667864383606065,-1.283378208131386,-0.16792245652853963,7,0
0.7141627337716623,7.2509794250184525,-1.4639463203303569,2,1
-0.20624435354950932,-7.87213983982767,-1.481831121004301,3,1
-8.073407009528456,-4.0409479466101645,0.7457485895314936,5,0
-0.692733884928781,-6.893988948285505,0.11354194819960857,8,1
-3.89608225979502,-7.3305881545919815,-0.4283628896923099,7,0
-2.83622205985879,-8.38782912224198,0.149470258848281,1,0
6.8164551895629355,-4.64789956094443,0.2014415704583403,8,0
-7.861744658068472,-3.4705026431885178,-0.10957239322358571,2,0
6.489958960893642,3.12824615005223,-1.3042594713334277,6,1
0.06939969195298645,6.418471353966318,1.258467000729553,7,1
-1.7296245386586684,-6.345824227805055,0.9164759473565516,6,0
-8.177643384671352,-0.2311031466604474,-0.26931718847525915,1,1
-6.70639732783977,-3.3870335436776116,-0.43689233608381767,1,0
-6.594357398920776,-5.601993561599867,-0.9395931836418608,2,0
-7.791520991912167,5.227307967867904,0.9195686199599243,1,0
-0.06678249556817328,-7.921671674063929,-0.5376680580768018,6,1
-0.2091301205758309,-6.035396104625336,0.7658552940574451,8,0
-1.685966912123663,-6.780360649358726,0.9556547723156599,4,0
-1.3309644119435637,-8.193833962215944,0.6564215600003516,5,1
4.250784509093657,-3.4590212189699847,1.659505283624923,6,0
-7.654629293569947,-3.1302116582921675,1.5572517526680316,3,1
8.366201163057175,-2.61936207647252,-1.9800317162209915,8,1
6.171451231524362,7.5796359549899,1.240734308142073,2,0
-14.277462746082204,-19.305087711781713,6.476617216242772,4,0
-2.362494573121256,-7.727678276798582,1.4072599781294497,4,0
-25.025738530513788,5.605558502491893,5.94850837386417,1,0
-1.162578713340888,6.078328356417337,0.20321567958132603,3,0
-7.149194915499196,-2.6530172860392396,-0.5621165077970408,6,0
-5.243866504341517,6.258211426286648,-0.309129027356934,1,1
7.929658317502564,-3.3459311943781787,0.3977857118576544,6,1
-5.72387690437046,6.20700766022264,-0.3237467287598448,6,0
3.151702882938243,5.462269453171428,-1.4072993176687598,2,0
-7.205451340884745,-1.8492456817403542,-2.1491003815782608,1,1
-8.06374018412081,4.839676262936929,0.013270069216306002,2,1
6.535025590226632,4.821669812933459,-1.5703578470404616,7,1
-8.307905480755798,-4.595019592526263,1.8948433789776498,2,1
-9.153473723937806,-0.5535561303557,0.7117797032602794,1,0
2.7297501183924724,6.586890959057341,-1.5126635460116604,6,1
-4.436569188935605,-5.339978094632571,-0.05633998389347639,3,1
-6.951740873569124,-2.221841193312712,0.8162723558640703,4,0
2.1982706391062954,-9.243692030374936,3.1382207432637563,8,1
-5.873299020034527,6.4158696293669495,-0.2928953480198259,1,1
1.991369967597779,7.238246347947815,-0.46883903635453195,7,1
7.13356383620405,-1.9941724070065727,1.188430235324751,6,1
-6.795807242923712,-2.3215574253514224,1.5755158081624707,5,0
7.037610087317363,0.8255530067397729,-0.04951739547126328,7,0
3.6540698792308937,-5.961001323333866,3.7116859298094664,8,0
2.3881102156869223,7.534218621607128,-0.43088566540970297,5,0
0.7700166259134889,-5.932578535771571,0.7711514083887265,4,1
-2.069824442233738,-6.6068685218433405,1.545043824706217,3,1
7.8768037221707505,-1.4723138022962314,-2.1443052139097594,3,1
6.313325558251574,-3.8674787059183124,1.7154439546984044,8,1
0.02969850580308475,7.984145158366202,-1.856443650962574,2,0
1.031802926622862,-9.206362118320353,-0.06594036873672207,6,0
-4.165607208721941,8.366808347996562,1.1449280616212811,3,1
-3.7655525049258536,-6.425350901530172,0.1818296748913511,1,0
-5.866594057112261,-4.4201317484500064,-0.6153003617228587,6,0
7.4142587201774415,4.540262372641815,-0.3189054511584739,1,0
24.216308166050794,2.9230150517219657,8.803012955249965,8,1
7.860274367870942,2.823319641693204,-1.6062513284489282,7,1
6.923341518120638,6.050585697386368,0.9097290555638277,2,0
-0.4809355034413157,9.370196431391722,-1.4797684865260554,5,1
7.920647855289635,-3.2130807506376784,2.862801937038555,6,0
-11.83304300130267,-0.49426579660692216,-1.8362373160494148,1,1
2.5351997543736564,-7.690141656166412,-0.2282178327041743,8,0
4.8245040034662106,-6.539156245649601,0.49192530479431384,6,1
-0.07790652427688427,-8.232187849151938,1.7023454820482986,4,1
-4.710071286366867,5.824497495498365,-0.6857396654320707,2,1
5.7898798128645454,-5.544943966229837,0.6377632853117123,8,0
0.7578244976218387,-6.96833313024909,0.5564584556806962,5,1
-0.4569118278393194,-7.002284180128081,0.06320904504570726,2,0
6.692384780960049,-2.7211052142117307,1.137957342824597,5,0
-5.413667591558147,-5.273375439068727,-4.28700275162665,1,0
-5.540699079711394,-3.530643435994527,-0.24115506584822097,2,0
6.806665881118407,-5.789340697166651,-0.6072528460415778,8,1
-5.792576748454561,2.510704279190924,-0.4054053777379609,2,0
2.2244638708424382,-7.675280751853476,-1.3241316191140091,2,1
6.832559600599624,2.3494956425425184,1.4535630747294688,7,0
7.671089624038926,-0.6863168981489091,-0.03646533270574149,5,0
-7.603864353136324,-1.0234331296666457,-0.6626762973269233,3,0
6.163150946667226,1.9113489512457775,-2.976517574800822,5,1
8.224224749953374,-0.642892134789723,-1.8545067380387414,8,1
8.725438309623096,0.8276384910250816,3.909049016922147,5,0
-0.017592333767118218,-6.843271196056682,0.8474271161627784,2,0
3.0122539150151195,11.093737534218953,-0.02925812191461639,7,1
6.07620957931193,-3.8168771504651353,0.8851843346019348,2,0
-5.891912695686653,5.923864144154263,0.253778564702712,2,0
7.80685395484283,2.0682878974274166,-0.23181882086707917,8,1
7.615459170075939,0.6535342521333073,-2.2827983836699497,1,0
-8.097239722431532,-2.833002063475777,-2.092711677664324,2,1
8.81564548362226,-1.1538937563871705,-0.690153239013854,3,0
7.646514158529384,-0.443741614520589,0.9257535975215931,3,0
-4.36905062844388,7.943787498334757,0.8729108295748632,1,1
-8.8723106639585,-0.26866468953039646,-0.04295980269040792,2,0
6.763271541964766,5.125086800951541,0.2417389605555741,5,1
-8.787421086314316,0.23246880204803588,0.042131326569813124,4,0
-4.556004112787083,-5.317993310812333,-0.9696539958283766,3,0
1.4339359343376235,5.61768983881278,3.813500509031557,4,0
-5.019704264897713,-6.038594829097512,-0.5535521516862199,1,1
7.439118836200252,-5.676043679949361,0.45963397684406027,7,1
7.9313683440075575,-0.762095589467829,1.7023141678037832,8,1
0.8419340143692293,9.759946430765439,-0.07414630854173149,3,0
1.8854972106028407,9.857960423336436,-0.6781827043228011,3,1
5.3104906007590085,7.108892999321928,-3.1550521021072715,3,0
2.3988969756878027,6.627439071042946,2.2495955412875404,8,0
-6.1604367697516444,-4.151490143944382,-0.6273548801271696,4,0
6.576854508645547,2.7230888587366326,0.6231950569881453,5,0
-1.886095121615806,-8.99190179841837,-0.3262211767806656,2,0
7.001685729001105,-4.408801127069682,-1.5496975523335634,4,0
6.863529418585307,-4.1091450473301325,-1.081674201817415,5,0
-3.5627618484935484,-7.888877685355063,-0.4027261119039372,5,0
3.0539340118866387,7.939512636326495,-4.175483392901635,4,0
6.6037461306612,4.482833735844143,1.226149549989085,8,1
1.0036991192522953,8.446451438685676,-0.5685335379516976,3,1
22.021228006764954,-4.874355802405439,6.570224504593355,8,1
8.803740573113338,-1.5541766245259974,0.7460722888275222,8,1
-5.296134760902289,5.295749536709582,-0.6811578276450351,3,0
-2.775997018785231,7.175148232399637,-0.3928445561368212,5,1
-9.132121692550694,0.3173611270293778,1.6873502997494023,1,1
-3.705738822079638,8.009907555123318,0.03393600801405362,1,1
24.142987494617948,-3.947741402997636,6.250469254126791,8,0
1.6106894098947742,7.160282344541988,-1.4095660892015844,1,1
-4.932677728104253,5.917960427771965,0.021536352042159077,2,0
-7.84238933372798,4.773000775937414,1.3509432599158342,5,0
5.859360825716911,6.289930301598249,0.5057580753704533,7,1
-4.5114363609134305,6.772191056953922,1.3927886485987069,4,1
16.52221364463448,-20.10060411607387,6.367256708282572,8,0
3.655693358694746,6.382347415768887,-0.6345315902426313,6,1
-5.816247273829841,-3.6756239815730494,3.37804462027227,1,0
-10.10713247848123,5.29843075229546,0.3071717964859822,2,1
4.761864976738523,6.7221884926809246,-0.7377528102497207,8,1
8.964342251411804,1.2474279626929585,-2.098291356462575,5,1
-1.8546667969968276,9.185406554192042,0.9631527275362844,8,1
6.136401559938854,2.9730331063774766,0.23617508741246152,8,0
-5.876362938670465,4.768211285425565,-0.18557005544997204,2,0
3.258595471567694,-6.123953361499522,-0.2792185763600724,3,0
-0.2668459925228406,-7.1316539583851295,-0.8788764212993234,5,0
20.76314255096588,-10.38633389343265,6.709920072851195,8,0
-7.0073022607352495,3.5071359297741074,-0.6525542007949923,1,1
-2.59444745823574,-5.81511997355526,0.7052653778940656,4,1
-3.9516769810565684,-6.352251311855072,-0.8310153366101917,1,1
2.6325170827395574,7.884084488007157,-1.4973217628723252,4,1
-0.05169585076320882,6.610510431041617,-0.6910025246282167,1,0
-8.465970680815214,-2.4334585639349156,0.10204302466523207,3,0
3.8744628473785108,-6.8566058986604,-1.3933141434719414,3,0
-8.31497423256918,1.0372602517272544,0.09604259600997925,5,0
5.839278700230403,25.370777905692304,2.2580368545611207,7,1
9.403676443542691,-0.38850731553652856,-1.6979395244172149,5,0
6.493144043666519,5.612511260819883,-1.3680277739388018,2,0
7.070583967578703,-2.333131187118208,1.4214656354773112,7,0
1.7160681261810484,-6.961618850761405,-1.1842970543196292,5,1
5.000800241818856,-5.794100227437192,-1.0886705605430833,7,0
2.8944952091058505,-7.8117143754376155,6.694342589203195,7,1
3.630406502658155,8.617598410180406,-0.44228341281443806,6,1
-3.9924904656506235,-4.468548032148771,0.39837649329533775,5,0
0.21358122557043324,-7.604927079614905,2.143752094161589,6,0
0.5577359982447521,-9.146202816713997,-0.3947532952498372,6,1
-2.2076529430223832,6.627360495157332,-0.5241111636444532,1,1
3.2471389039072442,6.929077263854078,-0.18727075294580775,4,1
-5.206755149133752,7.204776113032768,-1.792540720190425,1,1
-8.031552974565502,2.192661186027145,-0.18632846888416113,3,1
-5.1426870934252396,-3.12076109126177,-1.8539966312106337,6,1
3.4597765422453675,-6.188791720326871,1.1809701686090883,7,0
0.9637884088388777,-8.182981003317348,-0.050120865865354955,3,0
-4.441902223161983,-7.618340811136978,-0.5241400639086663,4,0
-0.8550253264608769,8.775379455909524,0.30945013725302356,5,0
-7.418642954749245,2.8840452839710053,0.5642588470637605,3,0
-3.416836318073,7.29905252719115,0.9054151612555897,1,1
0.4502301321354851,6.926692184620011,0.04348555535181057,7,1
7.413536492565195,-0.18520628695061603,3.4014458033329418,4,1
-6.82466246229605,5.760444063148938,-0.554217526071004,2,0
1.2948482807152095,8.36269358996005,-2.045234273410853,6,0
-7.573910568546901,-3.0940299488736733,1.2352039481733286,2,0
5.44143910120481,3.3343571636901452,2.2071579827781034,7,0
0.24891995124069743,7.812485946072309,1.007223208116349,5,0
5.913584485876859,1.8068593445780932,-0.5856572710236453,6,0
-3.765012529073501,-5.950661327260938,-0.03215225716892098,3,1
-25.151421932818074,-6.36151169068676,4.825592177040966,1,0
-5.432940822597032,6.578721346313993,-1.1931085836452167,3,0
3.772621696325098,5.356479972156767,-1.6242148010950785,3,0
7.269849916675675,-1.4544717704526704,0.43057862025880295,3,0
-5.610900138903816,-4.432183754017253,0.14652024089796667,5,0
-4.456650301321957,-6.740889147300903,-0.5327736910496188,5,0
-7.337348748851952,-1.3252144409795736,-1.6849525306260624,3,1
3.0580294512356545,-7.613157380959934,0.5432945499705376,6,0
6.461669442614883,-5.02991176306017,0.4920316985352766,4,1
-4.853922395480448,7.604727328187607,0.09527889864607482,1,1
-2.7641602486337744,-7.445252417461978,0.5511617657746216,3,0
1.2641380302984935,7.27828498611633,0.44442618311129567,1,0
-3.861549288358296,-6.0853266221158036,-0.7333978902202339,3,0
-6.867568022602169,5.638619338491871,0.37856244578630416,5,0
8.011728403115194,-0.6292794146784266,1.2637500359051679,5,0
8.041314290104102,-1.9694441044854127,2.178262835501965,6,1
6.379428532999414,-5.053546628347792,0.029664110092920474,4,0
-2.1394462986296148,7.2660140503616235,-0.9580506102146449,3,1
8.000949514373582,0.2505829281883277,0.35314493866910496,7,0
-2.791294478275741,7.600320002494525,1.797887073636295,2,1
-7.824774763364493,3.042555444586588,0.3464089628241162,4,0
4.079031550736267,-3.955332063953427,0.6506786496025673,8,1
-1.9277341968424873,6.406409388265297,-1.5451405369821942,6,1
-7.431571120360133,3.2189768130253307,-0.5677038694101826,2,1
-4.396268629694857,-8.396057337948566,-0.8308031086296253,3,0
15.29365729181625,19.195970398960377,6.583833168384428,8,1
-8.821218953357084,2.3007393443498287,-0.46091407485349223,1,0
-2.380564528737422,7.226530019294527,0.16320382482144571,6,0
-4.2480147290135815,-7.662830304987859,1.157995612919346,6,0
3.7830326448350373,6.517454126553868,0.406368581938794,3,0
0.059764867344206496,7.41720385184342,0.17475097904373924,5,1
-1.575658149738666,-8.022206188127866,0.35541361742118793,6,0
3.7409796943056914,4.661602636213763,-0.3703745494439386,4,1
-6.691359661598555,3.843770140241963,0.8719078013028182,2,0
-2.366336624967947,-8.820803693229049,1.0970346733526168,5,1
0.78906477326271,-7.481773823942505,-2.1572821127147632,5,0
6.717758736815789,6.129791459737858,0.044176071518126074,7,1
5.487837463701365,-6.519950920630853,0.7117369761326119,7,1
-0.564192305696107,-7.844598716482502,0.644236780910589,5,0
-4.211441554648457,8.069920053664651,0.1635158763824078,3,0
0.6387316942080026,-24.866415285778952,5.630704201896299,5,0
0.102268928200411,-7.61675684567295,0.7043243918208447,1,0
-6.814756041695328,-6.444610156552975,-0.23683837909965338,4,0
-9.736324009583479,-0.7976988406528496,-0.5125632643721005,2,1
-0.4591914979761567,-8.547152418714708,-3.1770303084734497,4,0
8.349370392785623,-0.984875402070135,1.2897771433663445,5,0
-7.37642231632954,-4.731040723138852,0.45769094517274345,3,0
1.4717068111910996,-9.566679667287323,0.9580202036920406,5,0
-1.8854296573399227,-6.973534755883279,0.4612146388955775,7,0
3.948418805135596,-5.7613612460051,-0.9784474561494902,7,1
8.632299486040797,-2.2382739459997576,-0.24882871340716042,5,0
2.5017898807433014,7.626887087386044,0.001875696987807886,6,1
3.635807554121836,8.101577559964927,-1.180747222423431,3,1
-4.974564847555394,-2.680859580613242,0.28202949099761415,1,0
-9.748991059313301,2.0687845769968884,-0.006821373395512798,5,0
-7.218915632808931,-2.976010350038709,5.280422585365607,2,0
0.651069144661883,-9.381721677007597,0.05667823320528642,7,0
8.58167876749086,-3.887180282255187,-0.057144887316735574,5,1
-8.434361153427515,2.8637032407187206,-0.25037580172157914,1,1
-1.2105224590580403,-8.660711264636769,-2.8334845815516867,2,0
2.8662671863944764,6.57847163982083,0.5953937793031807,6,0
-9.556416187872008,-0.29877978996165155,-0.7839736698258052,2,1
8.323227483293625,0.7588512998043495,3.0955310046274995,8,0
-8.519140491751468,1.2763937511015582,0.6628541706724564,1,1
-7.086083900865897,-1.1013515731311585,-0.3970120374723027,2,0
-1.314270593577851,-7.915904611107754,-0.6308538569763624,2,0
-4.321009758282685,-7.006949146856243,-0.577270347761341,6,0
-5.132571509154004,5.631551289658887,0.5325930556179824,1,1
8.39387336397751,-1.0333899216492488,0.24938359377707506,5,1
6.556679635049363,5.61950315940025,-0.7191295323345913,5,1
7.682362395816776,-0.8981453021698949,-0.4834397899736205,8,1
6.701256456725132,-4.420978789610278,-1.5013539642586562,7,0
-3.09236970372074,7.712938991268852,-1.6181365238295944,1,0
-0.9520380928349673,7.394574486470702,1.4666841733226361,6,0
-7.552992643326652,2.559716954943168,0.38256206748237487,3,0
-1.4226798583390878,-7.120625955337622,0.24062410818372523,5,0
-4.960921930377161,5.331792501448006,0.3975231200457015,5,1
8.034473795415815,2.6710629362148404,5.6719388018458385,7,0
-7.206462827432242,5.3605131940750095,1.1001002522603993,3,0
-0.14454559889132235,5.478852566271566,0.8995693247582337,1,0
-3.7865598316251745,7.255168272548185,0.3428788243022706,7,0
3.8207783295362803,6.993465753462213,-1.6909771916583622,4,1
-6.14541617527631,-9.554223795388017,-2.125077710272144,1,0
-8.863735879082405,-1.0501318140066804,0.5980905811960849,1,1
-4.270650045265949,7.08781727342401,1.2327096424913373,2,0
-9.468983036233665,-2.898661166815297,-0.15233505311818918,1,0
-6.033705073673737,0.14923935255710047,-0.12666692463708673,4,0
2.1714398012466014,-6.829303496352314,-0.1681664922951846,7,1
7.717312067299415,-2.3993679277953057,0.04146165757979778,2,1
6.378405481762006,6.326655952602257,3.9878270587139446,6,1
6.253257541422163,-5.470118420838885,-2.890486742801144,4,0
-2.5877934466762533,-6.7623246872339475,-0.5477327867798784,3,0
-3.161743481005942,-6.2532503142935685,0.23015996748413992,7,0
-6.679097864376833,7.115431807302482,0.8773643777181755,1,0
-3.9791312406680768,5.678800922726199,0.5982410773359741,7,0
8.503956906945836,-0.36689078856300944,1.7854101783123402,7,1
7.983474161200049,-1.379245139942774,1.9997245811511317,8,0
-6.407478236024482,-4.021413210334258,-0.32856920052205923,2,0
-6.021729025324149,3.4817217444543984,0.4134974081602924,2,0
-8.767481471945553,-1.9016585441777156,-1.2459082544704159,2,0
8.085221744391895,1.3407225028564356,1.2298201567087506,8,0
5.283527779392718,7.910506164415413,1.7211678934678132,7,0
-6.340422523883925,-6.32051695535087,-0.0481068276110923,3,1
-25.286977245877868,-2.8013828703095016,5.8249813651964715,2,1
3.1029325371003305,-6.799397757536166,-1.9319614236385665,3,0
-4.304771440965155,-6.0426435602715625,1.32902982665371,4,1
-5.606480490975853,-4.702211851112113,0.5492256207186972,2,1
3.5920546771668227,-6.742535012282433,-1.9609125744466753,8,0
7.7629633729109635,2.5482325517466666,-0.5364261923951427,7,1
-3.58121565827692,-7.743100244436639,-1.965965790596469,4,1
-2.4228208592748115,-9.286858093325709,-0.815127399907125,1,1
-0.5836427877786523,8.246624647254858,-0.01605204019652155,6,1
1.3397905013329794,7.297127952070168,-0.018257801585680737,4,0
1.6171059976896207,7.976493006141557,-1.5797539997243475,1,1
1.4789194307384912,6.225061699198441,0.5584287750053515,5,0
-7.391126766531824,-2.724941567744758,0.5033185779634395,1,1
5.03417564722899,5.695584168915925,-0.09430271152543805,7,1
-4.4401638581267004,-6.482603532114951,0.4018509302806169,6,0
7.917398945652131,3.306871887333842,-1.2863465813654056,2,0
8.762673015093206,-1.1669583222587796,-0.4005517793777347,7,0
-1.9802085333483286,5.210865282282681,-1.2838150545391251,3,1
5.294276563444213,7.08234772774077,-1.802076366945555,1,0
9.270092001778453,0.5147306842853655,0.14101476026415474,8,1
-3.0514175921675672,7.2008161664495525,-2.023590619671357,4,1
0.5598538033930194,8.66444800852287,0.05927115076536074,8,1
2.202567710644984,6.737731095319296,1.0662899005551383,6,1
-5.078660386054041,4.800301805459639,0.05868681172225427,1,1
-6.6239797725433585,-4.829796677899995,-1.2997759827946354,3,0
0.9525548985010325,-8.330937994048512,0.4455981429624152,7,0
-3.739515538706959,5.810718086595689,-0.014332297876418923,2,1
-5.981864543346674,-5.866385504101098,3.5799657309502386,5,0
-7.494774722508627,-0.13400424829950996,2.2438517549432677,1,1
4.985849969049185,-6.318284377868546,-0.5139227817079003,8,0
-9.047648371684373,-1.5683357791153103,1.6842703277557478,4,1
-0.5234309807310411,6.94945471881895,-0.038508147362204634,1,1
-3.422459128042993,-7.434183821949737,2.2618454147141,5,0
1.983303781417325,-5.872952699083331,-0.4851385300247176,1,0
-8.280589734748043,3.3453298127510966,0.7030771082353946,1,0
7.149726845237278,-0.7550452268380632,1.6616616517111955,8,0
7.067792337092302,-5.83262009727084,0.5978432904294938,6,0
2.889349248856864,8.652418219334978,-2.7238553773953464,7,0
1.2751247087814284,-9.049345174695038,-3.886729503881607,4,1
-7.902626309468754,-4.157448000135403,3.7418215010106284,3,1
-7.4206193541197125,-0.6742247613868964,-0.32140597319454656,5,1
-8.24338419330122,-2.130471738004996,-0.09569491252899835,2,0
2.487155366120143,-3.501911382974055,-1.681328198382358,4,1
-5.609125850327339,-4.996326621561309,3.0289216653263016,4,0
-7.497896009571407,-3.3089681500972894,0.6256277600496429,2,1
6.831093717640694,4.16090060497839,0.9165662504403146,8,1
-6.923311443697251,1.7895280558155517,0.23324778342720573,1,0
5.474550256026615,-4.885099023587748,-0.4473987649532491,4,1
-2.2202780461468974,-5.720767502077152,-1.367890755506084,1,1
7.405230129614766,1.3281447092393273,0.23944730525304064,2,0
5.908668419189836,-5.064045846284599,-0.8016068420334871,8,1
9.405548914227928,-21.471367703376814,6.038583567226318,8,0
-6.449385083439767,-2.1744273411971156,1.2815549516349232,2,1
7.123792252534037,0.5936347871035061,0.03906529011505914,8,1
-9.051225365136249,-3.1920339080233933,-1.3499178901244318,1,1
7.844798183847678,1.7938263638947678,0.5414403790536214,8,1
-1.4837601880160716,8.022764908408897,-0.8503340042285947,1,1
-7.3089790519546725,-7.566355987287174,-0.45376296843319636,5,0
5.847923611996032,-2.5890849500022903,-2.8920260202200754,5,0
-4.122608372543783,7.857853363825971,-0.1244336609304814,1,0
5.1105222639198455,-6.3728331876704845,-1.7905300609286547,3,1
5.722883843370222,-3.57633401098543,0.24517715001581875,8,0
7.734002392353756,0.8200291420644734,2.3106357998730385,6,0
2.1490749495363493,7.856010778318209,-1.5828681222994372,2,0
-0.6652410488931699,-9.335015719307249,0.510555720596956,3,0
3.031975123980401,-8.365876939751914,2.360668036835248,6,0
-5.533645141809614,5.8714753386463,0.48141753855069364,3,1
-4.920806392442039,-5.846785170444559,-1.3443140800065456,3,0
-5.22337492006791,-5.895668559367457,-0.6550416039350906,3,0
-1.2149132172219088,-7.938188757611328,2.704095792108937,6,0
-1.6807307449157012,-6.452252862846365,-0.9087858028164602,3,0
7.566220150422407,4.0395222230252115,-3.6852904879736714,8,1
4.966695031313875,4.660434125013133,-0.010080570168104366,5,1
4.760338792580539,6.212547971734321,0.04348248634498035,8,1
8.406179403150242,-3.093258551230712,-0.7924743750824138,5,1
8.30659748990361,-3.267273074032663,-1.3228893276770142,3,1
1.8597779540399713,-7.787670264872746,0.772683083143185,2,0
6.351834561985613,4.906347489918308,-1.5992256635040647,6,0
-5.61331237311639,-4.707983611574651,2.024124871112123,6,0
3.3900790408388346,8.121290875957083,-0.9525227660780863,2,1
-17.46060942577757,17.481086967617905,7.117423032864487,1,1
-0.9335323060164941,8.765914389018302,-0.7542185089979464,5,1
3.3070067065891635,-8.105103195764816,0.28862039905986087,5,0
6.0756010861848875,6.703597731139717,-0.2437829900231125,5,0
-3.8484311959764472,-5.598062450034936,0.8151585363445913,1,0
10.138964308041727,0.3068104501552471,0.6202204602384082,8,1
-3.8062198243710963,-6.912171426512154,0.1754484791525813,5,0
6.471444852502746,3.3660954028613754,-0.7378179439492447,7,1
5.283587529954179,-4.663601779919283,-0.0608636766658732,6,1
-4.434133826600908,-6.327641693700352,0.7804568254894457,1,0
-8.79984174062712,0.6455540189136313,-0.30112935988315526,2,0
-2.187811794311983,-6.4211673894842685,1.132347273309675,5,1
4.974691194190775,-5.049512054360072,0.3132686829646805,3,1
-5.72834131522491,1.7662197426043407,5.638094187487488,3,0
-10.632648338320083,1.0880451921075442,-0.44395598974784095,2,1
-9.494812737379869,2.1488376482181764,0.35818927413934437,2,0
6.048793341511034,2.7836376329348864,-0.5649919051712219,2,1
2.1309550564282356,-9.854998726590148,-0.4956806875644209,3,1
5.516209085284718,6.854151165335856,-0.19638579863873237,4,0
-7.151210217091879,3.530031579793434,-0.10726102481066777,3,0
-19.1777160115357,15.741755700048882,9.107588580782194,8,1
-2.0962922528589027,6.669567458599522,0.798331483507333,4,0
-6.026219110784298,5.195012472976478,-1.192295650900636,1,0
-6.965442403256789,-6.330253835831334,2.5872507273159977,3,1
-2.8732286811214314,6.447287205289416,-2.2946099055867433,3,1
3.9215701790058377,8.538452332670207,-0.4157095623728983,7,1
5.3933353283409255,-7.067082667220155,-0.04636838419222327,8,0
8.258136497011842,-1.635572713422167,1.5592294879816369,8,0
-7.880812873548322,2.5337106751254224,0.9780096719442634,3,0
-3.031048325193873,7.11689170663157,0.20436137203495974,3,1
7.585928645046494,4.415003033003108,-2.56184859648238,8,1
8.987057953806067,2.6693990970223154,0.4107265664187937,6,0
-6.124224724377454,3.9811984250431127,-1.4056862999408382,2,0
8.371174110553383,-3.250928879925951,1.1717762195472161,6,0
-1.5444906240719354,-8.184443174322226,-4.373144727627487,1,0
-16.244144859519103,22.090124797276005,5.723801669640502,5,1
8.522343208744573,-1.4137607404043393,4.121875904741407,8,0
-7.254598465009931,2.7819536577166852,-0.5235208014876963,1,0
-3.470470787109243,6.473982055350342,-0.24223841708158608,5,0
-7.901320613052519,2.6782194613866186,0.6696197784085707,2,1
2.2036533611694478,8.579085602954365,10.327488723265635,8,1
5.893634411646339,-3.857450806336235,-0.9805559962658152,6,0
-5.927593225536517,5.990808288836697,0.8825076320952533,1,1
-4.4234484260611815,-5.607185480923249,-0.44671403694939166,3,0
-6.027580429046761,5.2697714310021375,-0.27637525748047576,1,0
4.868064129487953,-5.531502663058977,-4.185878692492606,2,1
-3.910665529011402,-8.31503602031293,1.0854051470747739,5,0
-6.635222300104887,1.0896527694638807,-2.7364762170629056,3,0
4.649838882250128,5.072906803010714,-1.6530448479753939,8,1
8.424248968774233,-3.2125948176837795,-1.0654991800979248,5,0
-7.775811164171687,-2.184889335546097,-0.6209697332176302,1,0
-2.393925780118272,7.941536788382316,-0.125605682227219,5,0
5.0860188529430665,-5.630415889773479,-2.316427640794981,3,1
9.346856733694025,2.587808291337453,-1.0803461762496107,6,0
-4.182568730321901,5.993968708469277,0.5319412930458295,4,1
-7.659653028411201,-2.595616040565217,0.043847166744080505,2,1
-4.0321286223501565,5.14011631101622,-0.5812947462823469,2,0
-7.224424114911963,0.10513831815115227,-0.22905379753442723,1,0
-0.672346028821438,7.629353390651932,-0.6202188016815193,6,0
7.191720448898558,6.006096481344732,-0.006929209659201572,5,1
9.73194593395593,2.396722483782319,1.2211359086180602,8,0
5.811429081546068,6.481702585495919,2.8578203704688296,8,0
7.9984165795260385,-1.1122177328524816,3.109558530534833,8,0
-6.213869864853618,-3.11897413089062,-0.6902560530455725,2,1
-8.308696214658092,0.39570323138316055,0.27355299894947355,2,0
-4.840696151513029,6.6618527825436855,-0.4421619143737836,1,1
-2.659199791329833,-8.472293838480118,2.8111424853234017,3,1
4.146319189226413,7.033967270387692,-0.3707559780785812,6,1
-5.666163273796181,26.053748456643174,6.944066108488402,4,1
-3.913400279783815,-7.187117952167694,1.632140987492913,4,0
-6.367026738573364,-0.41295131570686316,1.4580429362773288,6,1
2.666813135362676,-7.617447415210016,1.3961677415257578,4,0
4.312216630055955,-3.2271506393668608,0.19345398012814327,3,0
4.531061359148657,-7.593028137989729,-0.40690481316557536,4,0
2.2489722754032364,5.757063088889768,0.3778947830434926,2,1
9.130183199592054,3.425446302881158,0.41562426806128394,8,0
2.615057388885555,7.264783106711955,-0.7358989208738373,5,0
0.035102304434989184,-8.804660640356975,-0.23419623240957266,3,0
7.850810800003903,-3.6585840733136474,-3.641706817108499,4,1
6.75189705535293,-3.593499526360755,-0.1508275734995128,3,0
-2.8291581789276203,7.5736895904274615,3.7207128387590553,7,1
3.539281376129649,-7.325652656095503,-0.5117507218455375,8,1
-8.40422937875452,-2.531562668504421,0.7727250640731763,1,0
4.576592403499941,-6.4076372761298215,0.3471258627511041,8,0
-8.565812120898789,-3.5882314261649433,0.14739010467548372,2,0
4.710426275273107,8.503946377761308,-1.6886152042488216,8,0
6.001562897352583,3.658381606151179,-1.8657378598379468,2,0
7.801442626635422,-2.233240033962401,-0.023963112301801526,7,1
-7.6044857436203195,4.751013953575215,-0.5543505587725809,1,0
-4.268970549533918,7.30252406104421,1.2657646227195278,5,0
-4.365466855173462,7.174831471536516,1.3108187190952472,3,0
-4.210546819152929,6.846343030266791,0.8662616812216433,3,0
9.851796098846744,-1.492712101029437,-0.2355490581365412,7,1
6.717647982449,3.918277854364124,-0.7193697810462683,8,1
6.574382822421395,7.362180427276179,1.033397987437596,6,0
1.005389403250049,-7.19505186608453,-0.3489201932323743,6,0
-24.962732226466674,-6.7658281718391855,4.969234157907788,2,0
5.315014035987553,6.260623238578588,0.8784291110984087,8,1
6.40287062309474,2.511879472770816,-0.14095523572780239,4,0
1.495532635801452,8.047587683250201,0.4853256918796819,6,0
1.407239129750364,7.599068002378382,-0.6934186873342858,5,1
8.310386445902259,0.8137462715866208,0.6788039258996914,4,0
1.8896482639306513,10.04091246254843,3.2893669053913928,5,0
-0.5228201798881351,-8.545742586478728,1.352240839980844,8,1
6.7913660772249775,-6.615544272081206,0.508899407145399,5,0
17.332498588460073,-16.177349188237955,4.459610369313273,8,1
-7.407938106577777,3.3027552422307007,1.2734848406603627,4,0
-3.742561621534843,7.180898753333429,-0.6927864434360912,2,0
9.180524857411763,0.6224070809878537,-0.722861914237026,7,1
1.5536005264007628,-8.8342145689729,0.13835482764878695,4,0
-6.895758459973351,-0.46909948019789405,0.9764215738301214,3,0
0.15476845109967663,8.418922652946025,0.42115291464104226,4,0
-4.730185426979785,8.264869732465636,1.520907044607588,8,0
-6.181920783942261,-0.44814500953768044,5.083450545773645,3,0
-8.316322152648908,-2.252750336756431,-0.3947241282254029,2,1
7.550050981777476,0.32626785110803197,-0.09769047507371127,8,1
8.3890940789298,-1.7392484111510471,0.5933453047340913,4,0
-6.110229312199412,-3.288146961410143,-2.079997890118401,6,1
-7.641288302517437,-4.751522025960439,-0.33521762915922726,1,0
1.3549699931347832,7.580253860501025,1.0518655599591191,8,0
2.546938591932435,-6.009656748729463,-0.3344286226395208,8,0
-0.5761282644728791,-24.718105479122084,5.663261019233645,6,0
5.250525831484344,4.723240636181486,0.25345419232713756,5,1
-7.40681088924449,-2.865911158001956,-0.7211178723893298,2,0
-5.96910079044677,-6.321056193103921,-0.443990942354015,4,1
3.2226483675971913,-6.880869550005824,2.4088474585289186,3,0
2.845274197026483,8.71943977871127,1.7240248904435629,5,0
5.689033365268061,-4.801218070763555,0.18220441479878363,5,0
-8.429313772558716,2.162864477141305,0.9604006708419922,1,1
7.575502060791303,4.891901830459793,0.02739851937576757,4,1
5.77270966308963,4.648850027211631,0.5822193892027324,6,1
3.5925122481993146,6.4817814761972645,-2.6042642261023445,5,0
-2.578951505137173,8.43280603008204,0.12245007171542492,2,0
-8.437103714294087,-1.2724095792724346,3.3874569950797913,3,0
1.288047663285288,-9.099354021657428,0.4177594040251219,3,0
2.897949622020988,6.756537883370369,0.7564086601127966,8,1
7.693791302899558,-1.2538493396102655,-1.591978894169597,6,1
4.936106970949954,6.906128564605424,-0.18297882241179309,8,0
-5.506811017665043,-5.286119046113885,1.7247171602588975,1,1
9.348801151610743,-5.358997915975314,0.5841235460044946,8,1
2.3788585342260182,-5.195782397425413,-0.1210015134523943,6,0
-4.3136612301041115,-6.067818310999913,-2.558418253835462,2,0
-1.2896783686128659,-7.241495107727515,-0.2505265605560268,3,0
5.620148222974347,5.008503538312924,2.877375754620666,6,0
8.803450307005134,1.1460979102023134,-1.054297638426493,8,0
-5.89650825785386,4.980646324849661,-1.2244326518656348,1,0
7.09802564882897,3.0386287597950945,-1.0946585111187237,7,0
-3.239319695581397,5.217347918765877,0.2927803143642288,4,0
1.6518162837767498,7.634640648729432,-0.19560600707146383,4,0
6.489522809499114,-3.2496193405433544,12.804245389048114,6,0
18.645817360271536,-16.234753824484244,7.144161055402221,8,0
2.5423923481126005,-7.435156693268556,-1.21487696271185,8,1
-2.566429503221689,-7.994658164486215,-0.5558083848269917,4,0
4.4164113805788885,8.434615271207926,0.25744728765202796,3,0
7.374021474001941,0.26836323487585956,-0.9206082231573144,5,0
-3.1477010824060296,-6.1358021453643286,0.929242082003393,1,0
-5.142433872709816,-6.67305012441332,1.139675159800465,1,1
-6.402171385358311,7.789568756961031,-1.8118101959053161,1,0
-7.830637489591774,-0.37156244621096723,-0.2501737116665663,2,0
-7.653675078502979,1.751160521478531,-0.683522956208892,5,1
0.6623640870933019,7.082392714118739,0.5992470371287472,7,1
-4.129768687052005,6.441254130758853,3.166492587330797,2,1
-5.449439347249013,3.8531036851969658,1.084307435361101,2,1
-8.055650116225896,-4.446478726495393,-0.99198881525833,1,1
7.834772688735841,-2.641252156017554,-0.40805424517564887,1,0
-8.787663684815634,-2.9795461736599504,0.1858830350706308,2,1
0.14203739064084808,-7.69652500879543,0.09375445641710962,6,0
3.282970122643054,-7.247620860262181,0.9093995444534521,5,0
6.377904675251836,4.765617823397009,0.038798175438707415,3,0
-4.780146745660517,-5.398290187866842,1.6397772855317383,2,0
-6.534926484513377,-0.32477097814923495,0.6536730041562407,2,0
-7.394005889037808,-2.677110416255899,-0.5311118645580545,4,1
9.650150506533931,3.694307992364534,-1.4805698860481624,6,0
5.855042087960129,-3.170947657261834,-0.10146276050144477,7,1
7.709167984923655,-1.294250710325256,-1.3907179056261918,6,0
8.786364244601469,-1.0889574299724312,-5.005851197789622,6,1
2.4032817008690337,8.788064508784927,0.7051103232590056,3,1
3.3772452198301495,6.996450310165653,1.6274418093363883,4,1
-0.008253744700670529,-7.162129653062333,-1.5998909636375258,1,0
-6.319640537990737,-5.54605007784314,0.709983110809822,4,0
3.201179842196273,7.3350416032338055,2.0890559658616863,5,1
2.571010005713722,-7.3597489128181905,-0.5116109760429952,1,0
-6.592390564487301,7.717357101622872,1.4213323259427297,4,0
-7.743355045994745,0.8484188216517341,-0.2705100600068475,4,0
-8.536638749230004,6.2321074549189435,-1.7894551132630603,1,1
-7.369832508443338,-0.8607712760408663,-0.9285861269019263,3,1
-7.074163973599068,1.8564590683357889,0.5773457582623132,2,1
-1.0363805325180657,7.65053660535283,-0.01589883788228398,1,0
-7.535034825257511,4.072735557789657,1.0735485402052682,7,1
8.106500399667308,-4.459854560235858,1.2484945062129686,6,1
-6.522199941527988,0.22768532432638863,2.1432874272600317,3,1
7.30183985336793,-1.607084211166888,1.3753167799720947,5,1
-5.9537980706305635,-0.7995994832220952,0.30115986382955195,2,1
0.14604451939346152,-5.751966869774355,1.0665890862507217,5,0
-2.246062149672203,7.474312068658841,-0.8381921386804729,1,1
-0.149604752843985,-7.41717948000174,-0.15616062579277343,8,0
-1.8022656122638487,8.375886226788717,-0.753343649700159,5,1
6.778155893758081,2.7779192078754,0.037186549307674815,7,1
4.807206720644701,9.054057123179774,1.9485982591988595,6,1
6.903052746413646,2.634216990934674,-0.9661452043882417,4,1
5.758820879243423,-2.4040528146526245,0.4677300798000329,8,1
7.368376796669967,-0.44911161503761343,-0.6770944402191555,7,1
0.09765881974553503,-8.891107182792572,-0.7434378040226451,3,0
4.963964365756974,4.584117474504129,-0.6675258301169593,3,0
6.556865809879093,-3.581367647663528,1.0529243600011153,3,1
-0.017413025380705993,-6.8273436508677,-0.7887515638976939,4,1
-5.430686102266243,6.522436461983022,0.21375784429982578,2,1
-7.288175699416135,0.22869432889038283,-0.9650987578266528,5,0
-5.072861680784367,-5.867526234620212,1.0322676503444652,5,0
7.377559228220021,0.4269494825466853,3.8922809366584867,7,1
-7.512677290618212,-0.0712841147231417,1.2915170817700043,2,1
-1.4060109899851447,-8.507977678416488,0.09776171027787292,2,0
1.9579532520265375,7.009164287092613,-3.706045025653062,6,1
-6.406226894873118,3.011573439541727,0.8042177297207415,3,0
-6.87488115098292,-1.1077127879348962,-3.8804475549863024,3,0
-1.3368154516542559,-9.616261169053459,-3.7175549995469597,6,0
6.874443648820602,-2.44316958643459,0.05447249259396799,5,1
3.883298576786168,-5.541684593522619,1.7540983564434083,4,0
-4.808648480865847,-3.3198850241102495,5.575299828713795,8,0
-7.684187153921707,-2.415923167134433,-0.7188835687971569,3,0
-4.785425899027513,-5.063183447764419,-1.8729996393450503,2,1
-7.206284032341166,-0.9998172056476842,-0.7829182347998991,5,0
7.391016870924748,2.778804912912898,3.2481378959690645,6,0
-3.180771589922501,-9.941593368796271,0.17959496158460142,4,0
-1.6090368940903463,-8.531585965308143,0.8814419247749176,3,0
-9.050764679754451,-0.20449705368095655,0.872109531732545,2,0
4.039250973513125,-5.0123146973838395,0.5405897260802844,5,1
-3.26264630881696,-7.468831250533327,-0.4466545230164757,2,0
-5.265185438875335,4.887648149993435,-0.3759248221005996,3,1
8.68916712937678,1.174785951663097,-0.2622195651483766,5,1
7.715471434823275,3.4076651179139197,-1.1555970170782839,7,1
-5.4175231671994375,4.899535491964501,-0.6265349094806215,2,0
-6.816985864385514,2.575565941853866,1.1984554725220817,1,0
3.45573782427999,7.342446171773485,0.11416651453378464,7,1
4.234335584645167,8.564417494171174,-0.6098591003303399,7,1
0.4275658738300251,6.449481112580803,-0.28911023150632426,8,1
0.20717375041157093,-8.165148102211436,-0.621111652001899,4,0
2.5291729759630766,-8.656989957702569,1.1371598252018926,6,1
-6.528204654801572,4.750847988163344,-0.1931333741907881,3,1
3.2177309221074317,7.055705787705059,0.007768231768694864,7,0
4.854850481611126,6.218850577509567,-1.5829104777366534,7,1
6.686017342569626,6.6432246880559855,1.059152832578928,7,1
-7.378465123830933,6.639548230534579,-0.6818292808452662,2,0
9.066043399360247,1.8464148790929635,-0.2367753882394347,8,1
-4.408186942138439,5.9993103269803765,-1.2117176384698136,3,0
6.857650329017684,-1.9153859754738833,1.0879881387416528,4,0
-7.970412083116101,-1.9794386207697072,-0.16426210012852482,1,1
5.819547006591684,-7.44053559045376,0.5772230308942623,5,0
5.56882796258927,5.180191513906476,-0.004940387235184339,6,0
-1.1737952437001644,7.590564483749981,-0.33757072651908965,8,0
7.550091032125836,-2.651229221318075,1.630797015331383,7,0
-5.147637852926741,5.572095401644985,-1.101915395745348,3,1
-4.06257790587204,-6.434531586911541,0.7827796304296333,3,1
8.141421333530815,-1.4368097173195173,0.5804648513136262,8,1
-6.593011116374079,-2.187142028933341,1.8335610698329106,3,0
-2.8843330642575133,7.333227822819232,-2.076738218293931,2,0
-7.948596775100253,-1.5646971435297852,-1.0761935312966149,1,1
7.476842832101776,2.1338964492097867,-0.3538608017337637,5,1
6.852394183089779,6.018684948271227,-2.6666269538011953,4,1
9.775737541013056,-0.2432926084458713,-0.06534651185697998,6,0
6.640994336854552,-7.229352090394232,1.1271190473204935,7,0
-2.968461907183123,-8.49781467657467,1.5364089680332584,3,0
-3.3764862910280513,7.966201590383709,-2.3189585034795557,6,1
0.8201668375692317,7.110674353122974,-2.248543679150534,7,0
-3.7504940195209797,-6.573479321560272,1.7894019096851916,3,0
6.0662014369270905,-3.9287791696753427,-0.1767504962411438,4,1
-2.8096002498670467,8.441603927663145,-0.14320441586797458,3,0
-2.629058746050533,5.36961977036426,0.4914139389968221,3,1
5.918153650780102,-6.955315774000268,-1.482678248691702,5,0
6.507166036467371,-5.90641730197721,0.476583064972614,5,1
7.232293236428493,-1.5625910317149998,-1.6490838450729468,3,1
-2.0155194995947467,7.247869241991083,0.5557940077467941,4,0
5.588821378412821,4.018789410974001,-0.010288233049310489,5,1
-5.9892036724384,3.2579930029907884,0.33539052340747694,2,0
-3.3177205925211743,6.655216342425438,0.1308716959003899,4,0
5.978345799429483,-4.401097015921899,0.21323137775968842,6,0
6.638005302776286,2.938663733732466,-0.22368667216638335,6,1
-5.424208790290599,-6.8937692990541155,0.08966884425383806,2,1
6.182149172878734,-2.6988760887678866,-0.23770158849450107,7,0
22.371930551135932,-4.895718756741612,7.178196602359272,8,0
-3.7443859484859274,-6.259535328757324,0.6990029479427703,1,0
6.816013720743391,-1.511025492630079,0.5826169556372479,4,0
8.125237808683998,3.9928186727769317,-1.6561261953373578,5,1
-5.683786362081175,5.728859977549533,-1.4749146827328807,1,1
8.272686157813473,-0.8740994575119986,-0.4443270747217338,3,0
9.271940570159233,0.7566040926558313,-0.6785158306948302,8,0
6.315782157358862,-4.234619000494612,-0.5593276993207977,8,0
9.06185391981995,3.3583462217491427,0.8987252382086581,8,1
9.505116561859099,-0.8260616074867725,0.031301860588981247,6,0
-5.679900820082703,6.435650749261106,-0.2188426017241577,1,1
-0.92317650080483,9.77125809205871,-1.0851004077838633,4,1
6.206040550079862,-7.3774950479278605,-1.4986016481317808,2,0
4.103636175676932,6.018084682333309,-0.9630330598651909,5,0
1.8259939365003492,-7.965914525697555,1.5330528274561273,3,0
-6.581944439477885,-3.572799604864957,-1.1585351669238595,1,1
-8.357972780297436,3.9666647267523563,-1.4034735566228673,5,0
3.8463176200405718,5.687658262282622,-0.037947360647764314,3,1
8.18633272474575,-1.1958374555140048,-1.389476335579495,5,0
-7.111676644908442,-6.3315953444779405,0.9796473303157388,2,0
-8.54237874070195,2.419352190360737,-0.5166293735153776,1,1
-6.1148423443476565,6.481861611786625,0.2136001361288546,4,1
5.647620859397761,-4.82394151339704,-0.7149546103236182,4,0
2.9153209491259373,-6.404021648128834,-0.6618683777225738,6,0
2.846053500529856,-6.3653671402669225,2.132666246042936,6,1
-7.113250340717647,-5.384899164978079,-0.05572365275049457,1,0
5.522236714530007,-6.404157546046953,0.01575145334645309,6,0
-2.50512405506942,9.352510607287169,-3.2643105347458277,1,1
-3.147217580316295,-7.791406132125095,-1.2704423909499605,1,1
-7.913233260631373,3.060371473051541,-0.31673252697044013,3,0
-7.2594234856335245,-5.1522165791670265,-0.3991248068074782,2,0
7.593878257355701,-0.31886324648658865,-0.12227479115294437,7,0
6.313879598190642,-1.402590443318688,-2.3679772328781805,6,0
-7.473108591290424,-1.9918816410133013,-0.08419458710419042,1,0
-7.508951998135059,-3.2880856410706207,-0.26148427306236394,4,0
5.6098272545993195,-4.4689986561882895,-0.9582299999543137,6,0
6.446313069368969,0.16740156903341508,-1.3553912357675497,4,0
1.7960548310791657,-7.815444633530784,-0.07438325621818184,4,0
8.463167798602202,2.8563412300787103,-1.1627446082157202,8,1
-4.14367569285023,8.553672070632613,0.17152136923299666,2,1
8.209833239165725,-5.534406615729358,0.85006482731541,8,0
0.8067112892147349,-6.90182875712918,-0.061922689100268026,8,0
-0.4683984900287848,-7.395887210199762,1.6678222513697376,5,1
-3.164772591356909,-7.521872438503793,1.3093572398131255,3,0
-6.473403263617897,4.054717424465451,0.9696748360070759,2,1
-7.783421574420615,3.5798530103541104,-2.747779943416108,1,0
2.2426227244202828,-6.529277775291815,0.478101950175873,5,0
-1.211630860662135,8.44914136707076,-0.8707419393465328,5,0
-2.7448265917742902,-6.925850305603102,0.31413030263319036,1,1
-0.913880651441259,-7.503184707644341,-4.678700996370023,5,1
4.953553009180531,-8.033585801723545,-1.0636359773615705,7,1
-4.191277084746691,6.212141512611114,2.0756957303583095,5,0
0.6996315343211768,-6.335513952743026,1.0735621861160927,5,1
4.106015006253132,6.527030373644886,0.27924801506401153,7,1
5.260802943069823,7.114267156659588,0.42226120440007764,8,0
-6.43849794173884,5.411221140303422,-0.22973119148917004,2,1
7.732936758040059,1.357124000460786,0.6312939494027442,7,1
7.466231153293133,-2.0662500261270904,-1.356721768420977,8,1
6.311726678802702,-3.9671241937044077,-0.7653757825547575,6,1
7.559146645819659,1.8255965129705807,0.004472540010563063,4,1
3.1287446952835767,-7.191529300835915,0.35500944116642263,7,0
-7.782995717795261,-2.405225349112766,1.0564852966434573,3,0
-3.1581902353156357,-9.635054083670136,-0.09250334175494052,2,0
5.447564681218841,-4.0199783673246605,0.03418866164286049,3,0
-8.26856330013769,-3.0169135931900577,-0.6249517754944661,2,0
8.805391225432508,6.793886464346234,0.44675983286133697,7,1
8.132463398722829,0.9880438853632976,2.2987799524018655,4,0
-9.368186306976396,-1.418683635616233,-2.3450553456639227,1,0
7.625134527797507,-2.1102046422358907,-0.29969590961791226,6,0
-6.087119176876911,-4.093775726807004,-0.1818954934618592,2,0
-5.389737228164914,5.888738866798888,0.4559088057711702,4,1
7.718087776471823,1.4720749558221038,0.7285492551743681,3,0
6.0307050013364165,-3.793514407641913,0.9944451307874969,4,0
-3.533127712790467,6.6381724001648905,-0.605460420834604,2,1
-1.5768971509171834,-6.651388744103877,0.8345988126592242,7,1
-2.0685714338730423,-8.55641504378579,3.066072987872962,8,1
-0.09552384760962378,7.086187384147402,-10.933368387792946,3,1
7.462779353437922,2.2131579431512938,-0.7312111705255412,6,0
-4.723737807163229,6.073812113887789,-0.361347561363618,1,0
-2.1222126906918843,8.350561168101866,3.234740166123775,6,1
-2.7304752351123778,-8.038034614006946,-0.2830648125068111,4,0
13.574488997112574,-22.91590555183824,6.252914290022045,8,0
0.023554845597178575,8.88786917113844,-1.1682537452888284,2,1
-7.730697843568813,0.09432558079962572,-0.48919240255895413,6,0
7.983973722960956,1.9991211873815014,0.1499418547492426,8,1
3.3077530813690923,6.260622476437615,-0.28895852177192577,6,0
0.005302489528508758,-8.865527867429476,1.8338708465556375,7,0
-0.040575115905074455,-6.8312450076618045,-1.1625525532656922,4,0
0.7637345530041018,-6.984787523221671,-0.3594764714494306,6,0
5.395423059613329,6.847061870282986,-1.1255691402005883,3,0
-8.047618621768772,-3.2857969767710866,-0.5595553516989934,1,1
-6.985260159460971,4.653345115220441,-0.9018767704738907,1,1
7.938174644649837,-1.129677655223118,-1.4367506093265159,4,0
-5.734276999137194,-6.386089380432768,-1.2291722087984294,1,0
6.791997866791023,-3.2395983988545836,-1.0421206428479581,7,1
4.650552534006809,5.88758602465173,3.444913782592368,6,0
-7.328098423521025,2.9848559397445285,-0.20898665003122838,2,0
3.0480619099927293,-7.1684174040165285,0.4892712660519012,3,1
-3.803703748990137,5.086331763686693,2.5380071387321537,1,0
-6.984729001865574,-5.9317664260373295,2.360974888896847,3,0
-7.120357666055506,0.11347623712432686,-0.18653837538784895,1,0
9.20109815838642,-2.942043662853676,-0.08439942128563327,7,0
4.935304743984804,7.437607486381328,-0.4575453679693451,7,1
5.804966979171636,-2.437560869350245,1.3071083023552046,8,1
-6.348751657397785,5.019399462306661,0.01720204544554668,3,0
-6.839660653951926,2.0283016372096085,0.5746084996568234,7,1
-9.343988320891036,-1.572987641989005,-0.8381259152505376,2,1
-2.388852678763118,8.611802550688733,-1.789577596468812,5,1
9.190305492257288,-3.052394076788749,-2.859023257681374,8,1
6.122919943670101,-5.105679643614154,0.5143558898124324,8,1
7.430444721012023,-0.9429458648585594,0.16155599084610608,5,1
7.555432476271965,0.4977006508933163,0.33517929752726733,8,1
-2.7974519833801614,-5.903847839021912,1.2979373086736807,3,0
-8.752386698955263,3.7773521195260176,-0.11104511781729864,3,0
6.198148770356402,-4.8977039438175325,-0.8581076052867729,6,0
7.752866592863793,0.4402647318679116,-1.1340686921935659,8,0
3.0622772742547624,-8.002916626740667,1.3938043942355756,6,0
-7.987146482390718,0.9842645475552444,-1.9839809846075058,1,0
-2.4048561782278175,-7.57254530065305,4.348446946259491,8,0
-5.661535205459649,5.586470783518621,1.3526032082282702,5,0
-6.061002462749927,6.614655760396435,0.26199996653238483,2,1
8.204515651960197,1.7255694629055474,-1.288875355249511,4,1
-6.741915565780873,4.301487286914003,2.757595527375105,5,0
-6.104498598603324,3.5177428207013133,0.7454713938356721,1,0
5.467026432242691,25.12117646233262,6.15519787907036,8,1
-0.3000755908962146,8.233098288057363,0.5212321018931513,7,1
-6.563373743528675,-2.95326175003245,0.09146105063138217,1,1
-4.350701062890215,8.610585184879634,1.7299299927308356,2,0
3.8882869997463336,-7.510497789082002,2.7336844009963523,5,1
5.58273555730657,4.151475862410255,1.772575839488803,4,0
-8.807627745380637,-3.0724760284355703,-0.6956407703441034,2,0
6.265602346599399,5.138212450965836,-2.0607813444575527,6,0
-8.824816646848737,-0.6605082081748406,-3.1277430654358325,3,1
-7.613572339579859,-1.7591021695510087,-0.08707188461531003,1,0
-5.111594227230223,-6.817707382445192,0.8849025160160221,5,1
-7.40840222042053,1.1408114094259938,0.6720078165070089,1,0
-9.129312675480309,0.4723110071446332,-0.5474444739579335,3,1
4.55474694669886,8.665040579773999,0.9008761358054144,2,0
-7.344096464907179,-0.4137042751825837,-0.23349274498209727,6,1
-6.221423388389186,7.051080972946304,-1.4510847669911522,1,0
-2.400236719309418,-5.55205614561532,-0.095473880036662,5,0
-23.334358866711185,7.733212498926077,7.332595685910326,2,0
1.4259001177043213,-7.849624604615703,-1.7972153608699393,2,0
-5.584988480390389,3.815212030531211,1.6678472237751971,5,0
0.7309476501746575,8.041545311639256,-0.9223834432444067,3,1
-0.7864744653620066,8.537989448410173,2.148605571944626,4,1
6.953799827808835,1.1880725705060509,0.16509994745434703,5,0
-6.379120668836967,-3.6266073216267465,-0.5580105647746673,6,1
14.949081050345365,-25.088825837656792,6.154174759810537,8,0
0.37381094571222195,-6.970536179336906,-0.4542643183802476,5,0
-7.396250250586951,1.731542999232,-0.17810193397998497,1,0
3.0832789308361304,7.612939933249348,-0.17587293765230333,7,0
5.017064029677161,-6.674916875638338,1.471116949369533,8,0
7.461644133534209,2.212042228637896,2.337909821546655,5,1
-4.0145613694301545,4.493817032587051,2.426105882012943,4,0
4.5933953459006585,-6.812792181769186,-2.0690643651181544,4,0
-4.487702934768677,3.3362836672133875,0.6214248224727902,5,0
6.26376281516848,5.158754359834775,-1.3737850475660114,5,0
-2.2237682098799594,7.1407861644239095,-0.8407434494333104,5,0
-6.154311984957354,-5.567872424543452,-0.7832738935356712,2,0
4.8786720129379955,8.260909539334602,1.5297498498177189,8,1
-4.328754670525498,-8.068329290405076,-0.4289970585336818,1,0
-8.250501316342273,2.745295742106906,0.5324049518515183,3,0
-4.398122928331898,7.053520335314729,0.5422792386573313,3,0
0.7683309382855078,9.717527775759521,-0.6026567748840762,4,1
3.5532110528800462,-8.317963342645301,-1.0737769028033295,5,0
-5.218654474084266,6.0995259823660595,-0.7111538831332621,3,1
-0.34614658090540296,-8.225444087251615,0.2188847770131685,5,0
-6.822219425205674,2.717309123926838,-0.20295639862979628,3,0
4.6481607405417416,4.929036269335933,0.9234596948269967,8,0
-6.555285349113243,4.362421724076645,-1.0413015279789637,1,1
-8.721427250498675,-0.16011438605125503,-1.757841771758115,5,0
-7.4731807045195096,2.179771202734137,-4.06330442130409,7,0
3.349223760923183,-7.279889707877269,-0.9024736495390157,1,1
6.989205946950392,-3.509740448123122,-0.19386228610952563,6,1
3.0525754410396213,-8.54367606221941,-2.6312047666246947,7,0
-7.114321948444882,-4.39857970897708,4.696234502251267,5,0
-8.295891077201269,-3.6760601871786056,-1.1085723803944731,5,1
-4.8942700214487616,-5.830071974470604,-0.2658470108869385,4,0
-2.038802410640133,7.766108938907362,-1.6157000570181774,1,0
3.449546716291131,-5.992418205784457,-2.9554926856791313,7,1
4.556564690818249,-7.435488509249223,-2.7197411089715544,6,1
-0.9541821844805237,9.836796434838092,-0.7934809502419109,7,0
5.393481236093877,-3.936810924082419,0.37599743131303837,2,0
5.808512149528357,-8.874906668642527,-2.1844577620378036,3,0
-6.706080635740725,4.2583017906146665,-0.10049875152551006,2,1
6.46022695386633,-4.975400035542835,-0.14311726440882958,8,1
5.225959123925433,5.163873092316959,1.630046564832135,8,0
7.57453686341064,0.9087422446607135,-3.8436876761091083,4,0
-4.959590626315413,7.72536985827675,2.7457820341570374,3,0
-8.547740501697534,-4.94632900558117,0.2930883019649735,8,1
-3.553967767568692,6.237230413272986,-0.9855857562002146,2,1
7.087612033514775,-2.9593308176455015,0.5837567063241584,8,0
-0.027450674234124617,7.472445515200694,-0.03149165747320089,3,0
-1.0529867243179072,6.884378435618269,4.286379997447868,6,0
-5.598817812156201,-8.20985093436364,-0.24484675045537044,1,0
9.169879664815966,0.018113135312754658,2.987361466158956,6,0
-0.4542665370677307,-7.444018240079722,-0.6213533025335379,3,0
-5.194129002753269,5.560628309527819,-0.7385640221217222,2,1
8.31016256334725,-2.0761580165163562,0.08833149237189337,6,0
-10.986717067849515,-23.49734124478917,3.432584725735316,5,0
6.893535411875945,4.003243934407902,4.271244866855656,8,1
7.058074039975195,3.681069271197159,-3.758426164836708,4,0
6.531973906169782,4.341592159328375,1.2332362188600614,4,1
7.580145916833377,-2.0747020949176296,0.4239405196559465,7,1
-3.1522256165395897,-8.713629572976831,-0.5596116518566713,2,1
-9.337467798985886,3.141118386917102,-0.6521353933006635,1,1
3.009542184470188,7.2535456608350355,0.2967396703831911,7,1
6.844864767205944,-5.7518813335276135,-0.6628018813361382,6,0
3.754833457499191,8.784159654205121,-2.218784589084323,5,0
-1.0994641087193484,-8.908981785229248,0.8729061263690269,1,0
0.6861140239363052,-6.749207110149084,-1.1138327727584612,3,1
-1.942978463574169,8.241514331133363,0.8452503799132625,1,1
-9.384073260125378,1.6717875563184612,-0.18850487481834063,2,0
0.5598241478311148,5.890640646016339,-4.01804341976328,4,0
-6.1459136432413946,3.0679883069836467,-1.3217828948482655,3,0
6.723679854116815,0.819959421173841,-0.20378912590628967,5,0
-3.1778161475547355,-8.922615583542958,0.055710245507766855,2,0
4.588840849705652,-7.468502005002497,-0.4157452710273339,5,1
-6.876596169457355,-2.908240606349431,0.7687984007911558,3,0
0.8212210096314506,6.833978723537729,0.7116057314427463,3,1
0.7500366542721362,-7.279770813721472,2.2622457819530295,3,0
-8.145454857830057,-0.32150701319152386,1.0115752010988712,1,0
2.995275795728834,6.408848071693472,2.112056128978172,4,0
-22.650522244064415,15.925011947929551,7.622001278954128,1,0
-5.849130706426864,-8.124993135240782,2.9451223367941206,1,0
-1.9022256971845732,-7.038323596797428,0.7575106011642593,3,0
0.08833287595926625,7.858662162446364,2.1586343874798835,8,1
6.862005896671285,-6.398461506768938,-1.872044771160485,5,0
-5.183862124369938,4.82492020980832,0.4012504641115939,1,0
-0.4834503020325992,7.538418736483631,3.312622953082958,1,0
8.040068620870873,24.9226277588295,5.551546630186038,8,1
3.4187008486230837,-7.706481591124804,0.6384920045353073,8,0
-5.341631688203995,7.946038311647044,-0.9199267025753123,3,0
-7.36718884424893,0.44180174748097856,-0.14281657868025438,5,0
0.7065089705243782,8.9085201492715,-0.5925589825906058,5,0
-3.0113761575999436,-7.527198174120427,-1.4703577167062074,3,0
1.6650183788991508,-7.510602074689562,1.1191655217468794,2,1
-4.318882858066741,7.973746303289264,-0.9081305968749178,7,1
8.787735372271534,-2.1742604678866764,0.11099515913066081,6,0
9.22720795944764,1.537685112485308,-0.6458659911847341,6,0
6.057936612385598,6.936472000207606,-2.908582188609681,5,0
-5.768058237407511,-3.319012170212219,-0.31158960505230776,3,1
-1.7735955705553526,-5.672879108196606,2.073355300611137,6,0
-0.5740264770809662,7.84470554982562,-0.024492468116540794,5,0
-7.757244607410409,-3.0339932188821517,0.719172750714199,1,0
-5.321436522808069,8.647646080282048,1.6913821870676542,3,1
-8.56847054032441,-2.4969712598528644,-0.5339813696889572,3,0
-5.736970931364906,-6.115739406339311,-1.3325724684930036,1,0
7.09812603874591,-2.4961382722113346,1.3110743351574363,8,1
-7.497704851540982,1.4975358087034971,1.5855511547182863,3,0
-5.34869004519771,-6.247233224452689,-0.6630848895064928,6,0
-6.257411531162331,-4.585772428600406,-1.1576991409950024,1,1
-4.2858219526263905,7.313573967804065,-3.7102002284969524,4,0
0.3852420368037494,9.461272601512547,-1.1129085464428405,2,1
23.106174305549658,-2.4439628735699754,6.431819200306674,8,1
3.3181529196390596,9.680899936450603,0.9834952967629048,7,0
1.0098268509754735,-8.484024640256154,0.1613334720151837,4,0
5.221066448545115,5.792086187763459,0.9012482083908137,8,0
1.919968226719487,-7.293558808576366,-1.0884287103380128,6,1
4.692965838090566,6.047019541574158,0.5457026170200643,4,1
9.328598468675919,-2.2139641546645006,0.6941246111221879,8,0
-2.785768360249885,-5.770761208583174,-1.4266637760260164,3,0
7.076760405471792,3.9941404548282127,0.7000873568887351,8,1
-2.0777591050095188,-7.668681461366827,-0.41568391723755643,3,0
-5.842142792772597,-5.052974112263838,1.100964318669325,4,0
-3.320817502127614,5.425674727695746,-0.06434408230485242,4,0
-1.5527625581857543,6.572877086105088,0.10533446195830981,4,0
-1.6166204653848446,-9.375926173187061,-1.3133019849121719,6,0
-1.125843150488579,-9.095727051281436,-0.33478386764030826,1,1
-2.2506888541835965,6.086351253105052,-1.7188708625733748,3,1
4.4137552532770075,-5.364732729699658,0.5986941105409347,4,0
0.742667545439562,7.8280234264309545,-3.3233686770062816,1,1
7.202796042128852,4.690824439228308,-1.7048761613950718,4,1
-5.5978089505407445,-4.271491239973695,-0.025737996069218356,2,0
5.674575877624175,5.441035095784936,0.5302136233837854,5,0
-2.694805089873494,7.26431456128691,0.762167937355208,5,1
-6.560383402272768,0.940887905620478,0.38204617877736313,4,0
-1.3742929170399307,5.862787311022679,0.8393848359644445,3,1
0.5371038250456062,7.127821559194706,-4.819482772574107,7,1
-2.4910702606658304,-8.906814816756171,0.5148817955202918,3,0
-7.900019770661465,-0.5609624247554286,-2.525238257299085,1,0
4.677312661572081,-6.5422196147653935,-2.386543240749202,4,1
-7.997779024086238,-5.547498369042109,1.497101777773875,3,0
-9.18496788888456,-0.8488544527067203,-0.7194354563626382,1,0
-0.49029909426429735,8.363885620532304,0.3817069106397046,7,1
1.12463853209289,-7.5742693995579495,-0.07574994039707646,4,0
4.090224809697082,9.516079978791328,-0.704569356976554,3,1
1.1608977996544945,7.81562378494549,0.01654973279270817,2,0
5.091924870543398,-5.359691037018357,-0.11865554012668718,7,1
-2.449714155358506,-6.505684471436131,3.860581681573909,6,0
-6.615625326045309,-5.744808582719196,-0.7040416072045222,1,0
7.407052908589734,2.2570025160605733,-0.7648606704577,3,0
4.4647909037491615,5.451711080925777,0.12143081708707748,6,1
-7.474722507735905,0.22070953344198296,0.4472509442413503,3,0
0.19680496597176553,-8.321852212789409,2.564194687069109,6,0
-7.103640514031378,2.845641010792758,0.3568629617125079,2,1
8.949261877375918,1.2951430830774318,-0.4992197492949872,6,0
4.149718162990738,8.198447516716667,0.9120770167440436,6,1
-4.111129575292434,-3.0160771661891914,-0.3625215213842449,5,1
-2.835642802075878,-8.425303427653642,-0.13566504324315934,6,1
7.563046549020487,1.3361782313900197,1.9231125708372143,8,0
8.216744457476086,1.451025831930328,1.3816368190207222,8,1
0.6241471379118806,6.590245380332954,3.269082168483203,8,0
5.291442818340979,3.8722107522574905,0.38797199935243365,8,1
-8.566316686269737,-3.3423566823554074,0.9345426618826207,1,0
5.065731188300539,4.849045261639214,0.2551370709990752,8,1
-4.764263738131826,-7.039592463063369,-0.6213836135173433,1,0
0.8226950396632882,-7.888102406979213,-0.2484936309019364,8,0
8.877364519852428,-0.0027868507735706594,-0.2238807842942246,4,0
7.731094487522986,-2.32262342758781,-0.09215770832633836,8,1
-1.3534333576872704,8.395193496212846,0.21319393530517344,7,0
8.254024126883817,2.7957369978065247,-2.6976414401391495,7,1
-5.716817105732053,6.7901413834371995,1.7677879600795086,1,0
-1.7242347815480823,-7.755596909608664,-1.1633990439275594,2,0
6.502711467203541,1.6363368308373964,1.9684782393720632,7,0
-4.281932355553671,5.41637661082339,2.027270203524346,5,1
-4.132891257302109,8.494973210723819,-0.20952664057543904,3,0
1.9903299806062207,7.736194172754714,0.0023831507745070944,5,1
-3.091843462302219,-7.811454181397746,1.3323746267861618,1,0
-3.109281163220998,-8.34489320421751,-0.4444852064491984,7,0
-9.36585631985054,-2.397140552179472,-1.3318501046622673,1,0
21.127853056741323,-14.136469916792292,6.937817242589734,8,1
7.020961516632659,5.9178366474561095,-0.8837761765217449,8,0
4.99367970253812,7.023374006937052,-1.4740993918354994,3,0
-18.128275175850817,16.730843050421182,6.701151640704873,2,0
-5.753486778426071,-7.669455517156501,-1.0023092705875458,3,0
-23.88837143440943,-12.853796965489154,6.238360876081569,1,0
7.382047068636572,2.139721135951314,1.7138064621093967,8,1
7.801190380487788,-2.9413272093039953,-0.9884453711905586,5,1
-3.782167899121153,6.900592492357462,0.19268752570820502,3,1
-6.17997155222506,6.803554292138343,0.5899596997031716,2,0
-5.873349567270125,-4.792730016223034,-0.9716296425650992,7,0
7.086363965393705,-3.1077600059013495,-0.1642786170096837,5,0
-9.852493182411694,-24.090641511944852,4.622439413713334,6,0
8.963644197679438,-0.5883438411925244,2.1530756452328403,8,0
3.82305296395355,7.062317319757361,2.5714865093910992,4,1
-4.44563279597041,-5.7543789819510724,-1.6653834982001008,3,0
3.0987660518370004,-7.4256959166241465,0.9640201733787237,3,0
-8.557336532965946,-1.399999338115014,-3.532344145405664,1,0
-4.073092821454828,5.3204393715075495,-0.9227147307735828,1,1
7.93369731213455,-2.208721262128898,0.26753364377351013,5,0
5.091864809150225,5.039695887392921,0.6779873702768191,5,1
-7.960029399715357,4.137803905535381,-1.622989211227633,1,1
6.655730397169453,-5.273946064629006,0.9648658505123973,6,0
6.9954305974197135,-4.81262791660951,-0.6029759063827902,3,0
7.603661684378709,-0.19246728857906192,0.7348828043246189,7,1
5.43264243414231,-4.461804828705247,-0.7805933694582919,8,1
8.82939623692157,1.6764551022292866,0.8310589623718148,8,0
6.539165760151217,-3.9625461323842095,-0.09362569160031319,5,1
-8.665874169481093,3.0199629106547743,0.6281484720478948,4,0
-12.275643347647835,-22.1513521197054,5.413275688090471,2,0
-4.973669566578041,4.498521803629036,-0.6349220742096252,2,0
5.2296647596399986,-8.0501816208912,5.485275038792851,7,0
-7.250937424289077,-4.58321776199894,-1.0845290125439921,2,0
3.8315826294171735,-5.263038714967782,0.34005482323192593,3,1
3.2424605488427964,8.534721954207859,0.8656592766208919,7,1
1.8623736684328978,7.996527940672818,3.806907472200138,4,0
-8.416606672066617,1.5900595992394433,-0.460030744869438,1,0
8.235201158370316,0.4673415550102899,0.16643450462748838,8,0
-2.757849892063398,-6.772246582027117,0.160173690569617,5,0
-1.4091762880388519,9.137133475943465,-0.5475501766147799,4,0
-8.677454429432451,-1.31634540946441,0.17139838170302008,1,0
9.120851706623984,3.040166250559489,-0.2919365679059615,4,0
2.157123472906382,5.642500565890405,-0.08994416558912488,6,0
-6.194283236174589,-3.566111542393605,-0.6351000400217834,4,1
-2.72413795571126,6.898514394908449,-1.3763704580276124,4,0
1.0733810886426078,6.481550936375809,-0.41134247603989726,3,0
1.9347390548614047,7.837373503007992,0.9259051351960558,4,1
3.853835365213971,8.43355778448971,0.12652071460752456,6,0
-4.902783759975893,-5.8220618673018585,-1.4610101075609023,1,0
10.505616074470186,20.245566064346146,7.2828574945489235,8,1
-6.572714457251206,6.986900774894889,-1.3994207497063391,1,0
-3.4284078712875368,-6.44595553462943,-0.34741492488035847,1,1
-7.8345900212924,-0.9791559063775792,-0.3898104691814961,2,0
-7.7211278422945115,-4.2893933046875725,-0.08467337518597685,3,0
-0.26422253001380763,8.90205402666657,-0.1486185544732703,5,1
6.5802535353611225,-2.666160301611954,0.6065419166684671,4,1
-5.216240395527831,4.393275879394999,-0.4950653607162202,1,0
-1.056059935290601,8.357095771132643,-0.9499247829430963,4,1
8.495639250254962,-4.1530791748721665,-1.7172866501378155,2,1
-3.7846603824093243,-6.661092276891318,-2.2368671670893807,5,1
-6.810185943771868,-6.4588089473463555,1.2155766106048778,1,0
7.32511690813423,-6.233136829101999,-0.5382981536603925,8,1
8.210773644076733,3.292669453969927,-3.8758154193710572,4,0
5.105464794055567,-7.331114360406623,0.5326022453206115,7,0
-4.293786736470288,-6.813887396795061,-0.11333604275561947,2,1
-5.391454526221517,4.933308457585565,-0.6451092415930437,2,0
1.619356976742314,7.202222512692436,0.7977227681175452,5,0
5.333582534404453,4.653407840640451,-0.4929991698137745,7,1
8.71077729526081,-5.061462711634725,2.507140312486263,8,0
6.194853116590423,5.313450715256652,-0.3757257384913593,7,1
-0.2096292666134733,7.30992927041301,-0.3356805410689048,6,0
-0.9012639523823573,-7.333898856255704,-0.3057171578577406,3,1
-2.690188099597443,-8.05165860878041,-0.37959744853083116,5,0
4.343577315939682,6.95292512170452,-0.5767843711435329,5,0
3.575817713289557,-7.360676615522748,-0.2641581352063874,7,0
-9.360456560888446,-0.8570022312989528,1.1063037767449928,2,0
5.2459601414379,-7.187311679673252,0.0038167700314670947,7,1
7.499532835784663,4.202505012129831,1.0656107412339488,7,1
7.494325595816342,3.321123400630585,-1.3049229994205012,8,1
-6.9531678891974025,-6.7419010616904105,-2.325207254872947,1,1
5.933742951006457,8.30288813877231,-1.41460156985003,2,1
-5.615914501467376,-1.1985904182145,-0.8246688777070454,5,1
8.426484123874063,1.5256829360964477,-0.32221357437205594,8,0
2.7706328703703775,-7.545871576528867,2.4325765211136106,5,0
7.38437543062674,-4.261593626683865,0.6583034942101202,8,0
4.76131687686819,-7.702917201854989,-1.6522992262082952,2,0
7.398446258933452,-2.592375745137164,1.0094555387978341,5,1
5.373475437692206,-6.227114844504881,0.17693645141019831,6,1
-7.9338104541217245,2.492410831860414,-0.5665324105269517,1,1
-6.317948497528432,5.324936549416664,-0.7963790171663017,1,1
6.54565371121026,-5.11302007647625,-2.339330899790888,6,1
6.25663931089419,-2.6677549878518736,-0.4557574194940372,5,0
7.781938131529995,-1.7925843940479385,0.5418762393539118,6,0
0.7322390811802858,-8.679819438461445,1.6001352930970154,4,0
1.8461948496065475,7.076291246412208,-0.988035409153999,2,0
7.238927504695015,-2.0563173713847447,-1.5825993005357382,5,1
7.969938150347144,-1.0616455508652805,-0.4140081365972441,6,1
-2.8115506020332948,-4.958288669197419,-0.4434167169510467,2,1
5.552475098054648,-5.707237900093586,0.65733330800124,5,1
-7.903656215685072,-2.173881394889047,-0.504661957038564,2,0
6.855950699033349,-4.221607998560698,-0.31390911545454103,8,1
8.172870417685465,3.2031675200083995,0.09042389850216707,6,1
5.690161330722759,-6.915540408423335,1.7149193160103253,2,0
8.645100899658582,3.9966582842734333,-1.3669181868442517,4,1
-3.719472088190863,8.024931966979715,-0.39207186584347314,5,0
5.28554267746328,8.245875407483933,0.19331309757696505,4,0
-7.185186344265021,0.14523147236565292,-3.287662743680447,2,1
2.901318288038403,24.585363356827898,5.120437130259773,8,1
7.389572200942426,-4.029997663764754,0.36781562703136284,8,1
-7.063837692880779,-4.299004799626774,0.3640818428681337,1,0
3.879026978603725,-5.138095599176568,2.30045858006718,8,0
-2.1589716406724424,7.0144627436880675,-0.5812658420275348,4,0
4.7905749730723,0.4491414902884423,1.2959151664262174,7,1
1.110341891154406,-8.53044330368252,-4.789422717022784,4,0
-1.9708558605977502,-6.251873015810006,-0.6284225027222369,5,0
-7.159050748213619,-1.229255419865682,0.6131987738905217,2,0
4.302113030812173,-8.354038898860233,1.8571469370191933,3,0
4.7293092716386145,-5.757192643097044,0.1630359238656966,6,1
-7.246467565885218,-4.987886852415361,-0.3838518427474217,1,0
8.347781146947117,-3.181232646679862,1.0902016076300596,8,0
-2.6012752642381938,-8.522328372936235,-0.4525659259101307,3,1
-3.097167356812626,-6.9514400135910135,0.18157988513272974,3,0
-4.121883166319268,5.196435694013194,-0.5313389284804272,2,1
7.023721496621534,0.6374367012678916,1.6829046117763948,7,1
-0.34364173924903885,7.383545107727232,-1.4384885652178954,5,1
-1.1579356684774647,-7.678572910280974,0.7314301773728893,3,0
-0.45449611895873643,-8.776342284135346,0.727545963752903,5,1
-2.877269402747091,6.92615862172885,-3.8899831738739947,3,0
-7.401510283926624,-6.57226381055752,2.180772930647856,3,0
1.739835611670335,7.2154009473700755,0.015606082520008283,3,1
-0.264652858992278,9.819613855864924,-4.755675409448761,8,1
6.136039411145102,-3.0804869448340777,-0.8490806240311597,8,0
-7.7349140734693655,2.882802682244488,1.096967704566825,4,0
0.34735702932550866,7.997512862745869,-0.7741765978296625,7,1
-9.787571868166953,0.6654523313034425,1.6799722043271472,3,0
-7.2728115820731905,5.2258921671825185,0.27310344425378674,2,1
0.24334855401761435,-7.470847869514857,1.6187001765712192,1,0
7.951949132535767,-2.415086643286375,-4.026730770299397,3,1
-6.640559125942557,-3.7968405053973537,0.9581101461876499,7,0
-6.2593839956516275,-4.434408591974926,2.0186596708046887,6,0
-5.066851411083191,4.6898461951050034,-1.4722842601150257,3,0
-8.083721675467038,-2.4525892283598405,0.2199220529939319,1,0
-2.5336469777523334,7.346514212580197,-0.7566859876305451,5,0
27.51365321323915,1.0351742937052677,7.222622117382177,8,0
5.098572459513134,-7.184061208448162,-1.274735213208955,7,0
-5.7879413542582245,4.201814821826642,-1.4604458665525848,1,0
-6.191806468927313,2.5643598128129312,0.1237196937405083,2,0
5.637047286246136,2.722959084152514,-1.838879548734686,7,1
1.300083344846648,-5.912968078859532,-1.1050119092959758,8,1
4.4956561793830145,7.116379067028617,1.6959061655144316,5,0
-7.997435185974126,4.171185769442046,-0.70991024826079,1,1
4.482583846590951,-5.964736202223322,0.6867495379127423,8,1
-7.4472130733309925,2.761064308642611,1.7116614922059747,1,0
7.138957887435441,-2.17225359100248,0.33544984352081625,4,0
7.395455377541493,22.16978202548058,3.2874287662716006,8,1
-0.34450224377626437,-6.58430721556292,-0.32734813226934306,8,0
8.389155916332818,-0.8216781264296691,0.04186171408735743,5,0
-5.955819466483756,-4.086971360788935,-3.165862356846258,1,0
-1.601431897214724,-7.954127831522168,0.06533731248261998,4,1
-5.171038205681585,5.093759142419631,1.4066473769254098,2,0
-1.17570478794461,-8.496237386644427,-3.923919583122662,1,0
7.745857998128609,-4.54450023422833,-1.5249770014192277,8,1
-2.9471024106568513,-8.282680898223703,1.5631093564022787,4,0
8.002699031194267,-1.383651509433459,2.1729007569260754,8,0
-8.931553222814282,-1.4285948007935412,-0.2846678567343404,2,1
-6.8748881203220105,-3.1470987309064173,-2.757619937969905,5,0
-3.1285354566414516,7.529854789940081,-0.06488680535510537,2,1
-1.8151366961156028,-8.793083508402445,-2.4657505033013405,1,1
5.092811544987353,-4.21985477112424,0.8071146869070691,8,0
-6.403158952292641,-5.920534750948324,2.1702255079066854,1,0
0.48041209230855786,6.993909109911406,3.0820652148022325,5,0
-5.722790651497908,-3.143393968945657,-0.6953816805272915,2,1
-0.8317240935821794,-8.181406431128776,0.1419766968773989,4,0
6.657812571583018,-2.968348022292177,0.2501320279566262,3,0
4.585487796049109,6.896063014105187,0.2578320289523515,3,0
5.443516531842699,5.042746918922214,3.409650153154057,8,1
-6.189340489589528,4.049270562129994,0.18210929974760692,6,0
5.139472447023631,7.1585290214431865,0.8268142880874458,5,0
7.818278946305679,0.11071383906392451,-0.33193747252565,4,1
-5.885271336174334,4.950717256466838,-0.6786096185880984,1,1
-7.131114324013166,-1.6775529019134923,0.8250625396721958,5,1
1.083678019733832,7.673123054894305,0.921896256518408,7,1
-9.761659353214522,3.232681225110362,-1.663448488683416,1,0
8.207498746594062,0.0573429263605415,-0.4800672495341563,1,0
-8.096800181712254,1.2329922331704135,2.086800183077937,3,0
6.610200664786742,-0.7259539156762898,-1.0816591699514833,6,1
-2.1007422847906994,7.856834871222861,0.7195377099961361,3,1
7.154283656713322,-1.9830555302335606,0.41450743058958706,6,0
8.315786072486626,-0.9746018583280418,-0.4923309502225863,6,1
0.5324118640449877,10.299558740605633,0.4016911533037725,5,1
-6.029112334118848,-6.383608039302706,-1.971425920951005,1,1
6.414157183337531,3.5439860596795105,0.4748603665292292,6,0
-7.246743139249841,-2.4386815772646004,0.34629575549180197,1,1
5.5446052684946405,7.544692135751474,-0.11022349819052754,4,1
2.9128156476642033,-6.840570135928449,-0.2369960030706257,1,0
8.4523011574273,-1.7696968289415977,1.6449927405769598,7,1
5.033667825932546,6.80953028388554,-1.2643885818205989,7,1
-7.786931348592546,-0.6222314008085132,2.547366087972191,2,1
6.215233330953869,5.8762263258472895,0.4127256481635849,5,0
-3.3532169047049774,6.691200259533726,1.2464314944432933,7,0
9.039223601914353,2.7976868030555972,1.2153044810985074,8,0
-1.446310477848003,7.498446753728529,0.881974398245713,8,1
6.8624468551241975,0.13129191700290183,-0.02543639398539529,8,1
7.976371052406633,2.822751242384102,-0.040637771388434156,7,0
4.644957090858576,-6.255104343767676,0.7271093003921696,3,0
4.892821408701367,4.117557265291119,0.4188900838988183,5,0
-7.76874813603607,-2.5500220650984886,-0.4375426981079675,3,0
-7.745360339429898,2.1127330335292944,-0.32415501017984766,5,0
9.035855317076676,-4.396491542306445,-1.1965898188308388,4,0
2.8489394436334323,6.502789901639805,1.334156532318977,6,0
2.8628165195174313,7.508615422966678,-1.5239631679017576,3,1
-0.27599924614798255,-8.005729736608513,0.5841150837453136,4,0
-0.8830215309009307,-8.400772940172727,3.3771133728507037,4,0
-1.6270722967394775,-7.901121913590547,-1.2528579019519828,4,0
7.794890395311169,1.668712665314656,2.8962450033577607,8,0
-0.2733015713260053,8.628568732426903,0.6089411362434013,5,1
4.5991291223514335,-6.288414514201035,-1.5572616104360222,4,1
-6.772061053241774,-5.8058806471816755,0.1676184656904292,1,0
-7.8343118296925764,-6.461800003532888,1.480942073444414,2,1
-0.5134090708846872,5.4565946120782165,0.4348375427265945,2,0
0.682716429907917,7.162793793165233,-1.599867575358271,4,0
8.739602298202014,-4.83877863285546,-0.18782603642575632,2,0
-1.3495986117043053,-6.467962674203952,-0.05626257850935406,3,0
6.303348942991311,5.3855259663653685,0.5582387978036236,6,1
5.452033400490624,-4.374343157782011,-0.905646186329376,3,0
-5.563136505869027,-4.306239775205605,-1.2235734437570787,2,0
-4.07308790488905,7.211008525149724,0.23900658578423456,6,1
-7.689418117572406,5.225132649747395,-0.627631037351861,5,0
-1.651004604278696,-7.610959182292266,-2.7453748641154516,2,0
-6.279957776423048,4.03832388052451,1.0679429176309565,4,0
-7.468003053624569,-3.1578434294458013,-0.13876033538299595,1,1
-1.5711306064256818,-7.7239402167200915,-0.27706793614102954,3,0
3.5902926520142935,7.329816253218976,-0.4804684353956412,6,0
7.570321950410159,-3.225512347535589,-2.765162704009492,8,1
-3.993084488574554,6.576466535063074,0.17593483831027598,6,0
-7.552216871951352,2.3925105219440295,-1.3766142436773856,2,0
-1.4380870587989825,-8.329109887735004,1.2097384879229296,2,0
-6.1307878715213855,-2.699590365446498,2.551309275247548,6,0
-6.6389176943524655,4.550544517126521,-0.07951459598469278,2,1
-5.250890743357613,-5.393529561204399,-1.3947798877673636,3,1
6.581341846326107,-4.22051377085871,-0.16389941862828142,6,0
4.5065321186006795,-7.88268049054237,-0.055543602240070176,8,0
3.617952581371349,-8.048098960279228,-0.9975191952384298,4,0
0.4660124315440777,7.428210991105496,-6.995780481444015,5,1
-5.973245552639779,2.230370264313396,0.06817195267595556,2,0
-6.99830698366778,-3.2976752821215176,0.516005587783753,4,0
8.42411543055723,2.179282140790411,-1.0321391498722772,8,1
0.4569623192453942,-8.324779710875433,0.9667387685821425,1,0
-4.4133256853055265,8.000571933893468,-5.628579391699996,2,0
-2.6756644839253525,7.565723076081699,1.2794302104172206,2,0
-0.12156245603323967,9.599863904548949,-0.5249572414683072,5,1
-5.220657005754089,24.03992092100397,3.866577254197486,7,1
-3.92839661149433,4.734100067501732,0.4662378959696509,2,1
-7.525286984856457,-5.271651831810929,1.0048979927880803,2,1
-7.63533451436173,-5.610927773470493,-1.6230333371846453,2,0
0.5707362259516424,8.254605486483632,-0.557990602094067,2,0
2.3033563457049633,7.008023968275445,-0.034910691796662834,6,0
3.772013063512793,-6.582349594046045,2.780147410208238,4,0
6.415392828859642,4.846133376250061,1.9122006422903433,8,1
-8.770109528466394,-0.5463638943246263,-0.11580880801082553,1,0
-6.7908365790187535,0.20138981450312743,1.953319389819966,2,0
-5.820056567764941,-3.3076426312371114,0.8558139261101096,2,0
6.054062994583906,-5.71472734761695,-2.574453569294409,5,1
-7.502808895074063,-6.963020641767724,-0.6625270052697431,5,0
7.722417711884544,-1.4275461288180642,-0.1339688920481858,8,0
6.937980993763768,-4.470181329771252,-0.3388950200834155,5,1
1.0713990118666965,8.622801340499102,2.1581432471858073,4,0
-0.034120335102978905,8.67034421770256,0.06093733880301883,6,0
-3.6812547857328037,7.86511216789026,-1.1825165946678615,1,0
-20.251083262569335,17.47590477278865,6.279341991760476,2,0
-9.43339881313078,-1.3186567493173877,-2.4609086585885844,1,1
0.8522265993007464,7.948029301743537,-0.49830622073789427,4,1
-0.6543381893172653,7.490867033379682,-1.6556159228974188,5,0
-4.523873783796852,4.9985359966042004,0.33463806172392707,2,0
-3.0511436135273056,-7.024321471650342,1.230869494216945,6,1
-1.9697217387482213,-7.211512310544631,0.5041460682073272,8,0
6.978281821986537,-1.1395523073907263,1.6196022545730044,8,0
3.95760201497518,8.1427382237975,4.5589694652938455,6,0
-6.371161128626055,7.243583281646604,-3.3879559205184426,4,1
26.357484850263887,-4.11456063298479,5.334457567304089,8,0
-2.627245357513421,-6.708099815050742,-1.735702495680104,6,0
-5.92983236937834,-6.565688967066423,1.1829929835267259,2,0
-23.556954263467507,-6.436750410814868,6.684224732955499,5,0
6.616592388174674,3.4593263342415246,1.1099600993207381,5,0
4.714962506396345,-6.772197741841296,0.09933548424946857,7,0
-4.392366457785295,-5.212624802376221,3.2052409422077206,1,1
-9.615546081701766,-4.058266882094207,0.05861541930245102,2,1
-6.87432132664691,-2.245197271725926,-1.8028113046412224,1,0
-4.979985691306467,6.074639008792621,1.462631204638972,1,1
-1.5911506028519626,7.853240049005921,-0.08646510655311479,7,0
-0.18062711547796806,-9.38476603885324,0.3343363918719096,2,0
-9.43982367119598,-1.2866478430228119,3.0761002668792115,1,0
7.177863397360913,1.9763161877696733,1.3928632232893567,5,0
-5.401064591994778,5.25267340710206,-0.9254103418709679,5,1
7.958825508271674,-3.736228964407288,-0.0823208220240472,8,0
-5.01442724988195,5.547633171789301,-0.5883578005667742,5,0
-7.2817727441596585,6.045629720951722,0.8550676487521331,1,0
-8.024134300747304,-7.493113427475745,0.6474287717277363,5,0
2.9347618792676857,-7.846999158686336,-0.007211899091048817,3,0
-5.358617182910235,-8.02747233836699,-0.3251499931610842,1,1
3.7801016189642023,-5.578181987256318,0.34896472808475526,4,1
7.247392107443343,6.891133393637189,-3.122263742675155,4,0
5.529719668863477,-5.017283871522087,-2.882909662439014,5,0
5.150407491115105,-3.2525256695566673,0.2944916435724793,4,0
-7.5249434106088495,-0.8799932661662093,-0.7548511483919577,3,1
-5.43637979137668,-5.704463452975671,-0.129665772381039,1,1
0.7311164176092959,8.295790509985308,-0.5504748363898277,5,0
-7.762076581687406,1.3697295109368568,0.0014327529522184582,1,0
2.9168359801997568,7.223555929793252,-0.7439010941721084,3,0
8.151336331228679,0.9761820896072483,2.3058738053334524,6,0
8.833857855304581,-0.7374517786024374,-0.6414660158442236,8,0
-1.3432011688662568,8.30879599889613,0.07970600319154456,5,0
-6.314933929670719,-3.9063738577158174,-0.5568295364293492,2,1
-1.4482282998974323,6.988570751887575,-1.626375790247911,2,1
-4.831176734273173,4.085497968426241,-0.0621432093196024,5,1
-6.525347386230141,4.518181687243057,0.4231855855069798,7,0
-2.6265077896724445,6.728404765911339,-0.5508078372971794,3,0
-4.5914259935301125,-7.841752803065259,0.9155517750403965,1,0
7.408477043979161,-2.790261256457095,3.088755303490209,5,0
-4.733618071230192,2.8014097327862126,-0.7609656924918804,4,1
7.961191958744298,-1.20790173652726,1.577044423494826,6,0
-5.54016270237204,-7.482477941121616,1.8795281838170237,2,0
-5.850094132618508,-4.901934319621732,-0.7210818866623803,1,1
-1.6528889744381081,7.4067601983961975,-0.6263608460555206,4,0
8.403739508027943,3.66921693422613,0.24601850132783187,3,0
5.9986446345853395,-7.400143090258933,0.38025023342645703,6,1
-5.8702285919037065,-3.6306209665599622,0.925875569770106,3,1
-5.2786694251348845,4.100967687721575,-0.09514495402598122,2,0
0.9892377024479,-6.551986741494899,1.255574968317177,3,1
-3.4156150228951896,7.0511934677028485,1.104109965849544,6,1
0.22415408274945414,-6.2000016435044945,0.09202573589100804,2,0
-4.285128677779621,8.634221064257629,-0.6286797440544254,3,1
6.600441159391775,-4.742901242210936,-4.639933036534257,7,0
0.41833254837192835,7.875743476926526,0.1496569035949179,5,1
5.1299435876843935,4.803388091260357,0.06412721434048878,8,1
-3.020567827596483,-7.149649353835529,0.5386254162845271,1,0
2.865915886314193,6.291137507810805,-0.23304955546396064,3,0
7.17805112000072,-2.4361248527787183,1.5656740667338407,6,0
-2.9940020497409376,-6.9322412568235015,0.7743312253311746,8,0
0.2692303303484551,10.68859427666815,0.7717251889676441,6,1
1.613780155363261,7.543029976157538,2.433535962635539,7,1
6.744356309889871,-3.958985431698588,1.0882314981227512,8,0
-6.1544240885089625,-4.095172572966119,4.460690375420928,3,0
6.6860876868913115,-3.8762083892607446,-2.1779617901589927,8,0
7.200912789394748,5.316661148801976,1.7070401753473259,3,0
7.513292435409791,-2.5056110985407374,-0.568448164014212,7,1
-9.047816495176999,1.4930862359369375,-1.6731797082458937,2,0
-4.435935326247952,-7.32286016187065,2.188898383688972,6,0
-6.792741225111578,4.5497094571858145,0.43465460959524416,1,1
8.428044814578787,5.174969310859301,-1.634242275352213,4,0
7.155451553578635,-1.740752785091712,0.8284498446623652,4,0
8.215559425267164,0.7287790929727003,0.16081491349960914,8,0
-3.0546731076551206,7.53690090371946,-1.2048571386993427,4,1
7.268921057045942,-2.234606654551289,-1.831893610556733,4,0
4.581842829881195,6.934590114594512,-0.1463470823875554,8,1
3.4138406076185985,5.8089400090980305,0.188502255881433,6,1
8.318790123944456,4.798413608936719,-0.03545431024854606,7,0
-6.412149168680433,5.311121199516696,-1.0690021830875205,2,0
8.769160584750797,0.8776643966807209,-0.8742613123175719,8,1
-20.479624500000327,18.795570798105526,2.0708823548452164,2,1
5.460776849509288,4.983004165412697,-0.7300077500101397,8,1
-0.8590574068800457,-6.918763447385444,0.8623048337311573,2,0
1.4547431551522116,-6.751180504036434,1.4858016314934708,2,0
-3.419227780120423,-9.039087362666836,6.311545234258196,3,0
2.5304282195847168,7.479610827770408,1.0801556111102213,7,1
0.8212114271674701,-8.30347683797653,-0.45138056294376705,3,0
-0.996214755990875,6.545157719124685,-0.12320334776587874,7,0
-0.21402352846196798,-7.12653458053641,0.3598486721761155,3,0
-7.060273069295519,-3.356595205181294,0.3973223825054205,5,1
-6.394525469112905,5.56970131009611,0.5932812649382527,1,1
7.661360101140064,4.511705167569387,-0.5189246057326515,8,1
3.2666620908904926,-9.681303502068245,-0.5033539642070016,8,1
6.756924235931962,-3.443904900265084,0.18842732013876123,5,1
-4.9396614598366835,-7.3224808104855965,-1.6039351163466515,3,1
8.61882508691198,-1.8049235257807994,-0.5734903783415614,7,1
8.313880124840956,-4.7264969444967395,-0.387609750842827,7,0
2.4233513065954164,5.5813335721320705,0.21779027017887334,8,1
-1.3687561306439249,-8.989982441360443,-0.24389715048147462,6,0
-3.3927144623129526,6.902325479502664,0.2013791512063062,5,0
-6.960577593151262,0.19745498965977076,-0.7947516794953824,4,1
3.3948980751517706,5.620105766090058,0.091955666110198,2,1
8.165204004686876,0.5477363254122911,0.5166946244504149,7,0
-0.7825947142455358,-8.285016142232369,-1.1550616396343862,2,0
-1.0370773542719243,7.923596027315854,0.3187134271704675,4,0
-3.5034250030016394,7.0144694659661635,-0.16482120596991834,6,0
-6.809764422636241,3.85392890022628,3.140240784323807,3,1
0.17538980591649295,-7.504763837415804,-0.5843456274079992,1,0
6.730697446646309,-4.444739792174572,-12.425658218311327,3,1
-2.439373238752749,7.2294815044577705,1.0184073632125001,5,0
-6.932147436350151,3.0215871796303673,1.3403668701112046,2,0
-6.146251327039784,-4.063317294379696,2.752771354239364,5,0
-3.0696374645396505,5.175782469617489,0.20797823585743813,1,0
-9.08778608849997,-0.49137729133571917,-0.5376654747125744,2,1
7.851061718850478,3.6371457935344536,-0.3135481610573969,7,0
3.20359321707386,8.059817782726775,0.7825604957990756,7,0
-6.7761383867539156,4.547140702768103,-0.571214654067312,1,1
7.957748011848373,-4.791790895745299,0.10990750112804222,8,1
-6.1447408154371,5.102164021359215,-1.8965255307496056,5,1
0.5921950158979749,8.259125314870415,0.7731651462949107,1,0
-1.0512301651937983,-9.150747600715643,-0.14202208571365119,4,0
7.324254408078013,-1.3971642251067067,0.7347666707769058,3,1
-8.573410583847894,1.3694725399002012,0.3307238211027999,1,1
6.797788521889046,0.06490865583806177,-0.5074849112704831,4,0
-2.6932086053015696,-5.288295944531071,-0.7342747898185396,3,0
-6.669709944552649,4.016022304451593,-0.024194608074958848,3,0
-2.8295173169763417,-6.400669964141281,0.3024892884944612,6,0
-1.9638135538813044,10.181056239359853,-1.3499816196706096,4,1
7.974700899066472,0.3574172124329915,0.5827597945562999,8,0
-3.9243519410444496,6.976717319857076,2.4851953417530757,2,0
-0.7165528210960037,-8.269339577448694,0.8025131528360386,7,1
-5.479288943754445,5.142414318178605,0.6325895099056464,1,0
2.5225303194421986,7.635428170972617,-1.414939244863668,8,1
-24.959119714713236,6.850243197005992,6.334113706715871,3,0
0.4760386296593383,-8.819423335539756,-1.7608944273332952,6,0
7.1968312358766475,6.1880787134499915,-0.3494626347723649,8,1
-2.9371413694221116,-7.9384112105990745,-0.7069319318543464,1,0
-3.6063468071187055,-6.284679050639447,0.5229361232662891,5,0
-7.09743032590444,6.181977588299974,0.9034409456219294,3,0
8.514001697358328,-3.834896287298919,0.6334381431369857,7,0
6.508339772451436,-4.220343657039909,0.41125000624856134,4,0
-2.649800441710606,8.121103612114021,-1.5768458006335193,4,0
7.520270027348634,0.5129813255069025,1.452331337386638,7,0
-4.665349218568585,8.561380397351526,-11.777046182390809,1,1
2.9484126583969332,8.846927320918677,-1.2949579769635817,5,0
-8.37514291627032,-1.5365644343598404,0.03303728150158289,1,0
5.477150080206092,-4.778708155333526,-1.6787382381333673,4,1
5.61470876996042,-5.15691487181682,-0.34181394338173954,8,1
-1.0700679050694188,7.272762114737397,-2.0190490041424045,6,0
-8.074069901451915,2.552738755430682,-0.12607219950221593,4,0
7.102211555733691,4.041742077589736,-0.7236002094632819,8,0
-6.937100395601842,-1.0789891842855308,-1.198918684206156,4,1
7.135244579230234,3.1000813917384047,0.17883788497213762,5,0
8.11140003622662,-3.515823154508843,-0.16517258705235308,7,1
5.07170936025913,-6.610868566894331,-1.5391205627706834,8,0
1.3374812502719733,7.847303304237923,0.13241131288192282,2,0
-3.324007010689469,-7.312607093403709,0.038017342662789486,1,0
-6.9958414188302624,-3.495185697074647,0.1051096439995513,1,0
1.7094912333324355,-7.482123293811751,2.51699964978254,2,0
-8.41147262942047,1.265684569946511,-1.9275348115295732,1,1
3.960128849455679,6.217598557525196,0.7265352892923191,4,0
-2.9319682593071414,-6.231609024393382,2.0403407485954577,7,0
7.415493562323771,3.1136211552965776,-1.2327047621429656,5,0
-5.754243739101712,-4.180118355216756,-0.8057321453899465,1,1
1.4634328539244978,7.20584113778493,0.22752539336263258,5,0
-3.4486071405513194,-6.922420202099324,-0.9107695012343616,3,0
3.9403561800524214,-7.097168071643959,-0.009178929082120332,4,0
5.467884893012561,4.311788395180173,-0.9906161606570815,4,0
-6.94093547639437,5.151630199344304,6.088864734962961,6,0
-0.1645563848578937,-7.160114521586905,-1.5572860159247086,1,0
4.126841440066977,7.236084856069661,-0.8173122531459472,2,0
-7.47973495523481,-4.98962344590763,1.1969489784759786,4,1
-3.9886972781374532,-7.429843110586459,-0.18797301617242265,2,1
-5.934100103847651,5.760199168614228,-0.680235459484788,6,1
4.076134792196951,-8.095155797835655,-0.2197810160131926,5,1
-8.692853669603364,1.0125635436651854,-2.851490734105549,1,0
-7.188215369399856,-5.910492935596245,0.5341454036771248,4,1
3.8992024349296077,5.440341092721703,2.1086188216607304,2,0
7.7177082433799455,0.17247687788221033,1.373804023802166,7,0
8.170671164426478,3.859044762328436,-0.5331939194463122,5,1
7.4276611899433975,-3.516843390330659,-1.1625212186732619,8,1
4.542127471545692,-5.621875426690887,1.2978583376393797,4,0
3.299518869917558,-6.610735444565523,0.2284593071162953,6,0
4.244025687027623,8.671443785650833,1.2923567460805165,5,1
-7.001378799396871,1.3593545642485976,-0.3000825092789442,3,0
2.3821045336950997,-7.955553018635839,-2.291783591712627,4,0
-3.46937457463957,-8.035540255269382,0.0690921032591542,4,1
6.051165114597436,3.5832657744897336,-0.006111597987075332,8,1
5.808357804743724,-4.997066888321362,-0.5852791164811368,5,0
5.207249212784931,7.884031094234098,-0.48269468321966935,6,1
2.8110720381955345,9.12952350456666,0.983379253577493,8,1
6.65017952601069,-4.421126358836697,-0.42832331501469806,7,1
-9.580354103623547,0.15197620528611777,-1.0875880480905027,1,0
-4.53160540291208,5.901065222607844,-2.805797695532144,1,1
-7.441834483947533,-2.419107633776351,-0.7927307903729184,1,0
6.502210399636411,-1.0295529086446669,-0.9872239445689576,8,0
7.252779341955148,6.549528875077331,-0.16535926990821745,6,1
0.22397683262046789,-6.428707438482574,2.0275889422496114,7,0
-5.302226404891097,5.931426033834203,0.10977527726353231,4,0
7.795895239468624,5.945294488143264,-1.838278481359158,7,0
-7.345639711782097,3.7132681707957853,-2.9239887269074463,1,1
-8.43422087289131,-2.1358489947377346,0.7003080288542816,3,1
2.3828589431332308,7.715579526285809,-1.8816652282174122,7,0
-7.784004456138861,4.7502143086854485,0.5844155311679368,1,1
-5.7944693719277325,-7.0092834867436595,-0.8660707331796965,2,0
-5.82797125657781,-1.5269037019057978,1.135697032539596,4,0
0.5999097133413918,-7.236392863570628,1.4430157713827063,5,0
3.8673548623468057,-6.920086047416041,3.7182502116402123,8,0
-6.325768764210785,3.902788690573235,1.652085272548399,5,0
-5.762275147005601,1.6869371815982426,4.717026357640612,4,0
-8.293997728837395,0.9673309790774294,1.263051769253734,4,1
-8.15991426570202,-3.4796496046012946,2.833396915304546,4,0
6.811148274113717,6.552415841327189,1.25782171651432,7,1
-4.361690380537015,6.020355457973917,-0.6298472292068066,2,1
2.8243991433848255,5.518232191189407,-0.7656398333478733,7,1
-7.495527547222276,4.285604792982923,1.7926646420099541,1,1
9.121635628911296,-1.6451989112159888,-1.1724819515890814,6,1
-6.9119178411467495,-4.929213499966119,-0.9122938607458365,1,1
-6.591788010591843,5.31010201448813,1.2144263088869367,4,1
-8.210836705428846,-1.4955997236435052,-1.927362191101131,4,0
-3.530215774512453,-6.971110315930117,-0.6900193360702529,1,1
-6.9409838548608,3.5698562907844686,-0.05968931592894594,2,0
-20.505710918725548,8.951124506559193,5.060515598839444,1,1
-1.8639524202716213,-8.051420419926497,-2.0260514876515074,6,0
8.261218653680388,2.0284193961368078,-0.1725575771317745,8,0
-7.638653161368525,0.8898421417025317,-0.47633047742679097,1,0
-10.153074511578748,-2.1109017444756826,-1.1445089436721616,1,0
0.6109267749944434,-8.220890359583876,1.237299344745506,7,0
7.7479635255428425,-0.7792322478019506,-9.865467145148056,6,1
2.0163336126614015,-7.449698559661064,1.449263015259121,5,0
-8.485344185428463,1.8319743608700032,1.1205502645795606,4,1
3.626079187286808,7.566781923036869,-1.8099892410876706,4,0
-7.4700936350073075,-3.279411586857571,0.4069476409868645,1,1
4.775425601348772,-6.484548641896104,0.07012841950579829,5,1
6.262112203344742,-4.048454356362048,-1.10598420870382,7,1
5.33199099536609,-7.88442947507303,-1.345531340828472,7,1
3.6340392815036955,6.474299638424211,4.755334242662549,8,0
-0.855471468485574,-8.466246047674558,1.253087205154668,5,0
4.873889969316411,-6.183039150156009,0.597114774382669,5,0
-3.9137144697547686,-6.855560264253863,0.36472710116482226,5,1
-3.0730713935061686,-8.452123929966392,-0.5531739755522052,1,0
-8.027942854854116,-1.1516588025841876,0.035946317816367285,5,0
-4.572018778169498,-5.239213279935164,1.9608043318917276,4,0
-2.2259669151315453,7.962629269834942,0.10882532186608829,3,1
8.538607072069626,4.078391461635966,-0.2776622763880206,4,1
2.8087238417333005,-6.485868647038522,-1.5493803214620283,6,0
6.362284912052433,-3.008048939206835,1.447639069080989,6,0
4.376322033661894,-6.966504159584733,-0.008904174081912002,5,0
-4.275318641941236,7.8134660183635045,-0.4459710407301895,1,1
7.763558834441499,5.3615750849043415,1.0892261061568873,6,0
-1.16952876904349,7.599275026838974,-0.3106254267293275,3,1
2.0484376824232213,-6.309527727585908,0.8695666809227872,6,0
-6.742077991811321,-8.56293772612633,-0.8269253865737787,2,0
7.663801238370066,-1.3973603554559222,0.8005261080754739,1,0
-4.8508695989678525,8.21699016863025,-0.10857911373488012,2,1
-7.123159049883089,-2.7918122807588954,1.2623454467917388,1,1
3.377689855252429,-6.183073927777612,0.9092542984359062,3,0
1.3158553688774746,7.184309819150312,3.684644552493304,8,0
7.246957596757149,-3.2364970997091147,-1.1516446430897755,2,0
-6.731698310229588,-5.437924068010192,-0.3934417759080695,3,0
7.66107793815477,0.6574122398802604,-0.009850918617750911,5,1
5.916589173513943,-0.004656511198128488,-0.2604663713859913,4,0
17.599084493014445,-16.947576055799004,7.309347103343141,8,1
-5.385957978408672,-6.600421462987331,-1.2607047360201886,3,1
-0.04982931911044208,-9.42242902382472,-1.7663481064810995,5,1
1.1620921060774034,-8.031142957532413,1.38909926699695,1,0
-7.331948024567449,3.9455570436693916,0.8566439851671521,5,1
2.8245474397745305,-6.948007338073466,0.1345481797121202,2,0
6.758109371863683,-4.6357574864626,-0.5563179768909445,7,0
5.029637225017247,7.447820084395768,-0.5815638016445503,3,0
-0.24502335762613714,-7.690758565739688,0.4228396659064902,3,0
-1.7735296070865723,9.207527909279314,-0.8720048439795984,1,0
-3.2233773081795594,8.266015776452647,1.0732751443561581,3,0
-8.037407955813778,4.133157912060749,1.6967222073102886,2,0
4.90703145725267,-5.700688672090248,-2.2226616836282505,3,0
9.534496521803623,1.3550030195973268,3.7026320817242366,8,1
-8.258124852452859,1.963207417820696,-0.5089161282878244,3,1
-1.7582869399992826,-6.725842479064468,1.0849443074236211,8,0
6.59885484291812,4.771733927676936,2.360447376215175,8,0
2.366897070836215,-8.706678221416563,0.7213095934626204,8,1
7.860083516083102,-4.030739072603936,4.05592637596156,3,0
6.370040497657745,3.683321360716569,-0.8051029177283958,2,0
1.3242266331743786,6.211355639716922,0.4962558382378672,4,0
6.9954144737095305,-1.5066649707259174,0.4982266156932496,8,1
8.047992001704362,26.675654506304614,6.336515579005478,8,0
7.3406830370595495,4.1413516995282915,-0.2461332139057887,5,0
8.137399351877438,-1.4952812869412109,2.2135191353540247,6,0
6.701577395539283,-4.7154129923800685,2.3853944011556285,8,1
-3.755212976911436,-9.063707269769647,-0.49109697304924216,3,0
-5.496866903483255,-0.9507112020738115,-0.05585099432192887,2,0
7.208927087241312,-5.300789098972969,-0.3125555729625263,7,0
-3.264671224227781,-7.325179626797637,0.55779972114029,8,1
-3.8206013371859933,-7.994003260721223,0.4515246441216087,6,0
6.668275354944653,-8.095772549794262,-0.9684367881080357,8,0
-4.500339822017703,-8.688865285625093,-1.7439478707091092,1,0
-8.039087633553132,-0.6100892658090216,-0.19372661857198994,4,0
-5.017989789837605,4.684791121151363,0.603417698502868,1,0
-6.859825552255303,-1.1816370213067957,1.0437369246739894,6,0
-8.20230201067346,-1.3880594360977916,2.8936981454385946,6,0
-4.635952796495517,6.505742464118384,-0.17405843538260124,4,0
-6.856469407232218,2.8287417519351097,-1.7178565177127765,1,0
3.222766065156672,-8.476713943871145,-0.4342862180712108,4,1
-6.53554855142429,5.614877314063825,-1.0817878343970873,2,0
6.217063508067409,1.7682664051253838,0.19919169570516826,8,1
-0.9710714957492661,9.28963361685491,0.1361714010915348,5,0
1.6417892497428355,8.047731623363385,1.7838693172136437,8,1
2.593468608219343,-8.436967481621767,0.5710715170163603,8,1
-7.98536433783395,1.170204178790159,-0.15574879282579268,1,1
-0.02735124566988012,8.305515421144475,-0.47907995257287816,5,0
2.061798184142627,-7.153738874669665,-0.059114789732514536,6,1
9.10110328185609,1.9563889406428705,-0.2527609925676922,7,0
2.7377974364489917,3.9770386662727004,-0.14116424924740606,7,1
4.114584177281112,-7.969776206797539,0.2127882122580554,7,1
-6.975937648958273,-1.5530007985796423,1.1108321345928898,2,0
2.2980304561932745,-6.167098929042867,1.8343995184674027,5,0
5.445280532432627,-5.053756397980549,0.6961554104763004,5,0
8.85303757641884,-1.3867921206432032,0.06626817470045138,5,1
7.332258122336957,1.815026823471777,-1.938619555869291,5,0
4.917794436123533,-7.5572978454762625,-3.049498604872312,2,1
-0.820822323109105,-8.2832836369433,2.02779417683242,6,0
3.097898180604351,5.265169459119901,-0.5590714857674501,8,0
6.864190206724406,-3.427030319478834,0.3480461043503162,6,0
-6.131403135653779,5.601815732538178,0.3510303231409615,5,0
4.992711484772537,-4.531390345726983,0.33611121233459296,6,0
-5.091068488330826,-2.5618596623926715,0.8112857641994078,1,0
-7.180657938384037,-1.7976841389495846,6.024414220325342,8,0
3.03503500323868,8.570973332662797,1.4015642394644698,1,1
7.606012533473899,-4.123361277652266,-0.455173527440902,6,1
-9.118157595253566,-3.7195361034431222,-0.08190793292076642,1,1
8.625459658857412,0.6599959410204415,1.2376079360635852,8,1
6.000932083402342,1.5496734043647575,4.630455944096476,7,0
-0.18643792206274257,-6.52571681963137,-1.0089084785119926,8,1
4.412675144067993,6.34285370782361,-3.186195469017781,5,0
-5.519051208644973,-4.297333232411866,-0.08643289729231614,1,0
-2.032019068025162,-7.181129512953573,0.5829491514273533,1,0
-1.3288953854472663,7.578960488225181,0.49669737910236106,7,1
-6.990267826515609,-1.6770428210009476,0.5829780731269766,1,0
-0.013420999565359693,8.632975078015175,-0.24802793965554262,3,0
6.668742774960721,-4.714332036975112,-0.6481348186742932,8,1
5.31343793555461,-5.788245115272245,-0.7020131396690422,8,1
-2.0041330941808773,6.27655991756361,-0.488450174752122,2,0
-7.564944910249992,-1.1741611588601455,-0.4425189661839048,1,0
-26.510729430254347,-2.400344378812122,6.509779181139492,1,0
23.786427843821997,-5.103728819688421,5.053029758545519,8,1
-5.874546448951933,4.06090234205489,0.8876100815040799,5,0
-7.25934103928836,-2.161684414890119,0.8414912587587344,4,0
6.038030527175809,-3.40179193108737,-0.512545757032807,7,1
5.5062903771712115,5.55434546407967,-0.04885797042198989,6,1
-6.445347614391778,-0.8761513770917122,0.3598335438082957,1,1
6.078246757493422,4.586930633537458,1.773533391700867,8,1
-4.883990476507051,-5.570190770226701,-1.3309443682573825,1,1
-7.6693327748965245,5.879328269272302,2.3626416382627333,2,0
8.305570611137956,-0.8755162446185533,-1.9058307012377487,6,0
-7.777012416730883,3.78481329398573,0.6156934622207393,2,0
6.222475794956066,5.980200943885911,-0.45192213610356774,6,1
2.5002459224203917,-5.673750317014205,0.574779188209979,4,0
3.2314910957510365,-6.1287414750326095,0.5196488545857724,7,1
-4.1119981317189644,-7.645639738079537,0.31552152096279085,1,0
0.4500112269422097,-8.086921917685427,0.5882239404351876,4,1
-1.9216203202314381,5.57902679332956,1.3825220371192852,5,1
-3.496172017205405,-5.981347861768206,19.95111947172408,3,0
8.939618631876066,2.821631561288405,2.080954006127209,7,0
3.217169050272013,7.237360379358052,5.99995154497568,7,0
7.776424019023981,-1.8696787345659718,0.9756102941834446,3,0
-0.45766959423258075,-6.080007079341133,-0.24597763783709833,1,0
-0.5303039002599529,6.3341750886371,-0.6458058107550043,4,1
7.1076341850667815,4.334023117356689,0.5368504774892189,5,1
9.634829682526554,-1.186393488655687,-1.7123062014384587,5,0
7.681003596145667,6.06807261339743,0.7361202907504686,8,1
-1.2768461298856177,6.332766291508765,0.26920984238629664,2,0
4.78126986793331,5.79442706360784,0.12145506643763115,1,0
9.576090148008033,1.0446497905836385,0.25221778324077465,8,1
-3.213474962077483,7.801248468970299,-1.4961345554365493,6,0
8.360235785300876,-1.4946355306574948,-1.896356280613971,8,0
-2.941396027822636,8.09427962843348,3.505896966665034,2,1
-7.841414422470217,-0.8163548457771477,-0.07604833336521476,2,0
1.1016864645467128,-10.01995212719105,-0.02100568255922566,2,0
-22.96881989982935,-6.6293262218205635,8.44220384213575,1,1
-1.1503907681443843,-7.0197300673978,-1.426120476564212,3,1
-4.243347865451253,-7.344025758139612,0.7413130881234589,1,0
-5.246672085457126,-6.129214820106506,-0.3679515783286212,4,1
-3.8473546379808865,-8.4440932843736,1.3463303359448877,3,0
2.7178585763846694,-7.577483112585584,-1.9222645117976886,8,1
-2.519895123152382,-7.361427351607517,-0.5730267579099341,4,1
1.9962377809340592,-6.671300846905937,0.6108638870702421,1,0
5.43963619228508,6.792301803458173,-0.4731860122846369,2,1
-3.219807801997262,-7.660224664116527,0.07441456967186867,8,0
-0.9534306749822897,-7.725201375123836,2.0978871159048786,4,0
-2.6438906820837604,8.720426191843021,1.272573170221283,4,0
5.735261444817993,-5.295890738746705,-1.3697307372341099,5,0
-4.098943471146397,8.475174543480865,1.4316150846679518,7,1
-0.27121969694437276,6.9513396990303296,1.6038565169876908,1,1
7.015279297616486,-5.2330476859571515,0.5391884695203701,8,1
1.1268862400983326,8.453093734963344,-1.6753544796914863,7,0
-21.716976638619972,12.182709818500541,4.294529482850538,1,0
-4.6206908418982096,7.035242893561272,1.122955323505344,4,0
6.3462096612887615,-2.708205736912151,0.045163512783047144,5,0
-7.882965511474661,0.8265389603977575,3.6397428972570127,1,1
-4.4640836425577515,-9.202983927940299,-1.0779425385728232,4,0
1.7716849298072206,-7.927705389793212,-2.93011472436331,5,0
-4.870116811372213,-5.787717344550321,0.17272119519042303,3,0
8.347935661896605,-2.726660839100247,0.8145711480807455,8,1
2.605218825871996,-8.146075145827277,0.10509400008812178,4,1
-5.055646916956284,3.162391116723664,-2.3139659186056596,6,0
7.922273652012691,-2.614944000503071,1.9639843624454558,7,1
-7.1230671231189895,-1.2511925854063717,3.0884418087043266,4,0
7.928284395334774,0.8644180003378372,0.6056632005921035,6,1
0.8902660586620035,7.986577771509378,-1.2013109506603612,7,1
-3.8022411050171003,-5.267180604083413,-1.0215128326853,3,0
4.442684105238062,6.52216347119075,1.2049468659210067,6,1
-6.345417259082722,-4.620333503047817,-0.16905111928866615,5,1
-5.0152831887844975,6.1207317889829485,-1.4997896716377022,1,1
-7.488766439474014,-1.364957440337129,-1.123882404828562,2,0
8.401439811437442,0.189142699473547,-1.270558525071606,5,1
6.206798642028215,-6.095889560657661,0.0576376664030136,7,1
-2.567605190218951,6.1518143069111435,-0.36842202389925777,4,0
6.052166490377627,5.443129980289943,-1.5405454559845322,5,0
-5.998221093953462,2.337861005773944,0.47342242242511096,2,0
-7.513968817786226,0.42950465013900196,0.16131925887913812,2,1
-4.747294234787174,-6.314866827007623,1.2686136478727945,4,0
-8.694170395278649,-1.5013399455113294,1.2320943572187681,2,0
9.244303488776335,2.6278439642533846,0.0033533499703529237,8,0
4.242693194243365,-4.684066196333522,1.0899945045979076,7,0
-8.594678767829553,2.9023533449862695,-0.6006020809790952,2,1
7.635301508290954,4.3369749994390885,0.010015911976128156,2,0
6.7239897538990725,-26.151963618511363,6.150719318073349,8,0
-3.669263949164928,-5.499190664190599,-0.8783131906943209,4,1
-5.3684576565872595,-7.201238009445165,1.7522044083625545,3,0
-7.458400855377743,3.870674316743494,0.8159294334491765,3,0
-8.178454396015304,4.81689986794062,-0.8288792925108323,2,0
-9.20076660511463,-0.5174193129369475,0.6209339824543525,2,0
8.112932966498176,4.41367461512008,-0.030270065420652397,8,1
-1.7534751340998862,7.319717357031002,-1.2377876556406855,5,0
7.178191608723404,-0.3690275564883134,0.7827443595921917,3,1
-4.223410710140643,-5.626893197109967,0.19076227949128058,1,0
-7.913105445638371,5.92179247897479,0.2123877112031126,3,0
2.6569879653911412,7.676164985800481,-1.521749994530913,7,1
1.5570535235201022,-8.779504216248705,0.2636957040525119,1,1
-0.31129728493431874,6.706813219446472,0.31445799796271234,4,0
6.032123518540763,5.170320684153704,0.8776138989245378,8,1
3.0763717536379653,5.968195059709053,-0.5625851207626682,4,0
0.28292905674161695,-6.977346414451423,-1.5376680973907726,8,0
-4.867710250410086,-5.23425588869209,1.488186824368095,2,0
7.127347183445277,3.8198416813570413,0.32753073618602563,5,0
7.651191183270657,5.045490198093887,-0.23932742265618168,5,0
-6.100206815707413,-5.492028203569709,-0.4389524072800163,1,0
-6.474277505869887,-3.346464487994838,-1.3366060573859921,1,0
-2.127651484282368,-7.563095430115693,-0.9596306330805142,3,0
3.622713028603845,7.5706715682087085,-2.914793816219666,5,1
-0.8852195090916644,-6.300327732600429,-2.0966186995296163,2,0
7.733307438371492,-3.4304287117734233,-1.3041361478265256,5,0
-5.912981677353174,-3.7360401755897845,-1.9302300236628875,5,1
3.4306279951940235,8.264904482863676,1.4581138261993927,8,0
-4.925016634970238,-9.721336910350052,-0.7454286312040411,2,0
-3.141326456680847,7.109219054111806,0.1430870438139522,4,0
7.597861843238762,3.132374832861197,-1.5732050492215068,2,0
-0.6563571673221416,8.984836489298722,6.211005815342647,5,0
7.595351531994211,-5.359037526943481,1.9660825069162937,7,1
-7.541926860568144,1.8517468826846972,-0.32738837273135557,2,0
5.911378382336542,-4.903372636881393,-2.563106297605832,5,1
-6.797983839542708,0.2403791095927751,0.3788523153029452,2,1
-8.108591059440291,-1.4160665979743692,1.2044183135254964,1,1
7.170338756703361,0.09872910528786183,-0.021061749871138423,8,0
-6.188527727489513,-4.314349893863248,-0.3344551962139968,5,0
4.931196012533457,4.817189976594939,-0.6504225665255315,5,0
-9.865005783955661,1.3616045469966411,-0.14908680550503764,1,0
-0.5206023344217,7.6264075931140525,1.6286737210977205,1,0
-7.172546672639656,5.008992833148277,-1.41194659404526,6,0
-8.328352230591944,-1.9837668032434914,1.0563178007774747,2,1
9.924415518851033,0.8982225126745209,-0.982479335466163,8,1
-1.1918454809990449,7.347408632183669,0.891278278999732,2,1
7.198529773553169,-0.5447481759693741,1.2718848401643192,6,0
9.989269038649837,2.5356273287245186,0.5383931527436537,7,1
-3.0171867527936023,6.423145879624512,0.3327055656274825,4,0
-6.226020565825163,6.418074373568952,-3.3012778774935847,2,1
-3.4298662335350474,6.09422738332554,-0.26136168731784587,2,0
-1.5463624450911229,-7.685378797848264,-1.189972939030776,2,1
-2.243425854494471,6.890487159242891,-0.2654198644548562,3,1
-7.354996371241222,2.214016746129834,0.49317436920786206,1,0
-4.919097210219999,-6.847283547580674,0.5345241650526169,2,0
-2.571763224431149,6.686804399533604,-0.18922190490825333,3,1
7.896977558439748,-2.335410866853189,-2.3789733065824397,7,1
7.566336000054757,-1.900285195668772,-0.22885156900540446,8,1
5.415638897438682,7.338026000004978,0.9697768959965308,5,1
-3.3350343364346653,7.6701933963337385,-1.0636950721511005,3,0
1.3016236344868903,6.2849975169568495,2.124225958388604,1,0
4.1909217170577335,8.282064762869359,-0.7220213770519304,6,0
-7.849906082203339,0.08262020036947654,-1.0534909776999861,1,0
-8.829196318847858,-2.255589776054152,-1.129222119199185,1,0
-5.956736816538949,2.9235983117916926,-0.6703843749616475,3,0
-1.8925400949283684,9.160862079027368,1.5849412209381597,5,1
-2.0727996402189164,9.65004645598899,-0.5528381563168956,1,0
7.881164970515285,-0.782082418714357,0.2317052028770742,8,1
7.142732014113975,-4.077665921620632,4.9032902961540765,7,0
8.233639416162502,4.55793228022617,0.6122618129670231,8,1
-3.3438821325980745,-6.475621293666496,0.7973026164629948,7,1
-8.16449963231542,2.1320802177666667,-1.7534374402385347,5,0
-3.426034900276774,-5.9494651932380105,-0.2421649472847187,1,0
-5.558473593020074,-4.669360399578476,-0.1006455762345495,4,1
5.213609650420308,-3.587450574303662,-1.8642044275949576,2,0
7.438456850616756,3.1384890248783543,1.458617312258274,8,1
-3.136263150181514,5.974046286883414,-0.08394609229443555,7,0
7.647867839094802,-0.9588946252568828,0.7812340370771823,8,0
1.9853763190507001,7.60251489938299,-1.0081425580559,3,1
4.810966906505154,5.168459153388602,-0.5197438888313264,7,1
-1.7583452364289731,-8.517346000780513,-2.593609274145002,2,0
0.5333075430369153,-7.634220131143896,1.2536431074737582,5,1
-3.90908748423135,-7.016783426384152,0.47848064783912186,3,0
3.664596781829203,-8.047441852899448,0.755401544645362,1,0
-2.1653294116338864,-6.786286386960891,0.24364678909577964,2,1
5.19851804496497,6.300235606688586,-0.038898442428094364,8,1
-6.199993037917882,-4.827650411449569,1.3725014156698814,3,0
0.7580407364492405,-8.380412236504121,0.9810651001395859,5,0
5.3268677549478936,-7.9555880246777075,-1.9710846850297503,5,0
1.6852924853494116,10.1586199491148,3.6984696735203384,5,0
5.740151425712552,6.4080570062344195,0.7032538405270418,6,0
2.633913388408766,-9.172512699141237,1.0692106847055254,4,0
0.5992150843866546,7.566789692674084,0.1337605469382903,1,1
10.13027181251735,1.405946721098742,1.7039375018479217,8,0
4.54966779641681,-7.301585174511431,-0.4232397287861717,8,0
-5.797639809519826,-0.8134263313120145,-0.485954471885039,1,1
-2.539785613621331,7.7170872975135945,2.393793740921505,3,0
8.383691438719353,0.8030032578490726,-2.0113498203579594,8,0
7.136714600737369,-0.8248513078820827,2.6373860073289914,5,0
3.1913525173396216,-8.203661119129908,4.142800764677853,7,0
-6.813671766495762,0.8687757196465645,-1.9594298695117403,8,0
5.913834663051206,7.265806469879175,0.015693186393695678,7,1
-7.505985780980515,6.826609476471848,-4.871291317024688,2,1
3.7154459681207395,8.058742616895127,-1.3977863468742409,7,1
6.66198201581349,5.813122271710533,4.064160260816066,8,1
-1.588604423805915,6.978350154500145,0.8231424858227941,3,1
-8.048936481125947,-4.248522424719374,-0.8860149874566401,1,0
1.3988536511298415,6.284588783881335,-0.11789150787551889,6,0
-5.879003775397576,6.770438812295244,2.0699485714023766,5,0
-7.389163014607924,1.0739697540745694,-0.5630311041974464,2,1
-7.509963966892664,2.905311212413018,-0.32527269746655885,6,0
5.2092598186988095,4.962093627756423,-0.7390118462428972,8,0
7.699817753467326,0.4127092486314148,0.3917447299936256,8,1
8.503589275620516,1.2006103460167936,1.1145797630695546,6,0
-4.333302022701537,7.354064714527559,2.968486202676986,1,1
-1.2302841572706322,-7.047665731796284,0.4113782294503849,4,0
3.3635711166052626,5.381904202477147,1.2418257063815985,2,0
7.631926663144252,-23.46249194812192,5.7273715942243335,4,1
0.1364110926518325,-6.1102773728931865,-0.12479251482800786,6,0
8.297136525590306,-0.053777428801562915,-0.36634029391775697,8,0
6.928847827640317,0.8623659465435622,1.7138970079042493,2,0
2.3000855045988473,6.934362350479391,-0.21400609549662133,4,0
6.589436326663468,3.1644244747028516,2.6407630090789134,7,0
-6.148728203484521,-0.632055597382217,1.3501953317041286,2,0
7.430883400735712,2.985395244941665,1.1494910105710068,3,1
2.9449245131409203,-7.607009529749836,1.1211532791784944,8,0
-8.0953021454781,0.15370957745726013,2.677972294846331,1,0
-0.45352805921922246,-7.783704936816634,-1.9035743769265843,1,0
-0.6931088505222693,-8.776774166542125,-0.5547370319040764,1,1
-7.686872416708452,0.08876086316928539,0.028645453691265546,3,0
6.823181869278051,-4.747668101885538,0.8880748054941278,6,0
9.235929737129283,0.5483597557619835,-0.05068270070022276,5,0
-7.056291081589388,7.528775518024059,0.5658179419740478,4,1
5.417081029346467,5.877471988400369,0.7096644134164476,7,1
-4.085520133358659,7.711623457541753,-0.2987530330105011,1,1
2.335996079400684,8.129171109078017,-0.7935253810963669,6,1
-9.224309686838499,-3.5749070384932766,0.23883142129386048,4,0
-4.8978105803850625,6.877206595047801,1.3736541206458475,3,0
-8.75436210577758,0.7104700392958618,0.17912802699795702,2,0
0.10485571497420998,-8.55645267490622,-1.4241066268761733,8,1
-1.9314629673153674,25.087032785254785,6.227401898742857,5,0
-8.008434163721692,0.7911925079736957,1.9802634679591218,2,0
-5.513726684802656,7.429717843239293,-0.20411590032252447,3,1
0.6942477855594225,-7.9651998593243265,1.5224133248978333,5,1
-4.968678224704418,-5.304637624574788,0.36447639869955845,2,0
7.7273988570935215,0.06034286244948117,-1.1707319975444517,6,0
-4.5635202898773075,-7.835958539244557,6.89193683529057,7,0
4.479201071652702,7.295707297863505,-1.7133194902803282,7,0
-0.8424247047931906,-7.966868826210634,0.6115404429090185,4,1
-7.48743759742048,-2.109121825744749,0.602740272056237,1,0
-5.493874177432761,6.056585407290378,0.5478969300400989,2,0
-2.3814142712157036,-6.15835690824627,1.100414634438656,6,1
4.550208404492841,-6.472689895034706,-0.8725829909647788,2,1
2.6320759069095665,-7.026464255638329,-1.4563046012199647,8,0
-7.967459251863475,-3.2964882675012226,-0.941007139052702,2,1
-1.5697738309994678,-8.567416510966801,-1.465899797828854,1,0
-5.133499278883464,4.879239367180958,-0.5530170976818299,3,1
1.1761450316375026,-8.805685092118638,-0.9955400226894451,3,0
3.033885724266323,-7.592113146639856,0.24413211321886408,4,0
5.0367596341684155,7.191058955886133,-2.8464115110301265,2,0
-0.36547428549664573,10.266927030104972,-0.0021382308519386213,4,0
-1.9454044443003364,6.527940813521523,0.7664098185094732,1,1
5.71374121757796,8.234710731094637,0.42342754832359686,5,0
-6.426892106529841,5.381900169363824,0.3286489272071142,1,0
3.209280153005139,7.629696537924472,0.048297628385990436,4,0
-22.83329419140469,-18.341413780187168,8.872900969284512,1,0
5.579348438869224,6.583886079716873,1.0008783628937874,6,1
0.8567795311458287,7.675588952692979,-0.36835612248869554,6,0
-5.007747732533332,-6.6211000060361656,-0.29646363927831115,4,0
-5.989900158644359,5.36196773113504,-3.97511346245145,5,0
-9.572606688764088,6.947192891622893,-0.28358489886257443,1,0
3.5052194453651833,-7.837895262685827,-1.0827156582428061,6,0
7.24367003424946,0.2099997246406783,-0.09817372899912238,7,0
-6.845288579002583,-3.0881622837928995,1.3859373785889917,5,0
7.491256515153179,3.7001546145956903,-1.087375386744328,4,0
6.787157111832657,5.545907407047231,0.19972448865839743,8,0
8.187144997333524,-1.2820880739569902,0.1172844214710577,5,0
-2.048132076092755,-8.819265565167871,2.0750464540622704,3,0
-0.6737758327681319,-7.972476605475575,1.7850117877804375,4,1
-4.327543574504535,-7.541431579560159,-0.2725050176419324,4,0
4.711358341442693,7.081440470766849,0.160946644992994,3,1
-9.41182036430738,2.1269593604601242,-0.26774139434296096,1,0
2.4383062655471917,-7.5980248408092965,0.6944793203052362,4,0
5.897727842145534,-5.480974022266687,-0.3455715003122026,6,0
0.4970887739793975,6.78164595812775,-1.1767982369223977,2,0
-7.0304893407695435,-5.159346340374315,-0.6829835105886869,3,1
4.123789949570886,7.3666202713809135,1.7023966223107887,5,0
8.130774345262427,-1.2492878140115071,0.28322012507528466,8,0
-0.4948793110312063,9.507593495401672,-1.0410715861812472,4,0
-0.49739396257568735,-7.801712244569154,0.5597592736105763,8,1
1.5504868364952125,7.26797455972576,-1.0538192369436827,5,0
-8.074477168881621,-5.936813595640798,-1.0901636123100218,1,1
-3.5703347094192215,-6.654520415682505,-2.3322303734254075,2,1
-3.921438156352701,6.200335221985281,0.15898487418103552,3,1
1.3972799195472894,-5.8385338859807545,-0.5367497184957309,2,1
5.805306597035426,-5.706033945933195,0.5032105787124708,8,0
4.234387145199176,-5.0645625951892015,0.4664292252564094,5,0
-3.007789914770991,6.023796539445461,1.471046064736905,2,1
0.8801133108210912,-8.14001255578498,-1.231818358142084,5,0
-8.058139033618563,-3.2147938643751037,-0.7142612533489687,1,0
-7.4662126106516356,-5.718449420431405,0.8755506339515198,5,1
-7.14352683754915,0.9102329299148013,0.5377518422696773,4,1
-5.847202014650085,-4.425682098886447,-1.058416306189681,3,1
5.814326586305523,3.976595973748511,-1.7943536689435369,7,1
-7.590158592656041,4.904790307446761,-0.5237262797732805,1,0
2.2369273166738477,7.56107980788682,0.2811953366721445,2,0
-2.894965373543939,7.873746285497745,-0.3366946531331256,3,1
7.165928109811768,6.530601861101842,-0.7482060520533655,5,0
0.017036764689646766,8.627279195135472,-3.011856218918747,1,0
3.416433556435555,-5.042533801577687,-2.6364775006166985,2,0
-7.13591259053858,-3.8287365981253174,-0.24362100757875527,1,0
8.346566919168154,2.7801000588949436,-0.9150258673454349,4,1
1.730509023201611,-6.723667819578306,0.22898464334394317,8,1
5.900664744759846,-3.93679872192339,2.022088880909478,7,0
3.356919262614063,-6.410962822101066,0.7648597287464999,7,0
3.5367060937919783,-7.536109248454921,1.8714337843082924,7,0
6.689817408065562,-0.8907445147678217,0.5490157856833172,8,0
-6.520142345425547,-4.219056601551686,0.26244131851035396,3,0
7.8409240082847935,-1.1313108372515384,-2.0902360846039714,8,1
7.247136564163176,-1.1681442312249386,1.0769976300377633,4,0
-4.085011514208687,9.30474919897007,-0.012561174993039902,3,1
6.344223578645694,-6.40865868611679,-0.602799056334342,3,1
1.820340382846967,-7.510086198238605,1.1106718675134406,8,1
1.889787328867279,-6.8005779710177965,0.991659070116956,6,1
5.019901836334777,-4.4147865279210174,0.5262192614337592,8,1
-8.090400201122737,5.143666218852901,-0.6945451771169628,1,0
-5.019847049343657,3.28243748332192,-1.0413799355546363,2,1
-6.696603481673026,-5.944986518778985,-1.6060708582196837,1,1
0.7750180896146455,-7.6511296492173635,-0.4946431019499682,5,0
3.9180771120340356,-7.169130858648128,0.945809729011626,5,0
5.784566037363176,-6.8059717345043715,-1.3015440893149828,7,0
-1.296167756907145,-7.674642044490326,0.5458339992671672,4,1
7.218591677996209,-0.32565519626058403,-2.515606482010396,1,0
4.0589468770219534,8.420588642999313,-0.8418386428792448,2,1
8.534295347156107,-2.6059573919458514,0.6828746071751982,7,1
7.163635253579411,2.842224203067292,0.4056814293598225,7,0
-6.835297803464081,-3.3896589182290757,-11.171764795084721,1,1
8.474346415453972,3.5491007355152258,1.1171473444322382,7,1
-7.0663523808505335,-3.544130072236933,-0.9592161495851826,1,0
-6.618413025379626,7.267488371653183,0.33089838437735014,1,0
6.5320680039348495,3.6200021527216046,-1.1278672106073158,4,0
-5.442665966270915,-6.375003992147289,-0.2539814401639004,3,0
-1.0442012029821226,-9.063493140228468,-3.6469027946802517,2,1
3.243989180149063,7.719056551487906,-0.3762819593019892,1,0
-1.7095391838138476,-7.493407535420686,-0.42598219386538566,4,0
3.508486828988497,6.857107495908687,-0.0926369476881631,4,0
4.697099516872074,5.1602930141756,-0.019805907021408366,3,0
3.252206786982308,5.690901560681502,1.6858639635372805,5,1
-5.595201363690894,-5.089145706561198,2.827044011946331,3,0
1.0932851214651955,-8.234945445274958,-2.0799421579971002,4,0
-5.317966334306359,-5.503457429798491,0.45995421673396464,2,1
3.1917151191476076,-7.51861691753359,1.5852671156075346,6,1
-6.646616050622188,-4.104777548021069,0.01430589550369524,2,1
2.4008981756769434,-6.855959386776272,-2.187073943975222,6,0
7.883859491080443,0.5685438338438058,0.6001447752705058,8,0
-6.1502663813630605,3.3586589580677666,-0.6576863901921555,2,0
5.342943477759329,6.862523932568768,-0.2905938535886994,4,0
5.308061862099857,5.754489057606016,-1.7026265770015248,2,0
-8.660464262974225,-6.545964702482548,0.11744158139949148,3,1
-6.004667829286369,-2.9187478442003605,-0.6502623620512392,1,0
4.178039793190364,5.723655052276937,-0.6830105367511271,8,0
4.856808415451278,-4.720129224885291,1.2233100757458462,8,0
7.603902877840436,-1.6097356130953675,1.2021984892081368,6,0
-0.1752574209591771,7.7906952072500815,1.4148307549508339,1,0
1.460842573701727,6.514214090779953,-0.9684375398829137,6,1
3.200695230561154,9.362642183602802,-0.8963383665884914,8,1
-7.119388291194019,4.0945039587014165,0.8084661016818172,1,0
4.484768349639508,-6.035029103732689,-2.1511641659343246,8,0
-6.771201957201125,-4.037000826933101,0.3892539071666247,1,0
7.240871620931523,3.1799313630584445,0.0067044544876713906,3,0
-5.471900462764724,0.8265004966079781,0.19080941535063053,3,1
8.38562221962123,5.747544918904746,1.7698239980582262,8,0
-6.146661070346447,2.5199297417823914,-0.4499231141836282,2,0
-6.54349068122538,4.043300014372449,-0.31348676520312013,3,1
-4.74892813423504,-7.486085928785132,-2.304084184754785,5,0
-6.860630856974453,-1.461033148753248,0.4659650139888286,5,0
6.818156053698946,-6.047742034908685,-0.20279344321929213,5,0
6.898782914530194,1.1683362792433627,-0.2524532496799507,4,1
2.95782049900841,-7.839833217626955,0.6656698210533729,8,0
25.515979725797827,3.147783199290403,3.6877813586017125,8,0
-3.179759973022543,8.197339082150418,0.09767648474244751,5,0
5.714078089135557,-5.085184937286666,-0.7676853521719916,4,0
-2.4181230260217514,-7.098333668758035,0.8435631650294522,5,0
4.323634086346483,6.205245486792999,-1.1246907040728664,3,0
-8.900622343177421,0.4203389345930304,-1.4739853228720423,2,0
-1.4234875832147937,-8.397993096332456,-0.5336779855237064,4,0
7.629019141313511,-2.16052458299177,0.19955724212056797,7,0
-4.128528828881561,-4.566008047963207,-0.5812231284790937,5,1
6.589240949649885,0.07235982631594995,2.816772159325668,4,1
-25.49235330457113,0.18331886171737685,5.874823153921905,2,0
4.342619920499929,6.00587357562191,-0.6081515325423781,5,1
23.364365701970105,8.214600750447502,5.173795256768053,8,1
-7.845478133643479,-2.2981538602690788,-0.5177107435290067,1,0
1.3677916843293239,-6.834971191533125,0.44885986453288185,8,0
7.215526876196462,2.371481865013336,0.9030821414309493,6,1
1.7759661445020756,-6.965687546931576,0.14025914777971865,4,0
-2.36349931500817,-6.149956678836114,-0.8166150353547309,1,0
-1.3921865492662524,-7.050002778217965,1.6462679305314045,7,0
0.38365219489112073,6.97728527336354,0.8411501787366699,7,1
-4.325657336683058,6.807547526640322,-0.519419814151239,5,0
3.7664449331356136,5.644024347488922,1.2659684682274972,5,1
1.263610982506753,8.422224437511286,-0.09247601593671119,6,1
-1.0895808913430634,8.871586652691821,-0.6657543186972478,2,1
-3.115403173184151,9.527731700504827,-0.698584920550812,4,1
4.5669839434588795,6.777547722877457,-0.6074166689659406,5,0
2.452756674051735,8.657473167110595,2.135697568260945,6,0
5.722348313429185,-5.052025734237169,-0.20861555547599975,2,0
1.451258665552796,-7.4636235571515055,1.1146992921270533,8,0
-4.668387463165433,5.314394690497308,0.6671602225875088,7,1
8.733096620617683,-2.988910858657253,3.712020560566798,5,0
2.5762910128785754,8.284620827315996,0.7865727216856527,7,1
-5.400437138903554,5.051553222194643,-1.0248665353943482,1,1
4.424074566878779,-6.8008213763451835,-0.6206841655899259,5,0
-7.255226218954928,3.902857189496321,-3.1480466665903273,1,1
3.2575862594189657,7.692904337438515,1.5878191200879928,5,1
-4.627555424761739,5.8766497115573335,0.010270102891471912,2,0
-7.493858873165694,0.005913630774376767,0.25015482699340974,5,1
-7.967271511143858,-5.700130094743913,0.5056603859414407,6,0
-5.634177107672228,3.7062134372551507,0.1708463441585526,7,1
-6.34534187553681,3.530406748776918,-0.37353823124700936,5,0
-0.8914766880959051,8.875132757534896,0.937245561590652,5,0
-7.122475813452728,-1.34163138996352,0.9863343838817373,3,0
2.541790453151002,8.056228838294098,0.959521553616214,6,0
3.740408736593311,-6.294282612470398,1.9362631676823485,3,1
-1.9367418695512402,-7.341540490822456,0.26352860694979346,6,1
-5.86592734334895,5.216469600221114,-4.634945613476208,3,0
0.34975813857676474,-7.0308613612519775,-1.1185702834426108,6,0
6.415669105479969,0.2439742349932044,-0.622194716983392,1,1
-5.890325035373076,6.272712075038141,-1.4084107401040626,3,0
-5.827519265049109,4.024153981743822,-0.8799233146053144,5,0
-7.1941084826692165,1.3273778027521124,-0.705776693061213,2,1
-1.0573569942384937,-7.812718210967624,-1.4490679679268588,2,1
8.893228110417745,-1.4426619195971249,-1.041661486570429,3,0
-7.417341068754556,5.581092889854531,-1.7561844390988566,1,0
-6.639970013174047,7.258551121613511,-0.27707039754286644,3,1
-6.840573341308646,-6.3424414012581956,0.08762263879245707,2,0
-0.7429700913572983,8.405624636506756,0.051351741660824526,3,0
5.279309243502239,8.39885677851058,0.2226714666737114,8,1
8.402563352843542,-2.5593646753613144,-0.9368098935766777,3,1
3.4422196967399654,-7.732954437986131,-1.4875436185473991,4,0
8.996323679843604,-1.781503606849282,1.503552573057823,8,0
1.9858334558786037,6.394790037153552,0.014443532368447353,4,0
8.01131867386301,0.837055943627113,-7.283852189336412,6,1
-8.410655149919856,2.851034777133512,-0.1770575851289948,2,0
7.749740339116839,-3.2455810110146235,-0.46373928806292036,8,1
3.751868731665772,5.8368920139250875,-3.907168065818805,1,0
5.45965095500206,5.565911523319034,-0.4762216368747031,5,0
7.346404637716124,2.9469188639761947,-0.606389091650427,6,1
0.3031037681063132,-7.897187935765691,6.1202757369918235,3,1
2.7535439067386323,-7.518401818786856,-0.6286788029844829,6,0
-1.2690413775580693,-6.4002371892371706,-0.3576041447705945,5,0
9.052379028115823,3.997591310306822,0.11277524092984485,8,1
0.22656944887692676,-9.040733590564757,0.2812803053211338,8,1
-6.939445180227507,3.7559141920605583,-0.8363169850685407,2,1
5.774625838232599,5.9266043554981005,-5.6554206278633075,6,0
-1.580630102079047,7.755783019184874,-0.0595535246461334,5,1
-6.152732073225923,-1.4449375880582,1.194755381597767,2,0
-4.6079578036843625,5.208242600748522,0.4592916616433685,6,1
8.000542552769032,0.7524096531578801,1.1383443835989147,7,0
-7.94380719091951,1.3653290437401766,0.13104007172944204,1,0
-5.004434670315585,5.640931324557564,-1.1169164194443062,4,1
-10.983523244390748,-21.476098181632928,5.9507275307447705,3,0
-5.525646058194384,-6.582248554194711,-0.2208310266491162,2,0
8.740993344505984,1.0511829227928962,-0.10556762971789174,6,0
-4.58549704411596,-5.0847631264893005,-1.1268918805167991,4,1
0.6689111944937813,8.744054543395515,0.3801882729124445,7,0
-6.259922702439472,5.012764767250522,-1.9541491248907132,2,1
-2.29153687435442,-8.976007378388235,1.0900978276733009,3,0
-7.078671140141754,-1.7733660417681851,0.21830835308690238,1,0
-6.1369474136099385,6.312964726672112,0.10212532566230338,1,1
3.3384519019310317,5.930242871337672,0.07850472742570844,3,1
-5.939693428494682,-1.277743433278237,-0.8653109377431839,3,1
-4.656692457661199,7.4668427177859975,1.6883900598472912,3,0
7.1008539443750145,-3.4944061269941313,-1.4171165691269576,4,0
-5.813204373817172,-2.4902106185249977,0.2109243269262932,3,0
4.748307923287015,-4.359928895207137,0.31175973073740193,5,1
-5.2307784174504635,5.892458685597586,-1.1624876219997076,1,1
3.150778159766625,-5.945714222042298,1.318083473196404,8,0
8.303709865709207,2.971999134758412,-2.063490052098184,8,1
-2.9669726354796158,7.74383261290181,0.9229289526496383,3,0
8.702649784306766,2.6794638208036172,-4.954800565611043,7,1
7.042534080400186,0.952643953930911,0.31268004808389815,5,0
6.57190199742557,-3.919782967301824,-1.7086783144284867,2,1
-0.6947855920586753,-7.36587225355455,3.0219639275683523,8,0
-5.592099818216021,-5.383771449800513,0.20551748072499076,4,0
-7.209864811727909,-3.3036503787164575,1.8974336923326083,5,0
-6.176548315653566,-4.212350797462737,-0.309412767110295,2,0
-5.59345089606162,-5.781501674881412,7.4152888515717725,6,0
3.6270921519208095,-6.604720192479448,-0.9121142947064349,2,0
-6.420993996142597,-4.864194964482561,-1.5426108869535282,2,1
1.4574204878793182,-7.291616395116633,-0.887760472494699,6,0
-1.2451960307937873,8.5414574363918,0.14678985691968333,3,0
7.209545860129903,1.010835253408894,-1.1319707032270734,8,1
22.650612567818374,5.169314000394373,5.629512016492116,8,1
-19.402553191284632,15.794718299240106,4.867909346608142,2,0
17.670847029036747,-18.189485929587295,5.976231465280872,8,0
4.570773028525908,6.045066975745261,-3.6742960775435494,6,1
6.030951567380364,6.855298381136314,-1.7892298506555722,8,0
-5.687608590868539,6.519154686791393,0.8687154731754981,3,0
-7.357413572718589,2.3871149569771113,-0.3423722227555881,3,0
6.21917103334097,-2.595662804371889,-0.04068061448252645,7,0
4.724237855717969,-6.6151089062271184,0.33668807812974927,3,1
-8.188740777754543,1.599343361680865,0.5938533193209189,2,0
7.559392201300447,-3.098845275804229,-1.1566130336988816,6,0
-4.949376068490221,-5.714018006535374,-0.40233167222342664,1,1
5.676589959796704,-3.9351764090937467,3.3781487637393774,8,1
-0.8063846412377228,7.336441261227375,-0.28785937296788067,2,1
-7.847756141723348,0.7980485130710135,-0.4208470483630721,3,0
5.959740489280723,2.087783526798572,2.7462948179427107,5,0
8.235867340092074,-1.6732573126854655,0.4776991439897087,8,1
-2.326752292182392,-8.497215649197162,7.324009163384272,4,0
5.436804351921689,4.075437491206048,1.2103483657306777,8,1
-7.225585333634273,-0.6053505583192915,-0.803448663976917,2,1
-2.397178123257454,-9.703433552967747,0.984958378054031,4,0
8.122073044011643,1.4145933612809367,-1.518417109490728,8,1
-8.689677259426645,2.8858496697614155,0.6388374349194951,1,0
-2.336495422908083,-7.993496597309642,1.2853791299018467,4,0
4.5117450669191985,-7.121475767738758,2.266004636059629,7,1
-3.1009869844306643,7.464818354682084,1.6973180165178623,5,0
7.379244822128452,-1.973639154123632,-0.8755037039366899,6,1
5.045486405206926,-6.166745263468054,-0.5872811331716938,5,0
-4.476825642581602,-5.674359996367173,-3.100780480843489,4,0
-6.881654746804242,3.929885990427158,0.4000340733754051,3,0
-2.4577446823945786,-8.35365964504602,0.17346387515281037,6,0
1.1808510020577776,-7.8635784823308725,0.3855714816214226,5,1
-1.524494303728822,8.356417315128274,-0.11999503085301075,5,1
8.517067208716107,-0.22866031006907578,-0.17340072474676282,8,1
8.16608291850541,-5.405214941677676,-1.6085076174611246,5,1
-8.931655318202282,1.8520648056178681,0.7533456057210784,5,1
-1.331488523993203,-8.5548871470161,0.5104698746049955,4,0
-7.357222154090621,-1.640713691363758,-0.4707915275744365,1,1
-0.28852783523834225,-8.846492180575027,0.23090688875114201,3,1
4.04196609583598,-6.876451041656778,-7.039757394713787,3,0
9.431736950024701,0.8730661158399511,-0.1888543794446248,8,1
6.724218040302362,5.25537346312501,0.3843448642877551,6,0
-3.149999189339615,6.992995288068829,1.2047095251861346,4,1
5.390867581879451,-4.770561671211807,0.7663926982256742,8,1
-7.47484346118875,4.808661600062795,0.14052661734925956,5,1
5.575305355402994,-3.592212586939208,-1.2351692613731273,6,1
-9.349620421045849,0.7094531615520141,-0.3612780175384215,4,1
-1.688992057286142,8.28423905117682,-0.04205102292286462,3,0
3.9040086257140136,-6.411416836930729,-0.09478117185270199,2,0
-7.689337676176969,-1.6202753724490924,-0.014290066103465478,1,0
-3.2303642483618504,5.734062919967852,-1.9199159610805863,2,1
7.519965121477957,1.3664239522810244,0.34871237758288504,8,1
6.767308607596301,6.66397407405519,0.28624436652472984,6,0
6.382075856188063,6.112950129490125,-1.8118970448135525,8,1
-6.12285120989178,6.014524282409927,0.29262604848644697,7,1
-4.867903001972097,-5.395902664352486,-0.9026974823785807,1,0
-4.647464555353629,7.121940678314033,2.0410977501683614,8,1
7.052437860971269,1.380207932720465,0.9000780390835518,3,0
-0.5112573890747169,8.47139937774538,-1.0400742339768432,8,1
-4.858991584267407,3.0100411620482808,-0.05041709578913086,3,1
8.721087312199613,0.5784331351944885,-4.889602297380125,5,1
-5.739095589277488,3.9760155943492834,2.342285467363291,3,0
5.711280582730246,4.3496096111745235,-1.88461964522475,3,0
-6.89310814070262,-4.462473592278011,-1.2748292751753902,5,0
8.293356683984422,-4.270625179448066,0.7874441327304816,5,1
-0.06547305310653728,-8.012354371534645,1.1017597649531217,3,1
4.6051957411420394,-6.512600486189965,-0.5132115420275777,2,0
7.5345499524581605,-1.9924541347925602,-0.37691779628825317,5,0
-6.346840289669187,-6.475621744023219,1.0764121992419922,2,1
9.54098357978367,-2.222517994292648,-0.30931818919885506,5,1
7.772026913323194,2.889669496963677,1.0994661070525822,6,0
5.279409001956816,-6.2299185893241305,1.8824706813791867,4,0
5.66816113745667,-7.299815587108284,0.8155845298376609,8,1
8.30222773762264,-5.198593571675342,-1.6482779852271052,6,0
-9.06527361310632,1.481759211918894,0.5154946547057541,3,1
1.3870546827325254,-7.569249538187154,-0.6960554776518961,6,1
3.136867713604753,9.306523872306096,-0.3678373546702929,8,1
-5.944682119561057,-5.447191250348048,1.4622385550045045,5,1
-4.370246278831808,5.375537765091663,-0.5901397409217313,2,1
-5.670149852914928,-4.480709285669956,0.18896089248318382,1,1
-3.2062543477325214,-8.921452742306398,-0.190479064653686,4,0
-6.833032293372632,5.0562162438234655,0.6333673736220473,5,1
3.4301198965051807,6.672520871025754,-0.5429997950071498,5,1
-2.7505002764987125,6.560177590557049,0.45916620565247485,4,0
-4.357389127457388,-6.903827677510303,-1.5533263068720242,3,0
-1.9039546142385604,-6.585821537226202,-2.8953233610719287,1,0
-0.051208772194442476,-6.69139852484704,4.374684899077731,5,0
4.968778808095546,6.7795485039764305,0.7787869287474882,7,0
4.23995869316546,-6.380133336768379,3.752565083672257,6,1
-3.186375467285286,-7.8407508576571745,-1.607319756667336,5,0
6.983677575569123,0.7167987949754976,-2.941203865173045,8,1
-5.015182007327473,7.237438131329048,0.7514438964847453,2,1
-8.05398280443145,2.092501337097365,1.3373339357146414,3,0
-4.635386996530321,5.084518889740295,-0.7032028374621385,3,1
4.830091034424866,5.152349067897626,-2.6546520664402427,1,1
1.3433154238234226,6.8340047722844455,1.2916316638221588,5,0
9.600612588113476,-0.3036590412752578,-0.4768905924517081,4,0
8.693551524534886,4.705277846692053,-0.6424472265718668,7,0
0.1683366051156463,8.826412789615295,-0.8626572530696194,5,0
4.021841084828281,-5.577420869161416,-4.284863942555498,4,1
-8.97062926512642,-1.4890832759409778,0.23081954156468543,1,0
-7.969405491818665,1.958314260985186,-0.3391912952701925,3,1
-4.855665924107694,-4.939705927459144,1.2291761349638488,8,0
-7.902900481381912,-0.07945626401196693,-1.0493459176739066,1,0
7.506483845141914,8.878707603705355,-0.5391666682015037,7,1
3.2748168028263454,10.240070229423996,0.43077409410761924,4,1
1.6994930806468225,8.109396011039411,0.14244061001188602,4,1
-6.178699335225223,-4.700288499931424,0.4453979169933051,2,1
-7.6189036470174605,2.6625150364085504,-0.583286173009981,2,1
-6.551841563063523,3.8147081310307698,-0.7213392562512111,4,1
-7.135118728991055,-3.480085858496419,-2.5060657667766093,2,1
7.270112993254384,-1.636086411288204,-1.061278774083541,2,1
-3.512078722572003,8.468086052917833,-1.18144496334558,6,0
-8.102421947229322,0.14803842362063824,3.8648472391957474,5,0
-7.7332109844301335,0.8956818173910782,1.3939807190940283,2,0
-1.5062350815060161,-9.11656358021562,-2.9764673582660808,3,0
-0.6501116094318542,-7.089543782566301,0.06322949385442929,7,0
-0.058140396183313015,-9.28310204200437,-1.521745716544284,6,0
0.880400179620948,7.094889919502625,-0.7634911550420522,7,0
-6.209580125062105,2.7364238841208235,0.4800182578099592,3,1
2.22512043230663,-8.869212515685678,-0.5554314934234915,6,0
-6.568119760736172,4.668505031108153,2.6964057384320306,6,0
8.896502625904837,0.22241040416420643,1.6424977969015064,6,1
-6.33235121215886,6.761138179582185,-0.3119592333416446,3,1
-7.3483834829165176,-1.062406966079307,-1.6354589706080755,1,0
-7.981559958100719,1.6158427336721097,0.8074278108907897,1,1
-7.151868862700811,1.5281699865587148,1.6599825620803839,4,1
4.6540622827955875,-5.96248938941158,-0.14115938871491238,7,0
6.064811856410265,5.955619890308648,0.0924792208525836,5,0
-7.833268518982286,-3.508525421368405,1.3885577213128166,2,1
-5.588425816217289,-5.327907396676285,-1.082157030302142,2,1
5.356116332364811,-7.561048369360921,-0.20995336131678463,6,0
-5.792801520002876,-5.810565051468997,-10.279074207806,1,0
7.605585681515801,-0.2805147953075662,-0.3460801125816798,7,0
4.157052859885361,-6.03608887633683,2.1236560683546077,6,0
-5.925540161192245,6.662229317111155,-0.7910507955553437,3,0
17.706269839705264,-18.983781328161346,7.77997544360909,8,1
7.612567218810477,-0.7351342445601363,0.09068417817539143,3,0
-0.03114404862518433,8.811387614695503,-0.431442430877334,2,1
-5.4421529981027374,-7.983715059143909,-3.3313240613036603,5,1
-1.6646895563284987,6.762728429758699,0.5971976377791336,3,1
-5.549178379186556,-4.984741068328011,-0.910621580292236,4,0
6.27994338495788,6.332648901708876,0.4668140303631424,4,0
-2.201178289016756,-9.044221881061636,1.1716845549733685,4,1
-6.243735333033175,3.5205915878960923,-1.2952897246781523,2,0
-6.518853161234858,-4.284028270925306,0.18984022926329452,2,0
7.7520332298386485,0.9900364492675479,-1.5915454635532686,5,1
-2.5095214979844815,-6.89289547982266,-1.0396189679758705,7,1
-6.383040430241382,-0.0010373207774470594,-3.297423730381882,6,0
-6.041563931401207,-6.188230349206042,2.3787234054252537,4,0
-1.7381856838339578,8.018962658506103,-0.10965766280403079,3,0
2.971582783745524,4.403303308652571,-2.1771275085805852,2,1
-8.180631105795838,3.3875293682604006,-0.5729393983884644,1,1
7.476038962015582,-2.2433499909330403,-0.3156859832532964,8,0
0.9371325507318958,9.319676950710692,-2.172918916394402,1,0
-2.8221856015313946,-7.069522749782006,0.23429673791782069,3,0
8.756218097246478,0.8157491107331705,1.8248520094679892,7,1
-1.677839530615124,-7.7023282684437335,0.5307035407410089,1,0
1.1827357270089196,6.2637304376383245,-1.0502126803559244,2,0
-7.892077363988409,2.7999620016048876,-3.4171316507545755,1,0
-4.916340921667533,7.094608907213422,2.551010276330418,2,1
6.833628710402318,5.147735108908938,0.2465616242090998,7,0
-3.845857022861263,6.3987946301732155,0.7587636028692177,6,0
-4.560588123379044,7.263244379268521,-0.19924376560356954,2,1
-7.968258787368144,-0.7455917497353897,-0.3178616750516125,1,0
8.840896882709385,-0.6706189847283512,0.9256809304909301,7,0
-6.624991143557631,3.8266336290946192,-0.05531126488717857,1,1
7.574136184502326,-4.558425081675768,-0.03274569740164338,7,1
-7.255942362178374,2.3824068088140895,-0.8081528867876974,3,0
6.8555928559047405,6.49865595028536,-2.6335202948122665,1,0
-0.6890708554620978,9.451715169633685,-0.4325675654618828,5,1
-4.836529785987027,4.959510569036262,0.19177271614159871,3,0
-3.05629534047882,6.877972841041546,-1.9699671341550657,3,1
5.328014985906828,-5.275288581198189,-3.819995777564945,8,1
-2.834157995286341,-6.488658110838408,-0.7199803009950064,1,0
-6.42434996680419,-2.880913873265793,0.65340073791324,1,0
-7.201207562212659,-0.5837209156452454,2.0226745001663944,3,0
-5.558279747771329,6.671163777083516,-0.7299063428691154,1,0
-6.119903358057366,-3.6843391269400385,-0.11083866192479672,2,0
4.753504247429528,5.613111868970342,-0.8286469658043026,7,1
3.5374078821931074,8.201214062408043,-0.7481949582308884,6,1
-0.9801542412402755,7.4593946369845145,-0.695607257052115,4,1
4.972804679923682,8.689571787954863,-0.09573441931528741,5,0
-3.570534749422041,-7.045572339390659,-0.7298656950011493,2,0
25.945021441045643,2.4425989839122906,4.093870727904658,8,0
4.389176446925927,8.902186797064768,0.41541419071647395,6,0
6.048307388705258,-3.7417687450744888,0.4180733852270738,3,1
8.52285127909698,-0.2872558439734143,0.927312186740362,8,1
-7.754039113240602,2.3757586971939793,0.045922274057846,1,1
-24.048307244354685,1.9338563157718638,9.405603780202673,2,0
2.7727799600190743,-8.203107991829926,-0.9164173281212724,5,1
6.747157418860407,3.5717986759393177,-2.104547650642892,3,0
-7.037084535825366,4.434698474895221,-0.7664558235371411,5,1
5.714888268705409,5.083806280858966,-0.35399497692653603,8,1
-7.596329210458524,4.728270480954631,0.008378706426502288,1,1
7.310781200490196,-1.6894575755696506,-0.6032837913824772,6,0
-0.12050991909977155,-10.291306157865836,-0.9720312925154994,4,0
6.804809958508239,0.03184341045966488,-2.9740486222608236,1,0
0.14906905623642155,-9.071721510764231,0.17955373485224307,1,0
-5.676350455367623,-5.904049847127328,-2.7288608075401477,1,0
0.9341012049174954,-8.112825938310584,0.5696231722123262,2,0
-4.650217388543185,-6.82111264517702,1.3902675933184452,1,0
-5.237430214882872,1.032129934822958,-0.8333426058317553,1,1
-1.8866720992815909,8.497213169533122,-1.5478826866457764,3,1
-8.898203730332243,-2.605802739610252,-0.062989048243179,1,1
-1.0278240909022185,8.748074154544682,1.3447305247376566,7,0
-8.313987025152988,0.4378319619046088,0.4958909250230117,3,0
5.768806181006489,5.549715532251919,-0.2678425695066524,7,0
-7.42288240761636,-4.709240817999066,1.936072199974287,1,0
0.5577519225387666,8.225994767450876,-0.41893940109801947,3,1
-1.369121751822705,6.556318741470719,0.7550510987667133,4,1
-8.191738430448456,-1.2296197418588783,2.9596693981184337,4,0
3.9327566130173395,8.303598797443396,-0.1945329771409806,4,0
7.456794917218252,-3.2393530873269007,0.65011119987153,5,0
-8.239468439622637,1.0067974881465385,-0.06153042483649768,1,0
-6.090255858967752,7.075120999258447,1.5955089045297515,2,0
6.4194816433117206,1.7716924387348172,1.5605889101252095,8,0
4.449568263892748,-7.1970940290452825,0.46332334611542936,6,1
-5.399786849260608,-6.62407787680828,7.477517955467143,4,0
-6.0807769707585,3.313038216154271,0.08003003789816147,1,0
-0.1618503748458762,7.491497894954119,1.1747114331080388,2,1
0.44509159221662536,-7.451822556017237,0.23114398644413653,4,0
4.913392028817247,-2.4332039090691207,-1.9891943478017622,8,1
-7.6041274947787345,5.105315189023407,2.0850349298579522,2,1
5.186992100360901,5.644708877775562,0.16580957802381968,5,1
6.690646795823271,5.788215732239205,1.5792409866634531,5,0
7.220143551036338,-0.4900945504829766,-0.21104789144275726,2,0
-0.3397292028397874,-9.537963130237264,-1.31812241096597,5,0
7.468425316302203,0.4150362825538767,-0.21099259127047465,6,1
6.485554891667325,-0.7010139599744256,-2.3649864790350303,6,0
4.323542588308447,-21.016159964124224,5.771768223692188,8,0
3.655671798038128,6.332991837341357,0.4122179034250227,3,0
6.890900939551733,-1.1074637112058823,0.9000597018510789,7,1
-3.4871882393218936,6.176919082289484,-0.9455077546046323,1,1
-3.023732662101981,7.192060706008346,-0.10552992049475818,4,0
-2.2171383677738765,-7.716031573772533,-0.7070433787742348,3,1
7.866269470908453,2.2135417039619494,0.09048648482654892,8,1
5.124036732605722,-6.994139484874929,0.7147085934597701,4,1
8.007600461775784,-0.5940891708584319,-0.5185529827168933,3,1
0.7389762165386128,-7.663235207707484,0.4006213845411295,4,0
2.401330271879292,-8.526629869775212,0.019916590749386707,6,1
-6.047564825127003,5.2714029832028055,-0.848554115182604,1,1
23.4952196651052,7.158614214550401,5.144089095926283,8,0
1.1943684023970336,-9.080078799623955,-0.41417899041144546,4,0
-6.522180487040712,-5.48694371184392,-1.213983502486357,1,1
6.2405125494261515,-5.508924196182116,0.3330090601418806,5,0
5.565534470328313,4.202600131867371,1.6911087047305635,5,0
-1.9578142337818876,8.004176497730176,1.250285345093195,2,1
-4.974532205524916,5.84108824291089,-4.793844263503741,1,0
-5.294042165903424,-7.76547352300799,-1.4433133123606492,4,0
1.1180868962125832,-7.528799114277143,2.279236567028203,4,0
8.380968746692837,-1.6151659661259372,1.3614078046980806,6,1
-0.9885365939482047,7.1083002834765265,-3.2410722006101764,5,1
-8.603381972392166,1.3576620008239655,0.012982166241684691,2,0
8.034133661696378,1.2007159679391035,1.4452348695204729,3,0
1.6963428320703808,8.576320827823182,-0.047266350572901426,6,0
-5.811869401258161,5.006216699227218,1.6054969000719561,6,0
-5.323674188312561,-4.2399136740153756,-1.3678322715979319,3,1
-7.841633707952612,2.1335596208057606,0.8462199048451746,1,0
-4.390585613730162,6.568175490734376,-1.0918769157399064,1,1
-4.805555456185974,-5.172613251145987,0.15790177639341746,1,0
4.347798334795157,-7.775347870853168,-1.3961180870836984,5,1
2.2283153699153924,6.755397642472506,2.0214330334688664,8,1
-4.09858420295288,5.339300093663094,2.633192092989152,2,1
-2.3337427311943237,-8.252571531368064,-0.4303583983779046,2,1
1.5330005019354709,-7.53527903572596,-0.586644940767067,7,1
2.6933536285137207,-7.148387862840366,0.12905852534273435,4,0
3.415736136415104,6.427971695783173,-0.18141624798009628,8,0
-8.611800201084131,-1.0930545285398487,-1.4247159833789138,2,0
6.550018661871408,-4.550675748564717,0.5220412189204503,8,0
-5.2038325603448214,4.2294006267105395,-0.6613956665122572,3,1
-7.75544759386459,2.768908786672939,1.027624721964502,4,0
7.615450195086682,0.5777957335210826,-2.2961030316978097,5,0
4.364089961508707,4.022457542791358,-0.5417309185751464,5,1
-3.5685382134015016,-6.289042633365269,-1.2918418314511249,4,0
4.095366577171003,-6.793365180684486,-0.9481620566201454,7,1
3.055320675339802,6.233114073025558,3.0507227575754268,7,0
-0.9054353270667114,-7.54833567924129,0.7248716288470798,1,0
-7.9636857907402,-0.05291171677741113,-0.16200934994610394,3,0
4.491107422287836,-6.238746160596668,0.04587487680544405,4,0
5.693317826479539,-3.73929446635283,0.7480325620501945,5,1
6.451825944039609,-6.274187158490905,-0.914679047740726,7,1
24.215966539032816,9.653427166983397,5.601984200649119,8,1
1.491615237976692,-5.958429362677043,-0.30086020398155894,4,1
5.953455598950795,-3.0170819132316025,0.0020990435229409922,8,0
-4.480177081330417,-6.496269550421678,-2.6948730620696644,1,1
-7.021275226843324,-5.3242132505589215,-2.6601592762612993,4,0
7.549492691640512,1.875823388503224,2.4800476728249774,8,0
4.745897352436072,-5.451293422392661,-0.778837500937724,6,0
5.766556278187558,1.3256971139641167,-0.3016341813027925,8,0
-2.438362834639153,7.924243276237559,0.3629251463990318,2,0
6.089100291078539,-3.033514840403921,-1.376017300227078,8,1
8.931350664518408,-2.533342826722475,-0.2885163923747647,6,1
6.981681880172751,0.4680067231607431,0.9966283583343597,5,0
-6.18918098168703,0.2956689852524217,-0.5117627232264057,1,0
3.561945349372951,8.272817543071907,0.6137662634228082,8,1
-7.861701810223266,-1.1418994569738283,0.3875223528612574,5,0
6.846536564043941,3.817030086309466,0.1747827631986949,5,0
4.297883054665765,-7.471495119300929,-0.007563680539364678,7,1
-6.237821294525398,-3.8047988680652645,1.438895997667105,3,0
-20.066618200237965,15.100431508940003,7.101154383471315,1,1
7.183606248730074,4.1299118410512055,-0.39813608569063774,8,1
-6.242388875220361,4.624753769097117,0.6065026959956237,2,1
4.57511593627861,-6.8104474502004715,-0.43033276702955686,1,0
-2.4137421993094352,-7.785773975278176,2.309716642446526,5,0
7.379479389272382,5.063377057298752,0.8470240794886301,7,0
4.63445748619876,5.941239092062903,1.443193580186559,5,0
-8.418575777192052,4.24051308451059,0.8799806314115529,1,0
5.086777291627518,4.027652216817235,0.5402124272405197,2,1
7.565040356633257,-3.136965830673782,0.0796373713065563,5,0
-2.750412570383091,-6.056100085196734,-0.6216812643820585,2,0
8.530808598317103,5.204445173867188,1.576806012018242,8,0
2.980505032222836,-8.131272530706289,0.6087345791339716,6,0
-6.492202521198695,5.437346249754855,-1.4954979003263376,1,1
0.7853995930088098,23.919147414613242,5.309764239179357,8,1
-8.240081084429626,-2.98871176065642,-0.9017206061920132,2,1
6.966382274844175,-0.8621257712900965,1.0790147390643896,6,0
-8.93375620780261,1.4912778285193273,0.6845364891868868,2,0
3.4559408846080855,-6.878310667190631,1.2146822301195255,8,1
7.796951336117985,-2.91987899826759,0.04880731631154758,8,0
-5.0553064497592555,5.381007236824491,0.1760361604120759,2,1
-5.580051883296404,-5.58580503842005,-0.7886795189447989,5,1
2.0500642228143664,8.268215909332312,1.0214852348571206,7,1
-6.232826514967379,-1.225749673612491,-0.9664431665727802,3,0
-0.6856619169498224,9.484001623875333,0.5510981198031233,3,0
-7.469871369802572,-2.447957306162719,-0.08190658328120036,2,0
4.486521942981339,5.074685887624331,-0.24915913330535946,3,0
6.494568649059166,-4.108592242088536,-0.003316864759004195,6,0
4.2821436114661555,-4.338499869992198,-0.7273305797551152,4,0
-2.0862559141895196,6.578682096714349,0.043444090079492695,3,0
2.1881194079216835,-6.403374644370255,1.05696236724664,7,0
6.810699721379269,4.492289896023614,-0.3710134154604666,8,1
-0.7299053553644405,-7.447773514307197,-0.9827876556862875,5,0
-0.7455925736443687,8.296003732794444,-1.1880826216145388,3,1
5.693717360626376,5.970969946504528,-0.9865595870356891,5,0
-5.081233358811745,-6.3017218378058555,-1.1475761915682101,5,0
-9.141097790365048,2.1279734498567953,-1.1815617392327873,2,0
-7.1012434505143665,-2.6463748989659903,0.5647865246478576,3,1
-8.541336829118594,1.0923944157304817,2.34193863949818,3,0
7.368899403974263,1.698966161000123,1.2588649040249509,3,0
8.387606270368732,1.765350200587735,-0.6526874978888669,7,0
-8.357991884143097,-4.229862809275648,-1.1699193247871478,1,0
-6.613681876260617,-5.295168225056366,-0.13611023715154236,3,0
6.838448171478942,3.0438864785961117,-0.5215411796242522,4,1
-5.594270005540144,2.9440899863178838,-0.09620351351685978,4,0
-5.689752918209187,-5.498729716982798,-0.23314157346923273,2,1
-3.00982905094448,-6.268551178251947,0.6286367823860568,1,0
4.534013234018882,-7.762335512315287,-2.190627222510009,4,1
-7.818179596161083,3.796083769163432,1.1825236049216872,7,0
-7.995673552114436,-1.0506931293221773,-1.2971475199861324,1,1
-7.198346569723912,-5.015281797160707,-0.5847204766968485,3,0
-3.8679192035114545,8.364803991531735,-0.5360931467203348,1,0
7.379583303883323,2.4335670854278355,-2.510245042285319,8,1
9.057367641150673,-0.7023699284271254,0.8002834241863246,8,0
1.8857446287274056,-7.709834687126422,0.814997465273593,5,1
2.703140076355799,7.3625334109140965,-0.41392523745554705,7,1
-7.027468066970553,-4.824444780800697,3.643426586129679,4,0
-6.917243129241808,-3.3343064015215225,-0.20051223657625458,2,0
-6.041667643664216,3.418666428102131,0.48173536101932596,2,0
4.309840811852419,-6.016725328333793,0.5787863698990542,5,0
-1.4081119880947328,-6.86197768371359,1.4801618125203346,3,0
8.43159964856498,-0.5981965205264512,-0.46861137371581063,6,1
1.320573619653664,-8.844312786673575,1.0575604946719552,1,0
-6.7100982075673326,0.7786939020985741,0.5011649393952001,5,1
-5.530780786953748,6.513083626812972,0.5347220734666592,7,1
-0.9093138744061198,-7.0149806672506125,-0.06574734884329736,3,0
-4.803571560239815,-9.57276757168299,2.1209219078369537,6,0
-2.9343194202317933,4.895859555863424,-0.22902057752859975,3,0
8.113186802697438,-0.2587386762605256,1.6536031894620296,6,0
-3.5185669121289926,-7.056333370742433,-1.1692066319920624,2,1
-6.13596125629727,-4.282655871617006,2.350153495450872,3,0
6.0654548269247055,4.316139911958565,-1.919478510376281,4,1
-1.1910592450061488,7.259195952192778,0.8235732253990887,5,0
-7.418696755776316,2.4770047119870706,-0.28922294580828656,1,1
-4.673333602633458,-6.213693902508859,-2.6460368160559207,1,1
-24.53359624330836,-3.058341796173314,4.82523759978962,1,0
-0.28346806258306567,-7.8016593951876585,0.12820728488324562,3,0
-1.5278334836371426,8.775651196155284,1.298334152473019,3,0
-1.7765637058045982,-8.40637118432546,-1.6280257231173105,3,0
3.4644763388795656,-8.079486225540244,-2.584643238025397,2,0
-0.8489454381751852,-8.561484087141011,-0.12913643781911546,7,1
0.9945530871654366,-7.410063197606431,0.9275347266674631,7,1
6.26548085950465,-4.2493141028236385,-0.4261332735819358,4,1
5.925697039717549,3.6600379897426945,0.6341637916691056,6,0
-0.9616352268275405,-9.494726921238968,0.37139543963335736,5,0
7.3936230568588295,-2.635756024448752,-0.4732642537982747,7,1
-7.353986286988822,-4.005808506034391,-0.8324681339580959,6,0
2.23349404591418,8.087425558386672,-0.23268996729607314,4,1
6.6941371894048896,-0.6508019870940136,-1.1900981844345646,8,1
3.6462525183223593,7.860054235456614,0.6338556972352225,3,0
-1.6634791091760004,7.574419837458393,0.5244020282431651,2,1
2.750373268064906,6.965955405129892,0.10368739079778815,8,1
-7.620979908060773,1.2496430370152942,0.16343728652067993,2,0
-6.512802957251195,1.6320652869466636,0.7212681343220759,1,0
-7.434738000485622,-0.0363290839380192,-0.851260122284114,2,0
7.085172010457566,-2.031953642698506,0.3792889651230813,8,1
-9.187438848727773,1.3588894455596776,-0.8929253562717913,1,1
-7.172319810638813,-0.5638284563635041,1.363795098243358,3,0
4.442275205733539,-3.8763807053510044,-0.18877214566086176,2,0
3.092575742045412,-7.813420887969787,-0.18146820865135627,4,0
0.20578516436436606,7.6011779356207585,1.3021199848707445,7,1
6.783450560398858,0.8139659210410229,-2.5886070528940204,4,0
-6.091918678610906,-5.14361337289578,0.023862176224007072,1,0
5.008017151226822,-4.995215222244875,-0.7601274532412385,4,1
-7.774597218979389,-3.4112325713644536,-1.3584222424137276,1,1
0.4624230073395492,9.956508790036766,-2.096350423191336,5,1
0.22778110492059384,-8.680621230062595,0.0806840008644549,5,0
-2.1811517968201457,-5.643105160108602,-0.06206202922197631,5,0
-8.692664815734515,-3.932158929283225,1.193539281100637,2,1
5.095148076143016,-7.125952239280441,-5.716109202068571,3,0
1.6113805134614196,-7.103591310950915,0.677469116526646,3,0
-5.317174943137682,-6.66728261376559,0.604693922101657,4,1
-2.9142699976282676,-6.479533075939813,-0.6953241408525056,7,0
-4.268342178104269,-7.481401266454741,0.775318481079753,2,1
-7.069365188642257,-2.4365741905189626,-0.17753988763278708,1,0
-7.552538920367529,1.8235198451492685,-2.311365030499502,1,0
-0.8833539303289233,-8.326395176253389,0.6516563678602745,6,0
-6.645968632576669,-6.360383521830184,1.384910481609744,3,1
-7.5468681440954795,0.07948342681879472,-1.681277822697981,3,0
4.7354235423791895,4.9487783233477,-0.03814834859715668,4,0
-1.842644829746652,-8.740812840853094,-0.40860298775028076,5,0
-5.877665395017548,-5.455518083259634,1.5557587365345313,2,0
-4.54772844365553,7.648838283205339,0.3079633261400635,1,1
-5.314995073971457,6.2791320203073875,0.17858581643993915,5,0
0.32103856958605403,9.385589897530572,-4.276639411346984,3,1
9.077918177715896,-0.7428935095653324,3.2180086980926323,7,1
4.47836779277806,-7.144478828004711,2.3202178332046564,7,0
-6.6578477939438026,-1.617199478187222,0.9992708784601176,1,0
-5.357809933732243,4.647852575930927,-4.057011237702296,3,1
0.06633012671422978,-7.227218338829224,0.5440528595949261,3,1
-7.729951798580182,-1.1943563562995252,0.705782456218845,2,0
8.006280963395126,-1.9973035968060378,-0.8899365084099796,8,0
6.83890375474437,2.014211077154235,1.3752450807288417,8,0
6.215850648933831,1.8529501379543998,0.6677282794520721,6,1
-7.30864074934215,-2.580968201440349,-0.16677240841808982,2,0
3.5755753358963784,8.982063765582234,-0.5096927816575565,1,1
-4.924151534460894,-5.632653781644853,-1.22583251506597,1,1
0.13729262012549004,-6.913837257152586,-0.8409546622906067,4,1
6.554373353094089,7.659101020944447,-0.7760712267526064,4,0
-6.964415889356577,0.9198452768297749,0.2576749882068174,1,0
-2.6415776889970135,-6.857846218819142,1.6540605088106908,5,0
5.2751346393251906,-5.485209793608635,-0.7472592342824311,8,1
-7.088256066202652,-0.4035289805989992,1.5604244617898055,2,0
1.1470701849875702,8.232286162287405,0.13769916580651279,7,0
-7.657813861344085,-2.6317230065394375,1.64130681785887,4,0
-9.380100620576789,2.8221160617140835,0.40352796823939774,1,1
1.4181444865990658,-8.13097370296747,-0.003263148070857811,3,0
-8.442304597460982,-4.79890613389123,0.21319004071911968,6,0
-2.001972296671062,7.3497992569961,-0.585034544286582,1,0
1.3325208516726483,-8.77980845420939,-0.21577730866642256,3,1
-7.497544967673243,-2.1824544734734803,0.3256362430638404,7,0
3.9976600423684694,4.9475493922254135,1.3902236698004373,5,1
-5.284683243254408,-3.2290933917938696,1.3585897341290851,6,1
4.787433720215687,-3.270056290495191,1.2898461016268585,4,0
-3.082659660854915,-8.345367036309318,0.8635696154643902,4,1
-2.7795023320958316,6.96420699951462,3.205057919235399,7,1
-2.7633897715636753,-8.918146712925699,-0.08697296856878109,2,0
-0.8057413218208102,9.033832703189141,-7.817059734595377,3,1
-7.968523054268122,-2.1377751504759073,-0.8882686525977381,3,1
-9.014892732368775,-1.2596150853579526,0.09138634138335525,1,1
0.3611066181542073,7.779526415020441,1.7930342289141938,8,1
-4.219630555957285,6.842869969680575,1.6523413559765117,6,1
6.4237380933826795,-1.6497237322771998,-0.3300729372147099,5,1
-0.4470163003765609,27.84829493623098,6.444700026988893,7,1
2.9416028747127827,-5.6214077394997215,-0.06018182371014837,8,1
-2.7940496261356484,-6.718637054130307,0.0731617962960119,3,0
-8.555570499384816,-2.33022134880495,-3.4289434428867556,1,0
5.7280503056836265,6.226859193047014,2.642057778872218,8,0
1.6636140757259206,8.509361897509322,0.3310036084127338,2,0
3.491434346801948,8.0555961339743,-3.0491138199312453,4,0
-7.81505958890826,-3.1502289438095445,0.24103798755150424,2,0
8.389381469145775,-0.134108936349981,0.1482723497075251,5,0
6.713312486933907,-5.661660120644402,-0.4301113302348654,3,1
7.7341416700428915,3.0470102792510647,-1.30967042922835,6,0
-1.4787860032267044,8.659700291000183,0.7699587993338333,6,0
4.020980145990688,4.817874668513799,1.0299380346415445,4,0
6.679425990623002,-0.811891020319213,-0.11263495091405727,3,0
1.4234551416118684,8.376537228742466,-1.6673378054093215,7,1
3.5552247952466716,8.019850625198336,-0.8677234345963589,6,1
-6.576777628233809,-4.914064157592222,0.2860162702613689,2,0
-23.16989582286731,-9.622028622521205,6.135598651249318,3,0
1.681704012056008,7.987459210513432,1.4758801435081945,6,1
-4.442948285018604,-7.197136190784186,-0.7555923960874137,7,0
7.972976508669655,5.9606420317156035,-3.2113174536307225,7,1
8.128974216515873,1.0284611057246358,-2.78099852569046,3,1
5.518127224422207,5.679313469233853,-0.2900018718917786,4,0
-4.249182723054619,6.757218391805381,-2.5303485286335805,1,0
5.626904356313505,-1.209742439106246,0.19882861516229816,7,0
-7.777202541521977,-1.6573491598728811,-0.17451623444021608,2,0
-0.21350587684877473,-8.228183308038776,0.8632042580835512,2,0
-2.8546991243370052,6.432706762691507,1.3500263410336446,5,0
-5.762345164716404,-24.20886047952287,5.6284267501984955,8,1
9.158556587693727,-0.8786850760148545,0.09602505801931029,7,0
-3.9367648464054943,6.298552388301951,-0.8882253701643584,3,1
9.494938323805357,-1.7884601161305465,0.6272075090897029,5,0
-3.1384801343702264,-3.9610943489173898,0.4351844020855247,2,0
0.3858139418250762,-7.167424045120387,-0.2843309099543111,3,1
-0.14693380368379588,7.789689939843635,-0.890191520287842,5,1
-5.58960210691237,-6.310978987215063,-2.9081969736744133,3,1
-7.424944868204067,-0.13290984066976957,0.17167612266465457,2,1
9.688324129552187,-2.063863330327621,0.04401615094179438,6,0
5.118621245653646,-2.865856454173364,-0.620545930443522,1,0
-7.59337390212551,4.277164474505084,2.36921474412453,6,0
7.830105074740991,-2.2041156081943707,-0.3058713447512045,2,0
16.276046834222857,-17.82387434246535,5.474952952120795,8,0
-8.225047760824632,-3.681179634532856,-1.4493060697746167,2,1
8.141927744007388,2.725136960712185,-0.015864181906220562,6,0
5.248683362143104,7.706602818316542,-1.6511494176558068,5,1
6.425717780479072,1.7330327459068884,-1.1474940943961291,4,0
5.156659628660794,4.426003876428515,-1.110381344509928,7,1
9.457934690305283,-1.2727577539454573,-0.16585611304833864,4,0
0.8769921400187011,7.922886932382615,0.6845199551234096,5,1
-4.200362357173313,-6.939577689635995,0.6144729202802528,2,0
-6.210293475552986,-6.883935921811362,-0.9472974503956706,2,1
-5.058793382033045,-4.120757874016485,-0.028599672720428543,2,0
4.347338635850707,6.66593946017458,-0.10163057417567144,5,1
-7.622823239063353,-3.309683512879729,1.5190313840775438,4,0
-4.46889798235555,-7.840040134246875,-0.8835964295916834,3,0
-7.142581549458266,-3.91180068015774,-0.5661867650241962,4,0
1.1994514359412707,6.027879314126152,-0.7671517712709219,7,0
-1.9154397040388789,-7.826855426405846,-0.04244207471650304,4,0
8.175811105291583,3.9073691555722103,-0.7689629048599116,8,1
-5.7745716445050626,-4.310696857172026,-0.058523935073002444,7,1
-8.071892689564216,2.935239576617503,0.8068761199372555,1,1
0.6811116131515806,9.032549198992442,-0.7568401541209534,7,1
2.674703581787794,-8.414638085205556,-0.5980694318654731,8,0
3.927549982387111,7.626289374409367,-0.9408332171916343,6,0
8.533877068436256,-3.9487922484060967,-0.8664572579681901,8,1
5.318609946324825,-4.550715420817998,-0.08234252677370023,8,0
-5.5295465198296485,5.695554538438649,0.6083768478437771,2,0
-1.4629949250453553,6.153433143871009,2.097882277392785,4,0
7.252296496892687,5.4701775730132125,0.0355585908355769,7,0
7.786399689292937,-4.123541158820915,-0.6149969193059389,5,1
-5.294789969510261,-6.00891120090024,2.1257146997310485,8,1
8.697582337942228,1.2396952920709843,-2.861531746249718,8,1
-8.55384855493398,1.2608909772439891,0.21910925466736508,2,0
6.89478938931175,3.431151276804953,-0.21547998865986395,3,1
-8.646628319306087,-1.7102817330111775,-1.0548393088326238,2,0
-8.539246301900077,1.6116111469670873,0.10770175241539182,1,1
7.3392719685993715,4.121654268625897,0.20986862307930118,8,1
3.3866806432478587,-5.108798940633026,1.3285006195977143,1,0
-2.8107295739095557,8.190395941170285,-0.8960159749508694,6,0
-7.994976842317806,-2.2747931058860065,-0.8172510101061251,1,1
-4.9872113757049625,-6.399453080705648,-0.5621849499644748,1,1
7.964790513532212,-1.9006927048246065,-0.9247546937836396,6,1
-9.30751161311642,0.6923459087712611,0.1805504541345045,2,0
7.6605138193965105,-4.513776091649717,-1.5387273864184694,6,0
-3.029692333719452,7.661204342266312,0.0004384146250212247,7,1
5.8434296622282265,-5.413595662928377,-3.1422482490996817,6,0
0.741607118393893,9.109668866526492,-0.3981157694083014,6,1
-0.5412109675400885,-6.908166847358346,2.127576431367977,4,0
6.221466714145987,4.18786290534715,3.852710549562424,8,1
8.542960876441402,0.13745678315593401,-1.0361064427246023,3,1
7.589785309670256,-2.8500267549852696,0.2628973561038588,7,1
-20.677011197700843,7.055990981629867,3.5544536120676127,1,1
-8.851034237757526,-2.5257130773367167,0.5822401957562846,5,1
-7.480794479630101,-3.363993901339403,-0.20886766663004844,2,1
0.027492359006203504,7.827165628893078,-0.49836333481732625,6,0
-10.57994268219961,-22.255204752011196,5.173304426909899,5,0
-3.7327575270891593,-5.36769772410807,0.6475859636918172,7,0
-6.526164368553132,-0.9008537565500394,-3.2971321505360214,1,1
3.9377913870760466,6.179799770572353,-0.8894505437380432,5,1
6.298223430363727,-3.7922541069770013,0.5330850773472094,4,0
6.309312901455284,4.951069032593166,-0.6377475528221026,2,0
-6.96104874353525,-3.671126352244438,1.5299467339229837,1,0
6.617196217317105,5.283580445110368,0.3285340800563753,8,1
4.437012689320815,4.792988262574451,-2.158298879627988,5,1
7.850180342789679,0.706283322147611,-0.23273003974161716,6,1
-4.519000433232422,6.961027919934921,-2.443428994853291,4,1
-4.350512251579639,-5.16243760647492,-0.10074532495753158,3,0
-6.1231498800404065,-0.6897746107052646,-2.754780957496474,3,1
-2.5533328967815043,-6.623645159609231,-1.7453343146220375,4,1
-14.577182845546698,-22.539192447756975,5.904947057712346,4,0
4.224948230762086,6.401102430125901,-1.8234635485267294,4,0
6.695427129760796,3.4258327860735,2.5891023489620726,8,0
-4.663082431632143,-4.465999278692239,1.242682351553528,1,0
-2.9509461040454634,-8.242088498434164,-0.6502800826892575,3,0
-8.696606265492273,0.1374924787876206,-0.007044894388861162,4,1
1.2225002291910039,8.221612531469223,0.5293537628572142,4,0
3.012762678019791,-7.48082657176258,-0.9466728743215711,4,0
5.178584558753361,2.8902855478168092,1.1707541270040251,8,1
-5.502941216635912,-6.626537464148145,0.878024412805418,6,1
5.23243297334625,8.050169425847905,-0.032534514085465455,6,1
-4.771253363165655,-6.3228808956114015,-1.3491297929112902,1,1
-6.712131961584766,4.543266471642101,0.6117627916331985,1,0
-2.069886497583608,-6.5928920515582075,0.808028573486972,5,1
8.017242424882564,1.289532689257655,2.508543956883704,8,0
-7.633136097326964,-2.8859761567894573,-1.9426724701476366,3,1
4.68993908448787,6.826773341650287,-1.1500562407666028,2,0
-2.6628114761755963,-6.772122667656091,0.04481989871370258,4,0
6.172190837031341,5.560388586612822,1.2292346380673962,5,1
5.008891022088307,4.346225048318136,0.6066615028467313,6,1
-1.3487543100534434,-8.770969128230997,2.21454123789093,8,0
7.651613264766109,3.7572635200526943,-0.3311901031466192,8,1
2.4460106228714347,8.408084541746344,-0.31948194646979095,6,1
11.859408333156809,-20.68450312224797,6.335671511596477,8,0
2.6238836215311685,-7.031961938841513,-0.5491569240778892,6,0
4.247346700653832,-5.237781604132781,-0.9146985425837033,3,0
-5.290808606459211,7.919519815685977,0.8869671666363231,4,0
-7.858382817124315,-0.4371740009824484,-0.7135914095431081,2,0
0.38881697945360183,-7.82409211159057,-2.640869312093888,2,0
5.275852030026244,6.500304260386529,1.3763767575791033,8,1
-2.3292692263810064,-7.260444108014527,-0.8622104238118842,1,0
4.699698129558136,3.9316385653929373,-0.4842902567101175,4,1
5.278029091379344,-3.31955288866818,1.3553981507641857,7,0
-4.8027051490511745,-5.6210081952190984,-0.7698196681773225,5,1
-6.5197341400135045,0.02047079117216699,1.0366403898919199,4,1
-23.848715152866355,2.5072822326057884,6.247781958971989,1,0
3.257927727463339,8.574127371863119,-0.16769267449981018,5,1
-2.4528512291797138,6.159149275931922,-1.7378303665746084,4,1
-0.3122150207587012,-7.598384831235657,-0.15169985815122827,8,0
-7.40562099536898,-1.78824753896242,-2.0504541545220745,4,0
-8.197836044189055,-5.049760671399618,0.7384178976656894,4,0
4.233080163079872,6.8364913820552955,0.46561744737084204,6,1
-9.560821882459802,-23.63980047050648,4.61989889438282,2,0
-7.012571283976132,5.260444377233588,-0.9292204942709766,1,0
3.2361922953223017,6.5799212924469614,-1.3701238047621351,4,0
7.655437124373127,-2.800344245558494,-0.01649373006068207,8,1
-7.064863301516505,-1.682021152719559,-0.5828088611385904,1,0
-8.681581377484752,-0.6767004946041868,1.9619721279602116,4,0
7.3055226360290835,-1.8376157668218882,0.05410353734321224,5,0
-17.701324991711658,18.434315333505563,5.4238206453538,1,1
7.395584552012804,-3.0132592247615784,-0.9033510977270734,8,0
-3.741998169738932,-6.752615533821654,-0.0583124747218487,5,0
-4.0356983096055625,-7.847585799907173,-0.3290091084751536,2,0
-0.7715696359226974,8.96454783690287,-0.0849999559192291,2,1
9.150515438121174,0.4267353392352864,0.6429169679698444,8,1
-6.581047849374582,4.6861612465825715,-0.443494320812594,4,1
7.121257365778154,2.0905682215816612,-0.5325752740089034,7,1
7.039022941220786,3.7663993094839996,2.7230081594804862,6,0
-7.326632013606469,-3.509213422219127,-0.11242443526700406,1,1
-0.44323837189502135,-6.172600756771423,-1.8383452653839658,4,0
5.384685866029307,6.95103995391791,-0.7997107058374665,8,1
2.230524744433439,-6.600897271386854,0.0630846939153488,3,0
8.144698173082885,-3.4823936238762228,-2.6453498116610574,6,0
-1.8729352389367646,-9.437675595394369,1.0801991279741454,8,1
0.7975077750674809,-6.433141578400411,-2.069494624375073,3,1
-1.9509572533863901,-8.232817447153241,-0.39038901976335133,3,0
1.128640197387128,7.641684998265835,-1.705236442804198,1,1
-4.333729002633565,5.256697838367551,-0.5211269195087719,4,0
7.9466716706017,-2.2070669093342405,-1.493891816219563,4,1
-5.083981225556981,-5.1990269051955105,0.15379022813600673,1,1
1.6464287390267065,-8.753461188078987,0.26756086391324174,3,0
8.69861866299999,-1.5089571757447509,-0.13057147393241397,7,1
1.3393963225675631,6.760966716268086,-1.2292551975762773,1,1
-2.6703376448522262,9.374540922410224,-1.0444488571321344,1,1
-6.17396420732832,-5.960915692588457,1.4903491629942274,4,0
7.121184972086313,3.909172406214549,1.3756671273551855,6,1
-5.972681154979308,-3.1794720735620445,0.18428115017594904,1,0
1.65573017909833,-8.448285270148409,-1.483665384562317,4,1
-5.403601650602814,-6.479036271832569,-0.7955600814886902,6,0
-3.582019525766981,7.68564203625829,0.6201552924468858,6,0
-1.1625182315169935,-7.514305343427201,1.7554729191873029,4,0
4.422654836941319,7.273035994024891,0.36631498933731016,7,1
5.452440011303958,-4.2856043450441135,0.6490447959005405,6,0
6.659114940995967,5.340063496561722,0.5617652636845597,2,0
6.415364733689765,-6.506106938014462,-0.30900725057947337,2,0
-26.12146382391544,-2.526185963088478,6.747614825160142,1,0
-9.22840046819305,3.29167275445025,1.1162097073318793,1,1
-8.107453726299953,-1.119346742691727,-0.9089536435894137,2,1
1.591171796735481,9.135104077649718,-0.19208582747488487,3,0
-6.8430757937844975,0.8403784630275182,-0.7478764909240155,3,0
4.248532823632571,-6.074401355846408,-0.3565988153621978,6,0
1.8913057838412872,-8.402172822763529,-0.05501757896897989,6,0
3.81820866041065,7.926148172523252,3.0206861034240124,4,0
-2.5210622397382387,-7.827115430908503,-1.1002758051201025,4,0
5.436450813526211,-6.2706293406960025,-3.5906224862558123,3,0
2.387424777901088,-7.540657282026442,-1.6680791692281685,6,0
-8.406662453541685,4.766625476729047,-0.3132870731987217,5,1
9.19000090754178,1.9702151992324741,-0.4331066454080178,8,1
6.614369473315384,-2.298361233873683,0.5366739190269741,6,1
-5.132261974128094,3.753614774386345,0.6187152081031148,4,0
-5.2851657157346885,6.073759823247112,1.6717236581051658,1,0
-0.2927878510238722,-7.599725980742046,0.044431284392139093,1,0
-1.4013636948970807,7.4289306994840025,1.1902513560472727,5,1
3.960077234116606,-8.38143980209577,5.47199208560994,8,0
5.0474468410349065,4.597212868028652,-0.3053988626939286,3,1
-1.206964043839393,-5.8515147096050075,-2.417619787485269,3,0
9.787732751017852,-2.2128748447385282,-0.031735330216603026,8,1
10.336226021036317,0.7249161155971507,0.37524486292052406,6,0
6.455252941853038,-6.267209721604539,0.342149848585902,5,0
6.19240507247885,-5.7741526568336745,1.6156599526383024,8,0
-1.0123632072913413,7.63981419836772,0.12235111062687154,4,0
6.681132532031828,-2.091220135661411,-0.6052354696670336,6,0
7.899605756310504,-3.855975656431817,0.0011243858914108862,4,0
-8.174571762155612,-3.2337379132669044,0.11353158343309736,2,0
-6.441767206582882,3.505462689993419,10.831747784892883,3,0
7.1060442368441095,4.336857642293406,0.05795428166553058,5,1
-7.033195939770439,-2.149507315312088,0.47740376789598576,2,1
-2.752596443296502,-8.057462323268194,3.7543052297018895,4,0
-6.002541366286364,2.7530312298429704,0.7626962748668661,1,1
-5.394785207151504,5.447710733225698,-0.05511411075798222,3,0
-6.6417326821224965,-6.933190962194827,-0.7269578584592666,2,1
7.618995171562054,0.11663195324525621,0.6237853286171404,4,1
8.845398877317361,-1.0406776494985874,0.6029594250140515,3,0
-1.596918086019979,6.546731441951767,-0.47583644468259745,6,0
18.367828097022745,18.905883617971877,5.682300018181197,8,0
9.800614784977105,0.5412092714757446,-1.072040542941187,5,0
5.484843727064471,-6.722824683005099,-0.5414737746905173,7,0
6.629525998098933,-5.451661676407445,-0.16286494006444197,4,1
8.05086139647767,4.686946524253137,-5.307439724716186,5,1
4.563636114181945,7.1328421582061,-1.8114890849318976,4,1
-6.132667258336344,3.5889371142326807,0.04082170794409905,2,0
3.282891465755838,5.498803876578482,-0.03401680305022652,7,0
0.09862103081930484,-9.406978799557644,-0.6806120064076185,3,0
7.5089250098705325,2.7373953904059913,-0.31473036582532815,5,1
-9.030722829741382,-2.08573329327375,0.516883082862328,4,0
-3.7725845284222355,5.060645765578341,1.6740474007158137,4,1
-7.040867181393072,4.10346090976998,1.3092816525093247,2,0
-6.259888089683401,2.997954395712145,0.7096208597861382,3,0
4.809908757382247,7.04497402691652,0.28721707568915583,8,1
2.918962935425527,9.074987311837459,-1.261956710272645,7,1
18.247043221202617,8.445420053763751,5.815279185381882,8,1
5.921359325117602,4.285966867152135,0.3508529040675288,3,1
4.222869646341736,-1.8331769454464888,1.0956033881407081,8,0
-1.4921335786447194,7.335014253255672,-1.862235901967224,3,0
-3.802420073814103,7.533413624846498,0.30068701018747035,1,1
5.924583779127469,5.2626249916521655,2.9034571990557545,5,1
1.631279505382817,-7.938074552652452,-0.4820184030284584,4,1
6.236874118715117,-4.794799308971039,0.6840338754905876,5,0
1.7644014279118894,-6.638353531392022,-0.10439197342857087,6,1
-6.9031535922801055,-4.604130778945514,-0.21639300131989986,1,1
3.190027838875555,-5.383626777608244,-1.4229373418954587,7,1
-6.204567294410789,3.8303900556680555,-0.7807494961401129,3,1
5.81626849946049,-5.410158139773662,-0.8034559444843606,3,1
2.0042120530941556,-8.795124571688966,-5.676000660665513,3,1
8.535565497747132,0.15020355579621525,-0.4769160805149568,7,1
-9.493035145774723,0.86745344447026,0.42012806402487174,2,0
-1.3706697841997624,6.450684309172569,-0.259787535491077,5,1
6.502066682177037,5.4084702188028295,1.9016753161677893,5,1
5.754324889432092,-5.635913710162509,4.076046491509013,8,0
8.259255218717412,0.9952257802863319,-2.8210620562522233,5,0
-0.8958670550854385,-9.04299430073858,0.47731738031442766,8,0
7.072490926022222,-1.2001653151064495,0.5192038992335966,3,1
-6.547643478405516,1.9785545678154373,-0.49222673044122045,8,1
-6.601543043866238,5.842277910044287,0.23623028174941293,1,1
-6.698099068955258,-5.091372554406693,0.10441350133903363,5,0
2.15956478081382,-6.126485995126237,0.32052036509869913,7,0
0.47077540092998904,8.201155965514747,-0.37122532248210965,2,0
0.18900064545887751,6.972152131187665,-0.26704111899854965,5,1
-6.144996190135949,-3.926983108923819,3.16896771074277,2,0
8.908676962315242,-4.098427201192374,2.79574050630401,8,1
-3.9160421793234867,7.694452506460401,1.7281416347540506,4,0
-4.609687731175071,5.953742074842188,0.0643533464821167,2,0
8.673278649780944,-1.695255851448715,-0.5208800713916476,5,0
3.005093010042652,4.959619322573829,0.9429727970084135,6,0
6.940106556363132,1.5555727109572839,-0.1698772799799476,4,0
-5.428546008205197,-2.7214000302853427,1.5117288787265293,2,0
8.047830249376267,-0.29750208714037285,-0.012002689755313328,8,0
3.7622303533953656,9.106994165244963,0.9273487500314378,7,1
-5.279438259275648,-4.371811399313222,-1.1295347532551703,1,1
-4.7924535049390125,-7.612668971564303,0.6935806422198816,1,0
-8.053705166743072,-2.450360891979573,1.8695733059800599,1,0
-3.694998368803474,5.47718533529159,-0.6895034638892913,5,0
-6.2337487636483315,-4.146965261555952,-0.6855149924655731,4,0
-6.5102033875232435,-4.845369151058393,-0.36675547956058746,1,0
1.513891077900486,-7.203710580123049,-1.8512189469707998,6,1
2.566227725281146,-7.639171550709879,-0.8920142738365752,8,0
-4.865532371295502,-7.030465203936215,-0.3607061994811486,1,0
5.347473251753982,-4.124501511602505,-1.9421841327617972,4,1
4.774024153207812,-6.828691553400645,1.071258322121903,2,0
4.787954562167276,8.049538500837672,-0.748903745927232,7,1
6.403409203355201,-3.6953531847759598,-1.2035105492743217,5,1
6.137553598471772,-5.289655284473428,1.559598988634571,5,0
-2.3507634170100835,7.864766657628955,-7.761184264814601,3,1
7.96527604410808,1.5121997705548718,-0.05890367129392281,5,1
-5.870492385178032,-2.758925633492458,-0.1503644491254192,2,0
-7.155200232896271,2.3377281008785054,-0.6374717403224726,3,0
0.17671921256593925,-10.61864976005199,2.72208646904094,4,0
-24.757466102346324,-1.9906843002851717,6.3701021369437525,1,0
7.695912447318507,3.997071746217873,-0.2617768788548642,6,1
0.9162289522496543,9.098800081653014,1.1404449756554413,5,1
7.343085754308915,-4.935760944588669,-1.5375159840417156,7,0
7.460616467987689,-0.4366887186701205,-0.26272874781684447,7,1
0.3089010848760054,-7.456752988784299,0.4281504499101901,2,1
-1.9313311336325099,7.035741814505724,-0.4273872359294276,7,0
-6.683255464801749,2.0883686562914088,-0.5153915477100794,2,1
-7.8830933997280255,-1.6046522073301028,-0.42594471336263734,2,1
0.4457622540457019,6.851366943737504,3.2361942311087226,3,1
-4.059652792362259,-7.250453743114255,0.9507843166275208,8,0
-3.4692495528322422,-6.614921898877664,-1.1813504681997387,8,1
5.889385355132176,4.958346866998904,-0.7245371813994063,8,1
-5.517224261644536,4.046583682085885,-4.1417105419007605,2,1
1.081906971663336,-7.68475439206103,-0.7400171404696482,5,0
-1.0239919786855185,-6.866063334371294,3.5662757993375074,8,0
-6.188667431471201,-2.0117485991334796,-0.3685924771436377,2,0
2.0013738675621,-7.508173461856506,-0.42694126365087925,6,1
5.8960192489311,3.424186841355544,-2.1359526930685084,6,1
6.107850118498073,6.789427539239192,-0.9692620425232796,8,1
-3.8092990894362067,-7.753586788194802,-0.2672553317643711,6,0
-1.6910296881406848,-7.807735133882374,0.6866550614835626,4,0
1.063316428453419,-6.333546039359473,-3.6930274676033252,7,1
2.4136229281203367,9.041382278670593,-0.6601571783087604,5,0
-22.91010328632527,-3.0168716558464044,6.0599325728416975,1,0
-3.791915493362578,-4.353002415957069,-0.25168380569249826,3,1
2.3160020425260557,8.129217522397518,3.0616389270088185,6,0
-5.065638070218489,-0.7317029296457679,3.6019881848294286,2,0
-4.577557304350635,-7.050203644894353,0.6363276459505193,2,0
0.0974207469740953,7.513448966251439,-0.9096464705923375,1,1
-5.638436004698293,5.966057104526344,-1.05060760602475,1,1
0.25963868132754864,8.48241217026634,-2.168796111414771,4,1
5.727588084679211,-3.9730755610730526,-0.6048147891237978,8,1
1.5977264432549774,7.576987144658225,1.4922416082623384,7,1
4.839131309250243,7.05053305453189,-0.9378095530896121,6,1
8.678539470088712,1.904740228479336,-4.05584605753903,2,1
9.151429406146972,2.312944607671657,5.135246781101669,6,0
2.2502104278710378,6.465491534463322,-1.4016166516922852,4,1
-6.328913421308853,-4.257965102756431,2.046675413301372,5,0
9.340616648141951,0.9088723337952715,0.07574638138050524,6,0
-0.6174626286691327,7.5734740926263555,0.4118126442583875,2,1
6.690039518118966,1.5528181935840706,0.1505654696202657,8,1
-7.084755768580697,3.283609017637436,1.7809379018135547,2,0
9.639766615571627,2.84329494405481,0.6273992985435299,5,0
-6.337744931985648,-3.281578158984443,-1.4814003721459565,3,0
-4.320761247243549,-7.545833321186258,0.8523251337847724,3,0
1.063744975753286,-8.089104210102278,-3.0478166965677187,3,0
3.7308768012167968,8.681881313416232,-0.09848240103278734,5,1
6.7271033952454475,-4.548202546012851,-0.08994751609295872,4,0
-2.929921449842016,-7.93174359269062,-0.27895379290063305,2,0
7.383103732667423,1.8008689767059725,0.2558179725266722,6,0
-7.518275551833006,2.904723698527742,-0.5896984266590187,1,0
2.57992324161949,-7.35698682883073,0.023335670369999707,7,1
-0.6241104491729721,5.262009365913507,1.302186515062655,2,1
-7.102148155144084,5.063653247015724,0.5944755759959288,1,0
-3.9983819461920684,-5.927676223833932,-0.06762463137864097,5,1
6.050997108886689,2.4875091820009203,4.296943381940959,8,1
6.630376138035713,-3.043721783188436,0.34555066292713,6,1
5.653976376153349,6.764562085123373,0.65362797176699,2,0
8.06107645010885,1.2414579366344933,0.5562227394491802,5,1
7.744030444756376,-0.5731486510648454,-2.385382424127479,5,0
-6.76957907815521,5.057620662171473,-0.675151093609642,2,0
7.394638929532785,-4.371152593794224,0.15127067561512492,8,0
2.176342622786923,-6.255167892367773,-0.00982326666483777,8,0
7.28460257334804,-4.824158816565234,0.04766729620419062,8,0
-7.638360323487539,-1.1130750169064696,3.916195074569394,2,0
-7.541688696041836,3.012238646686646,3.4754458706021314,6,0
-6.892371472414099,7.250786872020822,-0.14905639819917246,1,1
5.732873516120409,2.878140558839441,0.5326055656655893,1,1
7.108462040120532,-3.6639696884887805,-0.023535640031908826,3,0
-8.706061406364595,1.3613891023381033,2.3341219055385203,1,0
-7.791275105164946,1.0424588374211885,4.141056500801758,2,0
-9.058509414594848,-0.6365424718530447,1.5993599335259454,2,0
0.5945649296211459,-5.893591764514629,5.925974871923794,2,0
2.3266488408642307,9.724148435648313,-1.2093782565861604,3,0
-0.27293079273465803,-8.099328681157964,-0.9797584468923937,1,0
-2.821349603631618,-10.435969468093425,-2.8203803008987167,3,0
4.277842962170456,-4.719670716850876,-1.7111597258527356,3,0
7.160244834390463,0.22634774397036536,1.0421073333215538,8,0
3.282024379583282,7.395005243008579,-1.3341099395271356,5,0
-6.581903361778584,-0.0918806246956978,-0.905016017287912,6,1
3.376454085857135,-4.969512724961902,-2.4454263288192237,3,0
8.541680261761215,-1.9987933839792316,1.0763940699929315,8,0
-4.913271658279623,-5.856232216329268,0.06631244059406223,3,0
2.816661500066877,7.706405664700556,-1.4944307395705947,3,0
3.8028746767401724,4.946569259498798,0.4584574466571881,8,1
-5.381599896333191,-5.4094556919833865,4.098189666012016,1,0
1.9228221767893405,9.004826704491098,-0.09113912308959037,3,1
-6.337261975174097,-3.5778204581556454,0.6772948818377406,1,0
4.888184135050279,-7.883406273390828,1.10905194080403,2,1
-6.104308004807823,5.762501946453921,-0.6006024688977876,1,1
-6.614193498748291,6.319031811180986,0.12259797378445439,4,0
7.289274176826734,1.2203422733155662,2.2275102462413536,4,1
0.501360215895087,7.1613926038403335,0.6206679115199614,4,1
-3.4452677979373205,-6.53871361716761,-1.7749056525085358,5,1
-5.005972352819254,4.697432174405834,0.15375164445697131,4,1
5.2142044055719055,6.301820962137832,-1.192649161766437,6,1
4.8945009118168645,2.4263767357644728,-0.6571536377291256,8,0
7.518550405302018,3.6389678258696447,-1.263003961305886,8,0
-5.567172984952341,-6.091780806763176,2.8368681229664254,1,0
-5.2734887035803855,-5.987329054775129,1.6618558372856571,4,0
-7.03325168806695,1.1260254390723365,-0.20272432019955075,2,0
-6.653319900427514,1.1746480324863822,-0.09208005923697765,2,0
4.8879440116155735,6.119833984919723,-0.954887742917147,2,0
-8.055828400649267,0.4103700275423602,-1.3123259357105994,1,1
6.181850739142574,2.172706236997555,0.5323920378307868,5,1
5.719788334723734,-3.3582370529391663,-0.8288855493588828,8,1
7.557191714150781,2.199880381319594,0.4455588973722314,4,0
-6.273708476258496,2.652995795063997,-0.4695593579122134,1,1
7.310113763374887,0.8092308489376753,-1.9836481315308359,6,0
2.7303503184475457,-8.590241794279308,0.29311472248822434,2,0
4.253635388837129,6.136884444000153,-2.164031473299795,5,0
6.928795190011301,-3.4918473970899373,-0.02283673696278187,8,1
8.256892796984943,2.5000984343689354,0.03432522806869558,6,1
3.7151640583436913,-8.300175716680128,-0.15724920325539238,4,0
-4.040063711486157,-6.111501852031952,1.1938928883204178,3,0
0.7022187416873619,7.280468791129145,-0.3114410973024301,6,0
3.271770163847607,6.3279200993233315,0.324840388829399,3,0
-5.439736374333166,5.9623281635476015,-1.010088504061642,4,0
2.521077693801808,-7.339485938033801,-1.03737956798758,2,0
5.396263148917638,-7.926725289729623,-1.3854235927933758,7,0
3.224448525891676,5.38615217421212,2.8066162099057435,2,1
-2.799845486338992,6.581242926951048,0.7199792548561857,5,0
0.7539338059648305,8.207378089806243,-0.531246306837194,4,0
6.3445318329227005,6.550611345601853,0.386502637202835,6,1
-6.409041751201797,-5.055452596285252,-0.9352254029883204,4,0
-3.286985782295736,6.525589656010811,1.763569371497054,2,0
1.1136768753857897,4.801742762785725,0.31064541403572976,5,0
4.0840202940038,-5.448754423928749,-0.31677730688916816,6,1
1.1160690256606443,-7.2707162879808624,-0.23605789132692176,4,0
1.1142185691328805,-5.985135954748973,1.6236768622207352,7,0
8.763793681182237,1.556518369565778,0.558139958146873,7,0
25.238562279676394,-14.571878026341587,5.166531574769139,8,0
-8.60585300895092,-4.041307250936653,-0.08576996758801118,5,0
-8.756356645996638,-0.5560632389362905,-0.8705407412319315,3,0
8.78040306221256,0.4977057626050217,-1.297350874984069,4,0
6.394072754473078,-4.738024195325297,0.39052271792465404,4,1
-10.010047794619624,-3.693578980217217,1.1365114262721279,2,1
3.253484141369165,-7.967475663251412,-1.131240221654127,6,0
-4.707188893323249,-5.226918464864339,-2.296657202346691,1,1
2.2391015305640867,-8.98033259576018,0.47700511582179933,3,0
-3.6005871047376887,-5.780619920928906,-0.4669722681075141,2,0
8.566160153786596,-3.21562358567872,-0.05705301875402026,3,0
-0.3350513251193201,8.212082369195393,-0.24588870631964602,2,0
2.755224582492403,7.665949712844499,-1.480006371334222,5,0
-2.4355424944392015,-8.142077839801795,0.9506844261990669,3,0
-8.639407693055363,-1.2151833851632747,0.41386090788853147,1,0
-5.1308415940893175,-3.7857915340342023,-1.363359709193523,1,0
-2.34532590235944,-7.377942416985877,-1.05375035775926,3,1
-7.2577037037991134,-0.005989144470218033,0.5381661460842861,1,0
2.749585282456291,-6.941914036760334,0.4771523726190288,8,1
-3.3166530698803003,6.828249803332993,0.46122780015245946,7,1
6.442899500821985,-5.544056212404895,2.1179780530490704,5,0
5.4083550313858915,5.462722830879915,-1.9587584911938407,3,0
-4.490559732865959,-8.063493256174853,-2.2727724817151076,4,0
5.2459626101307695,-4.731493279515811,0.2841875919463471,7,0
-2.0598764752542675,6.232722672718572,1.3135198524040412,8,1
-3.984311958371587,7.577256401034507,-1.5626274311911321,7,1
-2.1930025834972104,9.101894631230481,0.15025014010327117,1,1
-7.274392894867302,-3.515836109447731,0.19867597281540317,5,1
-8.138227509129754,3.77941410032821,-1.5138827331897924,1,0
6.936512124376414,5.772659760195029,-0.9000663131247766,7,0
6.469766024283665,-4.502256361265495,-0.13953545392426092,8,0
3.5239167790982764,7.7530706438759385,0.47571903797816373,7,0
-6.449972514612355,-2.426633872272562,-0.9048741711490241,4,1
-6.695443017309564,-4.969385696920448,0.31783650529309704,2,1
8.531885562167014,1.0116168009478237,0.5899210002528331,5,1
6.274687241870203,2.6665594229862166,-1.3153862295154994,8,0
8.46814598508608,-0.16874763244665236,0.09895436819745265,5,1
-3.1827031277696194,-6.060798441835487,-1.7290416685716368,7,0
8.662149952120764,2.3743846601719234,-0.9830170787791296,5,1
2.807643063720632,-7.014568566890949,0.09010104841589081,4,0
-8.644160421612284,-0.6293957069835333,-1.1806647765175253,1,1
7.193735606274416,3.3051542107761,0.10966124102878021,3,1
-4.938299464831746,-8.489640927557103,-3.3654279691180538,1,1
-7.7699575367502165,0.9383576093967121,0.12345823921556638,4,1
2.2451416442784833,10.446045693018263,0.47088843451413265,2,1
4.832318867371002,-5.115054327955527,0.7798670520814965,8,0
-0.7654210671842783,8.796802462781358,-0.2874949247664099,4,1
-1.0683231106373539,8.88241929486482,3.916304204508482,2,0
-1.0854283646825937,9.581121671660892,0.6568272572454082,5,1
2.158824099374987,-8.804158864246343,1.705291089500767,1,0
-1.85630842195019,-9.24514402749225,2.976874596376359,4,0
8.085594991196784,-4.3492191773283215,0.4813012731652863,6,0
2.3843825167660557,7.823328837563637,0.014110880445032501,2,1
-0.04424639876740222,-5.154716874101752,2.482382130818061,3,0
-22.190004700276305,-12.77572916437162,6.558956946245392,4,0
-1.7374241734688833,9.498245359208918,-0.03428946628377399,4,0
7.599884548605726,1.6681738178900583,-1.5023964581952483,7,1
3.596339358542603,-8.371953161102027,4.147642324379872,4,0
-0.24210100814430952,9.76934022369411,0.007585160651132855,2,0
-5.544387877761957,-6.7289313560467345,-0.21001741246194647,2,0
-8.077885629820955,-1.3451315134302624,-0.3242281037694969,1,1
6.020976881415807,0.4782789697313289,0.07165830777264275,3,1
10.457166904378404,1.746802307281457,-4.11463526116989,3,1
3.7194200487465094,-6.038917129832289,-0.1520383925148773,1,0
-22.68812972092141,1.9085811859986255,5.0978794972142785,2,0
-2.4659066517591492,-5.4573227509301585,0.9554728867260296,3,0
-9.1774082380398,1.7489166609774767,0.7167652699211481,1,0
0.08940423584083046,-7.892207754982228,-0.8939662123281719,5,1
5.330398045777482,6.210185275494946,5.767212048666726,3,0
-7.2342056558885535,3.764528057715161,0.06600906173824955,1,1
-3.619034718440723,6.694275561840512,0.9820149274833533,6,0
-8.584258935793152,1.5338568173084548,1.4450144274436763,7,1
-7.354594129405505,1.7434590301248716,-0.8201206219212188,3,1
5.924483678170194,6.692121606898645,-2.1771682558645016,6,0
9.05639338218722,-1.8163387602363883,-0.3788908393831321,5,1
7.131061946121901,1.9135481016463933,1.6617614332047077,5,0
8.113936717386435,0.3034663456738277,0.17477269677663923,7,1
-4.902523046197359,6.373431637998112,0.7288685808254435,6,0
-7.074546624801604,-4.105506578053269,1.313159512615033,4,0
3.0115910796582215,8.931195651015138,-1.7683249221304718,7,1
-9.160182522121858,-1.3390435890251395,0.38148156018241763,1,1
-1.547584965101233,-9.858448152238807,-1.0327440811987139,5,0
7.30127814452643,2.533598027889216,1.171086061252884,5,1
7.670044172752894,0.3225099018927915,-2.563204867366158,6,1
-4.675712984126606,5.938294944814608,0.5942188393856144,5,0
-4.2049022816304245,-6.490302041631883,0.10579928691947722,2,0
5.735918713222758,6.402212405507825,0.7392737962295001,4,1
-3.1817932621273886,-8.201811800728544,-1.7835655073342125,4,0
5.172411343771685,-7.974251944112658,1.7690313977045993,6,0
8.08779243383904,4.6977262158208895,0.2365574943190242,7,1
6.500619438890196,6.5598852358942485,0.5041828078631636,8,1
-1.7030218395691612,7.369250391598838,1.1983354658212233,7,1
7.934549016118478,1.312081537829699,0.9801550025697741,8,1
6.982870125079396,-1.9034997589215552,-0.08698354749837552,7,1
-5.0353418259448315,-5.3711832394234555,0.6006610811725723,2,1
-5.886547146215649,-5.207653676161519,0.1876043418727897,2,0
7.577661610339796,-0.6096148385226019,-0.15320294772477133,7,1
3.8579290679975973,-7.317571501054102,1.2581750419191686,5,0
2.87250703675267,-7.860525543490026,-1.9212922268383354,5,0
-4.935564438010436,6.2685464680078375,0.5923454200084051,2,0
-2.403209348228131,7.600917886587128,-0.34297129472586396,8,1
-2.4192101785301747,8.708133969794622,-3.129216901724722,3,0
-6.154103180632957,7.944037257999545,-0.7040443150701299,3,1
-4.163195073684536,8.084958302618162,0.018982219318085285,2,1
6.110800480668834,6.601458680919377,0.5129499071478033,8,1
-3.649675623518671,5.666116916833964,4.0459449590219485,2,0
-7.951755034383604,2.5628729612410157,-0.36975855682126707,1,1
-1.545587657041161,6.594347774828881,0.3451533438193487,6,1
3.0952481729578363,7.131335871798949,-0.15447196946593206,6,0
-4.882543224723681,5.009989904144183,-0.21115382301242738,2,0
-7.272089436752703,2.325779291363401,0.13706811232908575,1,0
