"x","y","z","D","B"
6.42240672904311,-1.75349136110471,1.17815063973712,4,0
-0.942176894886382,-9.42569967503042,0.536383361828498,8,1
-7.07088516253096,-1.70921790803976,0.38658864632088,1,0
0.637807288212574,7.16610032013493,-0.890803903176993,6,0
-2.78931545164457,7.17402004500601,-1.80427491442936,2,0
-1.18386527464203,-6.63744100117936,3.89172126148925,8,1
1.07720950823246,7.6325574267488,0.309076413956549,7,0
-3.39983261180757,6.91354351283254,1.72324642985448,3,0
7.8042019518557,-1.854736319016,0.574364134181633,5,1
-2.15541189113,6.57570063378086,2.08731217636599,6,0
-5.32145917758905,-7.70839776637852,-0.324702274112646,4,1
-8.99717390899926,-1.95239926866428,0.687168247779138,1,1
7.40738386917208,1.52670929377687,-2.50411827055627,8,0
2.41978838727943,8.07084056089376,-1.25292642789249,6,0
4.88851907406044,-6.19598964951664,-2.23112804849673,5,1
-4.41311789599787,-5.62499259552151,-0.35830344209036,3,0
-7.11557827505141,0.103157353961653,-0.17689557618568,4,1
-9.54080224411628,-2.00002542222515,1.78493986142011,1,0
0.45890821976383,8.19137512886043,0.95924937955484,7,0
3.45383581817104,-6.01283360571495,1.53122351597611,6,1
0.705122616468299,9.06992531590812,-1.4614534815655,1,0
-3.71960305200319,7.28723729470007,0.102618279233486,1,0
8.30987193150093,-2.73577273754184,-2.06472728502727,5,0
5.83642933544337,3.97835373895443,-5.99168312583337,5,1
7.20074928621902,6.54748510032517,1.70663576873934,1,0
-7.75459985674907,-0.582038662806453,1.02161480127441,2,0
7.62616132592638,-2.03507486690261,5.70071208787168,4,0
-1.41517372265064,5.97019673494452,0.348584091584703,4,0
7.26603077439167,-1.55255761000522,-1.64875828865286,4,0
5.20217471178655,7.88521176241116,-0.623385888910366,1,1
-7.5650457637489,1.64622872045475,0.695409641741467,1,0
-8.81737619027758,-1.43406519144518,-0.696768379316215,3,0
24.2492398150962,3.16119530148225,5.01979803169105,8,1
0.678629347899755,7.0743328560478,-1.46092605569902,4,1
-1.29652493985767,-6.69853757778857,0.59549281899316,5,1
3.72729221458083,7.91815259245613,1.28217871044215,7,1
-5.8680797973281,-5.06126658776783,2.43272247294166,6,0
-7.0306667148887,5.6856899914284,-2.6572131886666,1,0
-9.45671321853859,-2.75831134659384,0.308073833600724,4,1
-9.39462655389321,0.387566362248883,-2.35979450662069,1,0
2.27208112368516,5.75224601902247,0.0615058397235337,4,1
8.55894092478057,-0.240246643893003,1.23124876704378,8,1
8.1684870935966,3.99536207596405,0.778333641834748,8,0
3.02315887161842,-7.47924688283932,0.542743633013853,3,0
-6.90416402457299,-0.474719559573455,-1.80101152392106,5,0
-2.73594339049014,-6.93239303615066,-1.04515943371819,4,0
4.34529921509484,6.6793281747487,-0.608533633308146,2,0
3.14225617074331,-7.62157138689274,1.70105904084624,4,0
-7.7317663778382,-5.26876550241832,-0.50787644704364,1,0
-1.29284100128557,-7.93697653191092,-1.82391295367316,2,0
-3.54000400565691,-6.65720560407911,0.344876355910331,3,0
0.738076846374046,9.07112258123786,-0.929533965890747,4,0
7.61345920258985,3.34698529957404,-0.346378443087917,5,0
-5.56231960222813,7.86517562559641,-0.241579090620888,4,0
-0.855999658854209,-8.29522063758186,-0.417849989767674,1,0
7.73920637001554,3.07361562145985,-0.0913468524519552,8,1
6.8825211039744,-1.92805343128454,0.899055843084379,2,0
5.8467737504434,-5.70158015780876,0.934060647684823,8,1
1.40183191759348,-8.13143090194456,1.28976652260544,3,0
-4.54134869366393,4.9804697554945,-1.02529893422782,2,0
-3.94901277286562,-6.1114370657937,-1.31784725574239,3,0
6.77978402840041,4.48995702039361,1.01813121509361,8,0
8.35151026077852,0.276355899437762,0.0412538747194495,6,1
5.23738548561508,7.89998391236321,0.360649213005849,7,0
0.936151704701648,-8.11199382540857,-0.762417222103799,7,0
-6.17184926088083,-5.56079581585581,0.122979233435675,5,0
-5.80238315273969,1.67238165582825,-1.09597864766335,7,1
-13.0603278583457,-21.5871027415494,-1.83594876299114,1,1
-7.58648368112272,-1.54162479675794,0.696242207494566,3,0
-9.22757014390346,3.24247019569934,1.20196770187576,2,1
5.87403057015259,-5.6630875733985,-0.104196087231026,2,0
-3.39355932708004,7.73509933072841,-0.423806374573415,3,1
7.68064507330488,4.00502272035473,-0.144175224668063,5,1
-3.49563004009655,6.6671848680036,-0.951366699450986,6,1
8.16123655940547,-1.46418501163624,2.28401167757827,6,0
-6.61218472124283,4.3699383578569,1.97000497777439,6,0
-6.93236298076756,-3.33268686091506,1.33532586016947,4,0
1.95840032726067,-8.26771052995806,-0.0900456560814879,2,1
-3.42940516683397,-8.03266790421968,-2.56461121026907,1,1
-7.08011887321467,-3.53884950947708,-0.824507895312397,2,1
7.44786258647225,-2.8442267684891,-1.08998898330156,6,0
4.50714858462772,-6.24796189517783,-1.39373529996827,4,0
7.43619945455109,2.2132550601409,-1.08927933848229,5,0
-3.40291700683276,6.37718328273436,0.370866628612892,3,0
8.0468412709943,-1.97137686626081,5.6116399660944,3,0
-0.552506488032633,-9.67987512332621,-0.670783675072805,4,1
6.11962925427504,-1.03916487289471,0.835890467546977,4,0
-5.63286774724103,0.632251640163967,-0.218773563123334,7,0
2.69557552036878,-7.1523501509852,-1.93017247498909,2,0
5.67448913932956,-3.93004583266102,-0.614830565446343,2,0
-3.87868876481257,8.37361442472514,0.247352601396595,3,0
-0.684905285336393,6.55135508947904,-2.4429735239356,1,0
-6.66681355144666,-4.09198247664753,-0.721599106348274,2,1
2.41311347030339,8.64747743399046,-0.664627984484863,5,0
-0.778939671254298,9.04900950989184,1.19122314429565,8,0
8.57761565802961,-3.89873738852032,-0.868650557406935,7,0
-7.04488608476106,2.9641729687987,1.28763928038666,1,1
-5.50750121096075,7.42409147433721,0.633551159559406,4,1
3.7971698807797,8.05362151852865,0.927883339145384,1,0
7.08947222590546,-5.83898463111803,0.0566902830728408,6,1
-6.02144200828377,5.04686771826018,-1.40269047270346,2,1
3.75439003939696,8.05602496257921,0.636149859234323,8,1
5.94812224081087,-3.01610199837563,0.381759866959208,6,0
-5.76602404525899,-3.6834651165894,-0.200759306526552,2,1
0.709594418041968,-6.97476717227216,-0.602151102113733,5,1
8.40067593856549,5.7287373083572,1.27657655949824,8,1
9.05354835765412,3.41020582133698,1.21634897741494,8,1
6.04030071528016,-3.74340035530883,-1.78816439471998,7,1
9.19973137114007,-2.13155442631018,0.00195073136510925,6,0
3.21624416789732,7.44313683601206,1.58937439883778,5,1
2.85498385470128,-8.27786262707941,0.756156205501282,8,1
-4.33104885249358,-7.54076684831499,-0.00823967496205374,3,0
3.77196316968914,-6.02868726694334,0.406886982655627,3,0
6.08639780344818,2.78533821055557,0.307105346714005,5,1
-1.41005199230332,-7.3380433860195,-1.39501457545658,3,0
-4.04379506240082,-4.48877442004912,-1.02462811454593,5,0
0.74248462457356,7.25214881864913,-0.92783853569171,2,0
-5.60496778575071,-1.19806676470559,2.80868761939081,5,0
5.22279230566541,7.90426024393676,-0.61314020508829,6,1
1.13643145650655,-7.58413787465679,0.269394322675389,6,1
0.250303496742353,-6.98187388079055,-0.931287483832939,5,0
-4.53856801175211,6.84661027680359,-1.05209464641242,1,1
1.60781429320394,7.57803280143667,1.11674882340248,2,1
-2.19160577055262,-7.7343172572901,0.295101675697635,5,0
3.58675647918871,-6.74863557922925,-0.511743175667805,7,0
8.7855587118125,-2.56238755840003,-0.640590621780077,7,1
6.1632279592465,5.75502112475293,3.91489809109944,6,0
-5.88664124502725,-8.11592052048985,0.855075471692845,5,1
5.7335625038924,6.23491790746344,1.15678003049428,6,0
5.53556680924354,7.38720255595749,0.974323826352187,6,0
3.55527785464847,-7.36010553811315,1.77118615595191,6,0
3.39686163267698,7.2248029202043,0.231673880208148,8,1
-4.71401102754959,6.06862627236448,0.195971751988331,6,0
-8.03429606391499,-0.141524468128859,-0.88765348098007,2,1
3.33658223866362,-6.6807460995908,-1.89800376798542,3,0
1.08417183576958,6.47825388066827,1.62395101273906,6,0
-3.02743637686157,7.65050592167848,1.14426112730432,3,0
8.70100274128111,1.16723885049086,-2.06020783432452,6,1
-7.74638293769655,-0.135726947221299,1.02337437227894,4,0
5.71948281047237,6.04718139398158,-1.88838425138069,4,0
-8.69101854889549,-3.07885687628644,-0.871931504590461,3,1
7.17892731961547,4.11706874701099,-0.353494530145471,8,1
-3.75647136491984,5.65730689601794,1.46945726380143,3,0
5.10837581027591,-6.80515117508027,2.12241269693476,8,0
4.78058955387299,7.04972197551629,0.118759604505173,1,0
-3.10370821826769,-8.34661874481981,0.185984825432947,4,0
-0.665238722344611,-6.8945234539233,-0.412539721702192,8,0
-8.23930512592778,-3.04036930130275,-0.902584478881639,2,1
-8.29519482512427,-0.543450884669776,2.24110626862607,1,1
1.14252396326796,8.463744226666,-2.08260261707463,1,0
-1.30359523448261,-9.3483296998881,-1.57384639418555,4,1
-2.53169432622353,-7.43986098768961,1.21088666131208,4,0
9.65316666586407,-2.21917392910219,-0.0674535307152254,6,1
4.95235656048889,-0.105356368301386,0.347439868047088,6,1
3.51519908148295,-5.80793985186624,1.86441757350329,5,0
7.38808702716572,2.95904675158693,3.2557959054768,8,0
-3.55608301295654,-6.65493354909334,-0.348055237737079,6,0
3.12735703881124,-5.94495244579197,-0.5584839032002,8,0
7.15297439341848,3.3123634062472,1.38984776055047,8,0
6.68648791921527,-5.27681610325301,2.58150669229662,8,0
-1.79248153226764,-6.99117070840253,1.57991716058298,8,1
-2.45312589655109,-8.15007165551168,0.480173408828426,3,0
8.42663374893892,1.86578048122891,-1.02953881899106,5,1
7.47915674461746,2.2240113725333,0.162626642347343,8,1
5.74662637604672,5.81019545233522,1.15827034423745,5,0
-8.32553498300567,-2.52820791747377,2.2463049477693,1,0
-7.39131104506448,-2.68485112995654,0.350682471435264,1,1
-1.05016211926321,9.5546210748998,2.45336934575603,2,1
-7.35369008254918,-2.64229200530098,0.503272300848029,1,0
2.71812206609994,7.66727221436276,-0.59703908448988,4,1
-2.95714494259493,-9.12559398462416,1.19190692679687,6,1
3.26223801792509,-8.32313134086985,-1.03334673996207,1,0
-1.43013961216212,-8.88914817885044,-0.736155912215542,3,0
10.1898273724106,-1.49475524220847,0.903511591132731,8,1
1.43324514833039,8.38109004028913,1.48187078365255,8,1
6.69590348549515,-5.45943889720019,0.261127756883073,3,0
-4.4988464647591,-7.63302673039205,-2.98556258009242,1,1
6.26240133059377,-5.52773777624672,-0.559738693978938,7,0
1.7160217604885,-6.62692454849346,-1.62641921674591,2,1
-2.10290108872736,-7.34425671889342,0.315676257614981,3,0
8.83670311884757,1.66206841834502,-1.30672327038366,6,0
-5.69694105266822,-3.14185045222611,0.190403876414076,2,1
1.12394715099739,7.67807875224957,-1.70111278687069,4,1
-6.03683106536652,5.04934092113361,-0.443491546442519,5,1
-0.213015692336442,-8.42465283624684,0.168987853117374,5,0
-1.10132125458057,-5.86360691471179,1.80794900147885,4,0
-6.54388899667405,3.07948803054308,-0.392876624107806,5,1
6.65192861663306,-5.27392537116786,0.535307990136476,8,1
8.17742999312178,4.21812861696824,-1.39472231015182,6,0
-7.89870190062495,0.138407872586423,2.16492296978112,4,0
2.74197513240265,7.18178962643912,0.106165881219901,1,1
6.94518612919082,1.18094517601092,-0.901176935076574,8,0
0.706582894743085,-6.99574231604448,0.398413910251951,5,0
7.74829294345474,-0.938721311482501,-0.537435031371302,7,1
2.51554093583782,-7.55610471904635,-0.0765107901253877,7,0
5.26858086315283,-3.31539294261513,0.361248630939437,8,1
7.8225619516184,1.6982855807974,-0.0891416586199651,5,0
-4.68654171462552,6.07133074739194,0.0703512357510779,4,0
3.36739724010018,7.18925972520425,-1.06128098875585,2,0
5.92210283037727,-5.07573912930757,-0.80242052357592,8,1
-3.55201111542126,-5.7571874477617,0.538214084965311,4,0
-2.80252067464412,-7.45091637017022,0.10314865869328,3,0
-2.23103221596162,-5.72653135301548,-0.872397732755873,1,0
3.41446303219069,5.61646600323326,1.17969573032664,4,1
-7.77155023218045,3.7709673408891,0.620474788637264,2,0
-8.05120741196732,0.885468397635882,0.035905517310622,6,0
5.12975590791534,-7.86753905076023,4.40132547746327,7,0
5.64105094042816,-4.79270724538486,-0.320854281552505,6,0
-2.89811633264657,7.8716018590773,2.04856030752518,2,1
1.31459653795453,6.83616213389257,0.497444822848744,6,0
9.66729465229346,2.38523946945946,-0.0296607665872296,6,1
-5.43282560199564,4.90192532570205,0.413029658511626,2,1
-6.58392773797333,5.3128691576894,0.261467165594021,2,0
3.05671112904239,-7.61839844335985,1.39650043345899,5,0
-7.18550159128553,-4.43546479559364,-2.51820441403476,2,0
-9.11465009107958,1.47021156910999,-1.66979402041658,5,0
5.45500363003408,-4.02097576926877,0.649189562538002,5,0
8.79574286273963,0.485660250985471,0.108104708841321,8,1
0.414753617182321,-7.82418805639127,0.392047148389912,8,1
-1.48232337524437,-8.87975461358428,0.371535356506268,5,0
0.478434460873243,6.45107326016266,-1.76971560527978,7,0
5.30360240793579,7.1044202901603,-1.94023065505449,2,0
-6.32718247730782,7.66037433526716,-0.373167322280951,5,1
-1.80013260611213,-6.57846138366425,-1.82183077306737,5,0
1.96539474486777,-8.26439192831222,-0.487659398493,1,0
-8.06422373245961,-3.10367797446252,-0.128627635483999,3,1
9.11223157447277,2.33670309015368,-0.254444396812368,7,1
8.82746329278595,0.489138180038652,0.108590901544278,5,0
6.97572834836458,-5.22935567999681,-1.55060283568085,4,1
-9.16630495677632,0.110195766492401,1.11383716933335,1,1
7.84188054358484,2.2532368359889,-0.0888425258776784,8,1
-0.4558698798485,-6.08743384310446,-2.104380953573,2,0
-7.00675409394929,-4.86038849417845,-0.774002643642557,5,1
-2.09548864796459,-6.78819104612419,-2.23693849969862,5,0
-1.96877552490105,-8.21527908611006,-0.719029769649791,5,0
-2.50810979176579,6.6889800169527,-3.61650507721496,3,1
-0.0888685253392172,-9.19890804249725,0.897281414236188,1,0
-8.06282442103385,-2.40991824734668,-0.323558558193818,1,0
-3.05506284390502,-7.01875980442243,1.73485691515211,3,0
5.63019634372064,-6.91389218303111,-2.32929333975599,4,1
5.89232639467842,7.26777330742826,0.893752192950558,8,1
7.73210389487257,-2.31560877693283,0.90619285698903,4,0
6.61696177279131,-5.45771907392197,-0.648633469857568,1,0
-0.626541065496223,-12.0239277259626,-0.266127496904221,2,0
7.02779839550244,0.910874572312814,0.537208079311505,6,1
-0.622163918599623,-8.23668766866348,6.92294626689597,7,0
5.02670361315033,-5.90952930906976,0.0421278658626618,8,1
-8.58628228263101,6.23801993721332,-3.4975728568469,1,1
3.26689112337412,7.39905483252146,-1.4998685311871,2,0
4.12196222588496,7.22060573321713,3.74162295018319,8,1
1.70602785333004,10.535429773364,0.141338332170201,8,1
8.00513919460482,0.262745203114806,1.27065271443204,1,0
8.27364151226657,-5.08518252166064,0.0833321352030807,5,0
-4.30736245557798,-6.07742375124721,1.7751324277847,2,1
-5.03391503648559,5.37868808144657,0.155701938963401,2,0
19.3449109313069,-15.4426322292645,7.16150064296814,8,1
-0.78549287224015,-8.46614355044637,0.843375531534274,3,1
-4.46225750653996,-5.76559464129743,0.355098795060798,2,0
6.67573809957881,4.42930140943622,-0.648042608574858,2,0
-5.39754449184202,4.87745651343156,0.084178917905028,3,1
-0.575642634397835,-10.5115915897728,-0.121839262770611,1,0
6.72619761767356,-4.49936496069975,-0.203768086297007,3,0
2.56049811329715,-7.35668996281956,-1.21414285860657,6,0
-8.20071330556953,5.46480281002701,2.83004583138268,3,0
-7.38950268415086,1.05712989495044,-0.177784157504529,4,0
6.65913790709402,-5.2712484450219,0.790080570305063,4,1
4.43399590053176,7.63827932132104,-2.1483185928971,2,1
4.63808130629119,-6.29686694181544,-0.0207558717783769,7,1
-8.07125324399366,-2.63303784373826,0.446590656237116,1,0
-3.25923260141156,-7.53220435721101,0.458851102806803,4,0
-7.95166060500576,4.27668050634856,-1.07842734041444,1,1
5.61870217906676,4.01401580533163,-0.00484042383906874,5,0
7.66742784576891,0.297592991882183,-2.59029593093912,6,1
-24.9025975684899,-2.382635584792,4.71147856380757,2,0
6.4545588708893,-5.53517770405345,1.56663168240131,8,0
-4.24855882180892,-7.42288711587299,0.565600773153389,2,0
8.18154991320319,3.85567621936605,-3.83625589928576,3,1
6.84015328275392,3.19882036336123,0.583041214204092,5,1
6.54887665078728,-4.57065820871404,-0.802875350883673,3,1
0.0593921496605196,-6.8389196525489,0.550006284908346,5,0
-8.25625832358369,1.58432124952462,-0.161373927920894,2,0
7.60576402609107,-0.736728373968609,1.04254646100672,4,0
1.43985465402429,27.0362897519286,0.223144194237142,3,0
-5.33677626802291,-5.53145636999858,0.142174576498712,2,0
-4.30306686666539,8.60087798801338,1.77569957355643,2,1
9.07476309105402,-0.875699373255239,1.50018155967195,8,1
4.54651318049042,3.98146604782886,0.900835336791267,2,0
5.71118239730443,5.08447920429583,0.52133647592724,8,1
-2.7266284076611,9.50018899880302,-1.46889378527305,2,0
-6.13395793321265,6.01489835495987,2.7613781013043,7,1
-7.99109831781145,6.61394863351537,0.506510216815001,1,1
-6.9284435900105,0.45805054409638,6.06558411472956,5,0
5.95161768489688,4.45887050026356,2.7304545532734,5,0
-7.82500984794797,-3.5682072108199,-0.0699858343352974,2,0
1.79621389800263,-8.56037093853626,-0.991660588353592,4,0
8.32564491887281,4.79181543028971,0.229249268903147,5,1
4.37944204302352,7.64123401712898,-0.49841260985757,5,1
-6.10334229812383,0.147189196163372,0.942325474423571,5,0
2.48470162185756,9.05406312851688,-0.796741025029194,7,1
-7.36654800928156,5.02164171999095,0.455407995334306,1,0
4.00034487309633,-8.0502441120163,1.48495185238945,5,1
-0.00411364685742243,8.63086876161286,-3.0356559830342,5,0
-1.00734120737498,-9.42070710537915,-0.488924346482232,4,0
-6.83026102234327,-2.26035428712474,0.255403542424703,5,1
3.28494428708276,-6.06756787802537,-0.822137898767821,6,0
-7.34425512248046,2.54741771974421,-0.547908962933845,5,0
3.39896573275169,6.41490472340052,-0.181161271986557,5,1
3.27783729172801,7.40118896555251,-1.56707538431546,5,0
-6.69872830799444,6.53611948370575,-1.39713554377285,3,1
-4.48786203027931,-6.50622279926746,-0.00790432040957407,1,1
6.75498101860392,-6.04494473424541,-0.150967463621674,5,0
1.25213820834519,6.02290565219102,1.29028265255551,8,1
-4.35837316587776,-5.17818989891546,-0.756432323074581,3,0
9.6508031325023,0.890391748135432,-0.30931154919164,6,0
-1.69503937183615,9.44703789152547,0.770200551002737,4,1
-5.23755038130759,1.01229300135441,-0.375712790308733,5,0
-2.01081912996231,-7.35156208860199,0.480860043341861,1,0
-6.99092161049418,4.61726455856146,-0.0431290349034439,5,1
5.3083153876504,7.10565708041897,5.7505934233324,8,0
-0.973160035740917,-7.73975294742485,-0.423203527886725,7,0
5.43938017476802,4.59790390409819,1.21524367595862,6,1
2.68843781963577,7.67081403204981,-0.59649386525907,5,1
7.90095278344364,0.554832080288027,0.25835632067338,5,0
7.67532874597087,3.01692993407633,-0.0100046155919056,6,1
-3.8730105543919,-6.09574910899585,-0.794923623840245,1,1
4.82261692604737,5.10482292486561,0.629123394940499,2,0
-1.51587796434554,5.97249796907589,-1.04352167143569,5,1
8.61789086084323,0.0918120419405414,1.23220166973551,8,0
-9.50225562433032,0.0703010787915096,2.11429188441519,1,0
-2.89286162063985,7.87398462481399,-1.90437648655842,3,0
-3.2310911919129,-7.78708190008022,-0.949195001496598,4,1
-7.7745246426076,1.90349918061424,-2.74353109188201,1,1
-0.43789873787624,-9.35751404420284,0.383139004711965,3,0
-3.36332462094998,6.82319868868566,-1.03013325824186,6,0
-7.38768176196385,-0.538588499498797,-0.821363955868482,2,1
-4.50958447716962,4.98462881590631,-0.0247557064258409,3,0
-6.37793038495563,-5.58916584088382,-1.73442347527026,1,0
-7.72480477733623,-5.68254280809144,-0.585356579309315,1,0
-7.24953364266448,-2.10421892194353,-0.804819565582926,2,1
-9.11021494760553,-0.548283963667096,-1.47005802903247,1,1
5.25125073660803,-4.67659118553575,-1.2460786105618,6,1
3.29329132440973,-5.41330561106176,-0.0364590595454731,4,0
5.08231711360297,-7.5280161297575,0.679162575837986,7,1
3.56082296745443,6.48088696215145,-1.1594799518275,5,1
-6.46404421875176,-3.35539744621589,0.673979570833578,3,1
-6.15879444138684,-4.69925960013429,1.24480104701756,4,0
0.0659345521489112,7.40566026952807,-0.74242993854182,5,1
7.41021008776308,1.45576963168158,-0.904879926532436,7,0
7.55632626451068,0.409703855215219,1.90697501074275,8,1
-0.500776551044467,7.37385885669454,-3.67451498643967,4,0
3.91165045120674,-6.70772784609611,2.28947252948747,5,0
-9.89993598686647,-17.3906168985245,4.5536674214611,2,0
6.85466276447131,-1.11648059132256,-1.22343723176199,5,0
-4.22089742814517,7.31186136383538,0.654089577245259,1,0
0.466120467552907,-8.84102827547173,-4.02083447586876,6,1
6.88533437262811,0.120116170417697,2.09856579557628,7,1
-0.290795556055146,-8.00778892191265,-3.2889787741042,3,0
-5.90432444938465,5.99165582630813,-0.184637048008655,2,0
-2.63426679445655,9.07564381189559,1.38640085743047,3,0
-1.65022616387479,-7.90965276673147,-0.456406427864632,4,0
7.69657785572958,-6.20917678731954,0.737123194786647,6,0
21.2055001951724,-13.2932725889602,5.86506305833569,8,0
-8.45992463329077,-2.14044935756295,0.353124378240733,8,0
2.43293728896235,9.05860745605216,0.734741573283827,8,0
8.14830724478425,0.964814014964665,-0.0278906732355715,5,1
-8.84422815024084,-2.50696453250878,0.599541780821788,4,0
6.73010436546412,3.91264516486167,0.184339608176054,7,0
-7.47578014552135,1.55969328241706,-0.362915964455026,2,0
7.98728780183335,0.269481456595398,1.23764087869823,7,0
6.68779529372916,2.01874581434123,0.539205788656422,3,1
5.38969393887274,5.87668618497276,-1.38472658388816,5,1
3.82869193933968,3.49013595485927,-1.14290490547106,5,1
-7.38213429988405,-0.0520100556036006,-0.936866982769478,1,0
7.94862157790306,-2.43499851124415,-0.413720094469115,5,0
4.14202038852662,7.36554031970198,-0.707390169647487,6,0
-2.33627603644504,6.89785561616702,0.211649238584575,1,1
-3.19328089132159,-8.69634674372802,-0.820597434701321,4,1
-7.11384249613248,-2.78954751647005,0.980189188981037,1,0
-1.70727336387051,8.02393360896119,0.357764933664443,4,1
5.2091535553521,-5.45286127704107,-1.24493987832814,7,1
0.81450179915146,-6.4452708155706,-1.34376364886903,7,1
-7.23456501770412,-1.28883878163169,-1.0541337171937,2,1
-6.14845746145032,-0.645095789239031,-0.309978302748713,3,0
-1.18895042837087,-5.86060776955664,-0.106477811866813,4,0
-5.72438603931464,-3.13670961532228,0.866118475253035,4,1
1.57930102130067,-7.38263388744878,-0.862059430648499,7,1
7.35957667452053,2.4278945818567,-0.679292174239533,6,0
-6.70903589461701,-5.82643710898707,-0.166925499710462,2,1
1.31104786833417,6.19955426980599,-0.786244732629575,3,1
-3.62492714164984,6.91035559638311,-1.09143062190363,2,1
3.01049930915989,11.6127628930132,-0.851352825284455,8,1
-6.14388655135094,-0.606648564046627,2.33179404660126,3,0
-1.3878430260469,-7.3357740221824,0.619140722543606,4,1
-2.99128896534145,-7.94738947898001,-0.45433439494261,2,1
1.32208139690621,7.5938350525248,0.722404155458216,7,0
-9.04500805181247,2.7130103763114,0.874945687054105,2,1
7.29551128705394,-1.8373436904275,0.530444274682014,8,0
4.08289902369459,-7.97465250887436,-0.686215411088023,4,0
-7.76364420964091,2.30682113081065,1.02514161591651,2,0
-2.68653004025442,-8.03954153753824,-1.81987114972619,3,0
-3.71508606044824,5.05651994884848,1.07367709131504,3,0
6.7758043036648,4.49570398926155,1.3565869488869,2,0
-7.78766165238357,-4.22105938409724,-11.8491268648353,3,1
4.31001601773652,6.1335994110387,-2.15755480829013,5,1
-1.23025493959201,6.33410470311851,3.13830958556559,4,0
-8.07772896032581,-3.12715719394876,-0.0829295286016598,3,0
-6.77288213866694,0.193677407978705,-0.720952164022107,3,1
7.60696922434414,-2.11341621575138,-0.345989169438598,5,0
9.23934963945308,-2.12705910603668,-0.752158124596949,8,1
0.599299620962302,6.7737487923771,3.15884031650158,5,0
-8.87851313929461,1.13912178936474,-0.0636077930029503,1,0
-6.6950781128064,7.11358621779894,-0.938823270335319,2,1
-1.13039624885773,7.35617698344872,-2.39783097132535,2,0
7.65218376173918,-0.974197770702105,-0.709354936001291,4,1
8.66929561014765,1.17413292988881,-1.36240726291425,7,1
0.262935099200588,-6.97951766469214,-1.53399961501816,3,1
-7.44524807225556,-7.56838671580691,0.172383943074928,2,0
6.12369965513787,-3.09392697364704,0.510855623153247,6,1
-0.344606393484522,-7.39268304817355,0.523572757175224,8,1
-7.93248522433062,-0.0451605862615643,-3.45636884826092,2,1
5.24840272638537,7.90872921040044,-1.22083318654559,7,0
7.57477302914356,0.898455977109112,-1.45561786236586,5,1
-6.04683039102841,4.18619858998566,0.483617881719912,2,0
-6.60951688896616,6.32353481783253,-1.11494014744513,4,0
7.60228138577097,-0.215509456548663,0.262061802587456,7,1
2.9945966275811,6.24108786521537,-3.427468547403,3,0
-7.95960077574425,2.46206185872698,0.275861832818749,1,1
-2.48082234027387,6.15253207103866,0.169395665174107,7,1
-2.36291885503111,7.86721583328483,-0.357772630191058,3,0
5.04462648290328,-6.35630667665302,-0.307795869953694,8,0
0.77049634590567,9.43308606735726,-0.0655320647200012,5,0
-7.99692487007194,-6.34008082797754,-1.98093942997894,1,1
-3.47602963497773,6.62410986344474,-0.898709997404409,5,1
-4.53568208426666,5.90603436270912,1.737232743283,2,1
3.83622942710357,-5.14035426382519,-1.39560855262548,6,1
-8.23321524912895,0.182157171406667,1.00046708055372,1,1
4.3177406051945,-5.24688555503754,5.76645698095056,8,0
13.2434399228246,1.73189323280707,7.10775710873915,8,0
6.76761115955393,-5.44473310269555,1.35855923274572,2,1
-2.67608564582216,-6.92979212287818,-0.015883253328968,2,0
3.59766185834246,-6.81535467651168,0.120816134359939,4,1
-4.08354281540685,5.76599979640245,1.75746984709826,2,0
3.55013458125704,-6.7454219748033,0.470436791706291,4,0
-3.35973433162851,-6.06360229237426,0.383828954221636,6,0
3.64775413449475,8.10754036986276,0.751641137468169,6,0
-7.22513828567822,-4.21632518761924,-0.40113779295462,2,0
-7.01269761469051,5.23859538238322,-0.563590035430576,1,1
-4.98322813142955,-5.8171037389282,0.857049487618043,4,0
0.489729623178373,-8.22574932286839,-0.396121087776035,1,0
7.56299281785422,1.70886437637426,0.617233312720816,7,1
7.50021982517712,4.1988389761491,1.85653088378743,8,1
-6.13632211746828,-3.72159400916231,1.90189336964961,4,0
-2.87737788237344,6.43660467162667,-0.526246681389398,3,1
-21.9921738461361,-6.63507373485376,6.77515030268657,1,0
-5.556417846676,-6.73268414473206,-0.732173338104402,3,0
-6.5717419393792,-5.61047888594342,0.0965574607136968,2,1
6.35094239984141,4.84701420462928,0.387966267573237,5,1
-4.57909556776283,6.98665208441745,0.042715444027725,3,0
-4.26456477321151,8.60471407904238,-0.278966857652248,3,1
4.32183216434189,-7.46819029353209,-0.113706939794142,8,0
7.67798397523105,-1.3019012817749,-0.540729642068731,7,0
9.57004934165877,-2.06248488262333,1.2218778513162,8,0
-5.86317998537704,-5.20985356493769,-0.184179762538426,1,1
3.55668063805862,6.48351056992885,0.471034433458638,3,0
-3.60719285741506,-5.75433170820861,0.107136412040997,2,1
-2.75735508018117,-6.92717860686006,3.27923402361514,2,1
3.16596709719687,8.06093612779031,-1.40691711080444,3,0
-5.38102109886278,-7.96635409553188,-0.3696647443527,4,1
8.24751738906742,-3.87844175223997,0.125248317002047,5,1
-7.77297200068241,3.22834358986238,-0.110484460279845,2,0
8.99342565245864,2.80366639484751,-1.19892035255336,6,0
7.33559362176543,1.2007521201102,-0.920336235565285,2,0
0.408999083194631,-7.17320101269948,0.148981330967159,8,1
-8.12059262135413,0.361788433744862,-0.69389701690907,2,0
-1.35166516894327,-8.19426134832152,-0.644010420275239,2,0
1.26192858780584,-7.25529312803897,-0.116531265663795,5,1
-7.32254695348504,2.70300078539089,-0.40052059866214,8,1
7.12209293278189,-4.97504600681794,0.53576556498966,5,1
-6.95616606077165,-4.51734393378388,0.357212940203521,1,0
-0.86449338647892,-8.60199901376187,-1.61598423219233,4,1
-0.71359216866868,6.55216334986265,4.36031702332343,8,1
-4.53269739998623,-7.90210456354239,0.107620263281639,3,0
4.26084607032164,-4.35077187070793,-1.12215610476683,4,0
0.483900907445322,7.56367839119068,1.24970035772129,4,1
-5.27283434207485,-3.23186036117599,1.69093835486315,3,0
-6.53482048267392,0.0148639978829392,0.410718830995405,1,1
-2.98826596048521,-7.94572223535553,-1.10009766675129,4,1
-1.76974029903257,7.38343609342682,0.301013207554616,6,0
6.94856326794421,-6.31407763732572,1.71054898471241,4,0
-0.901693085245389,-8.40469226754355,0.453117474452066,7,0
-1.36635104013305,-8.19151403197889,-0.199283854163496,8,0
1.14851503627078,-8.52526171898505,-0.0741482001902607,3,0
-6.91635821567542,-4.59865924506954,-0.911544998479872,1,0
8.26585822442187,-3.27284007855511,0.164946405130977,5,1
4.41611310956747,8.3982034996769,-0.980777224298711,6,0
0.461361167396488,7.5666409759811,1.25075186607,6,1
8.0614526758201,-0.289234323913827,1.00816961361451,8,0
-1.88102380465982,-6.98886580724861,0.509743635603136,4,1
3.80526510113756,5.57497788903223,3.02252867779676,7,0
-0.658920532663202,-7.26822369655929,-1.0936581851833,8,1
2.83204500400006,7.62172539035399,6.6732865793514,8,0
2.82411296550773,9.07915733569156,-0.23572714099735,4,0
3.22745436923468,-8.62997442096798,-0.377037681151914,4,1
-8.67566032047172,-3.07584994259574,0.606388191782334,4,0
-4.93733705568664,7.08725472198444,0.2375756041916,5,0
-6.46708301623366,-3.35243746689529,0.191322688931574,2,1
-9.13861300391302,-1.42820044813357,1.42622639533003,3,1
2.94293751782028,-7.13902976907114,-0.850288464901134,7,1
-7.26325377975511,-1.36579019193699,0.259108317812034,3,1
-3.79583928670736,-6.10226277033849,-1.18260057197816,3,0
1.22535750106745,9.07388843064928,0.27060938023744,5,0
-5.38423069335723,4.88143210907003,-0.36911410147857,2,0
3.2795249280405,6.32703686822286,-1.49717146675447,5,0
-6.64201749332713,-4.08612010745516,-0.310914313584875,2,0
0.604901102552599,-7.12453444623577,0.135284761055181,5,0
-4.62350650638127,6.50145320803561,-0.17403624955827,3,0
4.29248105349866,-4.34549827413604,-1.63409405523124,4,0
6.82829966073222,3.20389313726583,0.889368384234951,2,0
-4.0794872731243,7.86130845155361,0.684783959093215,2,0
7.59893676336428,-0.209592222611909,1.98378601975109,8,0
1.63685513905423,7.95892873918253,1.4706016868286,3,1
-2.3204561147954,8.03315742307815,0.113235277570003,3,0
-5.81033995927032,4.99274770188075,-0.185581126443793,2,0
3.97749158220731,7.03342469501835,1.23940365970788,2,1
5.69073146114619,-5.16976499683231,1.87854155628991,7,1
-2.72183911682951,-6.05345853370698,0.358325652754876,3,0
-8.66814799534488,2.11488272981198,0.606820821462873,4,0
-6.65577725095185,-3.81271163454378,-0.677021681083443,2,0
1.72134776561098,-6.62586605039041,-0.0481835985312453,8,1
-3.18656172000494,-9.52184584846577,0.459183746352813,4,0
-2.69686447494285,6.55790271810993,-0.582166188879958,4,0
-8.13645570761395,-3.12274969288603,-0.693326840018697,1,0
-5.18077315864863,-2.59110889193592,-1.10554339596052,7,1
-8.81301052444654,0.601184865603565,1.18921093936713,2,1
-1.0982596265229,-8.65955868997993,0.113800976810832,3,0
0.492785402069918,8.65381823753816,-2.10005694150532,2,1
9.14609075784216,-0.391383883339887,-1.17650571879773,3,0
-2.36826722602747,-8.25787451697704,0.202241164778552,1,1
-3.51334470943957,6.51337374780175,-0.318382884628249,2,1
6.41446423247983,5.1525956880973,0.390699875769383,3,0
3.39260214246918,5.62045165592997,8.56290627030478,7,0
-8.87191230052815,-3.07280125791629,0.599919234669225,1,1
3.09359806431021,-7.81439588445768,1.32021762864693,4,0
-8.10047858265268,-0.586938356181874,2.07660780088971,2,1
1.907871056401,5.59329380282359,0.813335739704841,6,1
-7.40717494597768,0.877758501382501,-2.05567659414781,8,0
7.95267293413418,-2.61822054979477,0.266852742387374,4,1
-6.5095913833992,-6.30711459651741,-0.313807498100869,3,1
7.86326925279522,-1.16365699949313,-2.12168978432305,8,1
-0.951873246816644,8.74821803783757,-0.632000634991911,2,0
-7.30993284346288,3.18845056154004,-0.524814697030871,2,1
-4.37394160742053,5.36766177610589,-0.817599297599362,3,0
8.7245153915023,-2.98157156900622,-0.267098167568219,5,1
-5.56846232969317,-5.78210429052007,0.130949669212284,2,0
4.38549937485872,8.80520428778472,0.416179195785286,5,0
3.34736961502142,9.37817226403685,0.808052493577754,7,0
-5.42924331130501,-5.74553985050471,-0.93309613138339,1,1
-0.759480366750654,6.59143206357553,-0.789351087679558,2,0
-6.29948400887039,1.92588157424168,1.98697597376305,3,0
7.46230636362766,-1.3396090072803,-1.08857632260927,8,0
0.513240336028788,-8.22310234712245,-0.420218092843937,6,1
6.19624399941861,1.89799111994869,-0.374420822472897,3,1
-7.20286375480585,-0.523736648803019,1.15972866684777,1,1
4.59199735783985,5.94553531408015,-3.6832261515741,2,0
-3.41197821847423,-7.87264449279733,-0.230718113578923,2,1
-3.49223411328228,6.51562339148102,0.0345491903306233,8,1
-4.17116099019832,6.21370152267294,-3.22756246204089,1,0
-4.52321569416145,6.45666885620065,0.316564581932063,1,0
6.04235961201138,5.1839845326491,0.529838448020865,7,1
-4.26974856390232,-6.07544959438283,-1.02392754857788,2,0
-3.15897756086051,-7.65626143722382,-0.064000721167014,4,1
-7.23196860569678,1.09685070780472,0.259440098223244,3,1
-4.82836886599063,7.01162656008937,-0.0643883041935996,4,0
8.93016982354851,1.2193229041237,-1.10184743126771,8,1
-0.546645313002543,-7.75613407070645,1.24296517885223,1,1
-0.95698923621989,9.29783618679641,-0.228125464574161,5,0
2.56429838849308,-8.4424458191896,-1.50811596391035,4,0
4.61808913266326,-7.70363269999267,-0.565738793484055,5,1
-7.05200032889015,-4.10363880641843,0.38727790450558,1,0
-6.34582905404465,-4.32023492127534,-11.3012857783278,2,1
-7.42623375690339,-1.63223161568,-0.0795186990405259,4,1
-2.93431415659665,7.8765185241994,3.7891083882985,1,0
7.6319097018473,-1.31037425994963,5.71769266047054,3,0
-7.17834691031218,-7.56559520593761,0.625065640084973,3,0
-0.299242593884894,-8.00502320034811,1.17384828121788,1,0
-7.03711905376591,6.16020354186089,-2.43237146250776,6,0
9.09214685828028,3.41474249384284,1.50232549331887,6,0
-2.80044922352501,-5.77111223551909,-1.09070587259828,6,0
8.20769518263165,0.0957088702678546,-0.222111728229027,8,1
-9.03325290675943,-1.45808677059267,-0.0879215513076468,3,0
-3.71057840545044,7.17663447757274,-0.794252833360799,5,0
-7.95690563327872,-3.29584023420803,-1.07776075754937,1,1
7.55017235960451,2.19336083100775,0.617552222491519,5,1
5.8944871213311,-5.47723529573252,-0.103576990866427,2,0
-3.25383089447223,6.97332394750683,-1.80341582682701,2,0
-2.13292607747718,7.2796931782475,-3.16942413767945,3,0
-3.59843024971398,-5.97298255311768,0.203084414477454,4,0
-1.34962180524904,8.73947091291048,0.831147835860465,4,0
-5.34318854997507,-6.5554205231387,0.142998997769119,2,1
-3.67450655151251,-5.70896055488623,-3.66553171390357,3,0
-6.60681626579274,5.07965257238313,0.376952773849981,1,1
-4.57622703082262,6.98932869479554,-4.77053574167,3,1
-8.35267491982595,-4.22572807183646,0.49620958376007,3,1
1.16018787171112,-9.00947163919306,-0.414899650399587,3,0
-0.681440724494303,8.41109393292879,0.461416132034257,1,0
-6.46091890880324,3.6020474454688,2.36784362959333,8,1
6.7341065923324,-6.04274038738374,0.185151291702715,4,0
4.19408575962778,-7.19936998693771,3.75373030766873,5,0
-4.87005460099962,-9.27235964678642,-0.360897048314936,3,1
-9.72040683130225,-4.05656980122498,-3.75799230782881,1,1
-3.85596647912829,-6.093635358265,2.40339418657199,3,1
-6.16932193808012,-4.19669537585367,1.19401310755911,3,0
3.52928119593091,7.52507466056763,0.614470048513394,5,0
-3.38386689339563,6.73402954359078,0.464046130869614,5,0
-4.36780215504575,6.56468585083882,0.110071490755135,2,0
4.53069759053321,-7.8806069542148,-0.4077947534658,2,0
7.78580999600682,-1.84917139730739,2.8734056183067,8,0
-3.64737631512087,5.47967898339332,1.6141079569091,4,0
3.53339963966296,8.02674420668984,-1.96153034767451,5,0
6.33221306826884,-4.06842585773186,3.98813329643819,8,0
5.09156987096378,5.03912404453626,-1.27425970240828,8,0
-6.68149317203531,6.53750659976326,-0.0910048157617557,3,0
5.72408423769823,5.96337874059273,0.409420780867362,4,1
7.59455601886312,-0.626189049473868,0.262204836834022,5,0
0.798832105934574,6.83080272928415,-2.25455966901521,4,1
-4.59586889266081,-7.05437198012314,-1.63907792472935,1,1
-6.31754433198425,1.93155806050371,-1.41844864201177,2,0
-3.59407977523228,-6.28888707596631,1.67116668313587,4,1
6.78742851262685,-6.61081802993868,1.0198660373852,4,0
-5.51666121122435,5.70845594697809,0.21598770845052,3,0
-6.25970107170092,-4.69373773119749,1.99004209529344,1,1
-3.45797947897068,7.13835860232086,2.61136238014562,3,0
-0.0753887564156537,-8.23953880314677,1.69753398272188,2,1
5.55865301316532,-5.02493483404022,1.77421274235327,3,0
0.551539953265559,6.77673143966022,-0.395479695749982,5,1
-1.82306013476117,6.26799856519836,0.153954745875153,6,1
-2.76501730072288,7.82405248109558,-0.0558611626203566,7,0
3.81321422115278,5.7856021414239,0.407310746576463,5,1
-2.07372041246303,-6.58202476859896,-0.430657951928117,8,0
1.78954994711063,6.65854727149423,-1.40395567788255,7,1
-18.4417314438006,20.7179282950567,5.79687422840911,5,0
5.79353756963321,-6.87999550947964,-5.84303897366633,8,1
2.97315416341349,-8.13901125920167,-0.0610649668553128,6,1
-1.11681003175002,-6.27978890826733,-0.331263038638685,1,0
-7.5003399443518,2.98491067202917,1.59098877306621,2,1
-3.00650109350474,-8.28475819220584,-0.113293127580411,3,0
-6.64435316262374,-5.67866840123429,-0.340643918103078,2,0
-6.59850730818016,-2.19858978214227,-0.340265280283646,1,0
-6.47851164284104,4.53255387858772,-1.6030347969282,1,0
6.62268633006997,5.34926857493325,-1.07909534618038,5,1
-0.529095264049039,9.5140560353273,-1.12882212460395,4,0
3.0466545582258,6.24263383583314,0.543401755505692,6,0
-6.94303531714392,-4.92125943602553,-0.1003345313397,2,1
3.43828953815305,6.81490294828871,-0.180744187872027,5,0
3.39343553689691,6.22461377501661,1.53332451054781,5,0
-8.53416739988918,-2.451148548358,0.101523565719774,2,0
-0.915828909542159,-7.5463996381512,0.953335612539737,5,1
0.953262952785616,8.4422693826115,-1.99336946557296,1,1
-9.43133712730039,0.399173814589419,-0.299666086596238,4,1
-2.67084032660473,-6.0513706998445,-0.515936851869164,3,1
-6.47004222931624,-0.164196535797262,-0.166332215854852,4,0
7.77947995197367,-3.06321564259178,-1.16539328385617,4,0
-7.76257595757775,-0.0383132304737911,1.02691339770484,2,0
-7.4810580022939,2.67384722692788,0.601908768983676,1,1
-7.48467938258652,0.781343451186873,-2.61774240612885,3,1
-7.51612722566228,3.77984302952844,0.0329983468672882,3,1
5.23024840030597,5.1630056466031,-1.24379976007565,7,0
1.23363041187355,-7.25102026048213,0.2368528079374,2,0
-4.67971824141929,2.81289392414148,-0.360386555786782,3,0
-4.94863726935879,7.08950114041107,0.237923496097714,2,0
-2.4442209217672,-9.41465147441267,0.337173073692389,2,0
3.44327508293235,7.22689133749373,0.0951659987304329,3,1
2.98226153811375,-7.84683915466747,0.607717847915818,3,0
8.43823568005167,5.73185507568639,-0.468578418304847,6,1
7.20484526859187,-2.04868906289053,1.39030181676748,5,0
-0.0688180844960632,8.28332055663581,2.46593218554051,2,1
-3.32076977918135,6.9167445523914,-0.341733886256745,2,1
-1.13794651394443,-6.27739262428439,0.175557057898965,2,0
-2.88764134494958,6.43955917789075,0.0515301752049607,3,0
-6.3373543399166,-4.31542927458439,-2.17684085170166,1,0
-5.51964072768477,5.0749492784159,-0.0869199488561072,4,0
-7.54763287302529,3.22355796717214,-0.328265712095083,2,1
6.84410253279596,4.16167324776873,-1.87864906360997,7,1
-6.37393554913696,4.82562936044672,-1.15899221593688,3,0
-0.0235207616161305,-6.8355906933252,-1.16170871804255,4,0
-8.7372828063215,-1.52458075269746,-0.871472170265734,3,1
6.80103658005787,-6.04050075952871,-0.856515887169445,3,0
7.40457473735251,-5.33018398961083,-0.34992006061471,8,1
7.28886402370779,-4.84052541837296,0.531023681195154,7,0
5.84165407819341,-5.54628538936844,0.935162679660088,8,1
0.697107106673551,-6.97237299618241,-0.758283312275304,7,1
7.97839131983443,-0.635750639015745,0.352640758768745,1,0
-5.15161415220962,5.79453267944912,0.881395340114641,3,0
4.42812384818032,-7.76687790194336,0.25699631918985,6,1
0.643011758530123,-6.84552348434475,-1.03405281130237,5,1
4.75300803855184,6.52204122301914,-0.798324352923575,6,0
-2.79834824301282,7.82735894711736,-0.55641343746688,2,1
-6.93854323013318,5.52873261951249,0.235243259060262,1,0
2.52337815563309,-7.55415797644063,1.13808532941266,6,1
4.83352907185579,8.0372246043064,0.629795285721862,5,0
4.73021824779359,-8.12372313301243,-0.487226522773829,8,0
-1.92788172584773,7.99576134348071,0.450013253339956,3,1
-7.82070173014005,2.66039941411607,1.38798091047355,5,1
-3.97738951929765,6.29044696746798,1.10029466541875,8,0
-1.12683486622547,-7.00938547495978,-1.16412383992482,2,0
6.09675884477202,2.78748647079454,-0.853456682197351,7,1
-6.00585050485513,2.75117486145911,-3.15566604242494,1,0
4.52600712844674,5.0657532548841,-1.39333369532066,4,0
-3.74244363525763,-6.63191299159806,-0.531009455655631,5,0
-7.91037496499614,1.59020173820074,2.16935339814833,4,1
4.50894974820812,-5.63614724570781,-1.39287785846482,8,1
-5.68040810390277,6.7907848480462,-0.322449446777764,7,0
-7.24631052239292,-3.30867321634643,-0.804311223694297,2,1
-5.55069478245419,2.85678184202384,-0.240921309530489,2,0
7.0088684886481,-3.25919143241769,-0.112277758984404,6,0
-4.35188612651507,7.81701346602305,1.09216968306906,7,0
9.68997005747276,-2.21497672012376,-1.48693375180931,6,0
7.80671106263755,1.70093042094735,-0.0885409006771409,8,1
4.56940805345912,-5.98252001560043,-0.398653110362828,1,0
7.43036971180078,3.10901884885184,0.440845839231251,6,0
-4.84911188887279,4.78841255560131,1.6074663865842,8,1
8.34066526408039,-2.7305421785772,-0.65420639936161,8,0
3.06893387406973,-7.81132226213491,-0.0267906978671993,5,1
7.51903428941056,3.64457202780117,-0.00858105164537497,7,1
-8.04929767119082,0.442359158153897,1.49601939553035,4,0
-6.55003710503866,-5.606898588477,0.0922292459019561,2,1
-3.44931542758837,7.14066813400824,0.137906358754042,4,0
-0.891938651343783,-7.34227378715991,0.247968003245144,6,0
-9.08572625493844,2.11902227436241,-0.0806954954723597,2,0
25.4661820431441,-2.82324566284694,5.22820444506357,8,1
2.93496775040807,-7.84172032782481,-0.687464618047853,2,0
6.42623115862371,-4.74089791310585,-1.20310100887752,2,0
-8.01116708709103,-2.63771915036901,-0.886613276295855,1,1
8.62463439021125,-3.83317080941649,8.18897852697583,6,0
6.07380009745974,2.78942766444862,4.28288787666696,8,0
5.21120416516101,-5.45128493446962,0.00348581472492433,8,0
-1.87422908227363,-8.75396741355076,0.61006462068798,5,1
-5.39415233674253,5.89054536464498,-0.646874986311002,2,0
-6.37002232792358,4.82911473556007,-2.4906836919389,6,0
3.9179414416149,-6.70465322461443,-0.4184410715744,5,1
-1.28905546682405,-6.58884227563686,-0.00274830182365385,4,0
6.04866327456068,5.44572740316467,-0.426245298115568,7,0
5.35463548048282,-7.95226120400091,-0.107903503903016,7,0
-4.21529699667969,8.54366220644997,-1.16946936992244,1,1
-8.04732791171247,-3.52677395232387,-0.885584797445242,3,1
0.0378556962734121,7.51468531688755,-0.248316168139654,6,1
8.15617972972758,1.62286482610908,1.63500530207738,8,0
1.64889567018482,7.21207674920402,0.675765795734415,6,1
-3.66093145650525,-6.63091779491694,-0.258412267669856,4,0
-16.157879793233,-19.4310760202885,3.51772165321909,2,0
8.23757530287712,-1.66812436369945,-0.0747284430046413,5,0
6.41848070508614,3.53593705476683,-1.14557333502296,7,1
-8.92894049720709,-3.77581732152567,0.687970270856317,1,0
-3.45507259582813,-8.02931858550409,0.321573651746094,5,0
4.30634449261989,-4.34028654983372,-1.70621790601457,3,1
-7.21805629031051,-5.11675656512436,5.27977189821763,4,0
-3.00969377102853,-7.94403019554486,-0.530599551209461,2,1
4.35062387787451,8.8873273745722,-2.15290755169642,2,1
-1.39503298799279,9.09584689175577,-0.909712749603877,5,1
-0.21691812604174,-7.11699101865513,1.19259910099912,2,1
-4.07546014166007,-7.64875049718545,0.110576200273528,1,1
-8.07653362822296,-3.56243318346683,-0.0823901902254968,2,0
5.62260033043469,7.38910174184024,-0.255032871244935,2,1
5.16633893669919,6.3700290040542,4.42234391977082,7,0
5.56320291158246,4.13295763635102,-0.00445778398213684,3,0
-6.03174232065251,5.26436304651065,-3.97616373578302,1,1
-4.89317761244434,6.13732195251961,0.667069775705082,4,1
-5.28641130694221,-4.39399697896907,-0.65617212220362,1,1
6.8999979107263,2.36044337577295,-2.2663818978934,4,0
4.7982957046889,4.65468496222726,1.07273676765374,8,0
-3.45218570394321,-7.30529003901965,1.04893334323204,4,1
1.28875039559284,8.12948794741499,-1.6628294702575,4,1
6.71521278997857,-4.42044287735312,-0.987395759938224,4,0
0.139266758005642,-6.90294934138966,-0.741678012377228,3,1
2.24651611247564,11.2623521473687,-1.86570545386878,2,0
-7.92066800080715,-4.55053141684443,2.17382157522175,4,0
7.37745563581252,-4.26587882714869,0.845016331623143,5,0
-5.86979237131562,-5.50589120863779,-0.488084593533225,5,1
-0.137050195838368,8.2870266941157,-1.36886438527321,8,1
-3.42078385813712,-6.61813059298048,0.954796417870584,1,0
9.02909509011269,2.8046896229408,0.00991892796425427,6,0
-7.89216496666827,-0.406722360005038,-0.370223749674857,2,0
1.15440342319262,-6.21916646336304,-0.414309926698894,4,0
3.95426854377096,7.07146597004648,-1.39628685153356,6,0
-7.17648400010285,-5.25856675864728,-0.30285090755173,2,0
-7.84724385078756,3.29801692314296,0.389338129776615,3,0
7.07534308117338,4.00269274467573,-1.41425932039968,4,1
2.59308230831838,5.67771716391209,-0.729878338936736,4,1
-8.13089200873625,-0.577164613593106,-0.0724727500851744,1,1
-7.54482556826591,-0.572320769541891,-1.68627901663306,3,1
0.918694503114386,9.0693105782658,-1.23571332829459,1,1
7.14114240869371,3.09128267820686,-0.699138021735969,7,1
-0.416240624813997,-6.18066306432645,0.0520491351371794,3,0
-2.90338703600594,4.77800030044533,0.759422077298816,5,0
-0.399029921101324,27.6279512628551,2.14755136479495,4,0
5.11370504796562,4.419198588514,-0.62276788347942,5,0
3.06321617325252,-9.30065696833968,1.39773870396268,7,0
4.07048151202705,4.43532352844073,-0.706737132407962,5,0
3.21321756270064,5.45544204888989,5.98534751719525,7,0
-10.5476449135606,-17.0708977396858,0.701131147679429,1,1
6.31874552011981,6.33056107725145,-0.765547563051836,8,1
8.66149300399971,-0.480626712327236,-1.3601673084962,4,0
-5.19429635952416,6.10610968000505,0.400150715500008,3,0
-6.28706588434086,5.01839982092598,1.99298969850711,6,0
-7.4192960438851,0.141343458658677,-1.75780571686166,1,0
-8.37836784938977,1.29613894392547,-0.572670357623573,3,0
-8.07021406552033,-2.29260854348034,0.860054031147137,2,0
-4.24310144803361,-7.42057909572802,0.834505138182306,2,0
6.80405890457659,-6.0382233895829,0.0378272654030815,4,1
-4.03984780233664,-7.17033293128,-1.80933145830189,5,0
-4.59213426945794,-3.33701262616238,-1.09924583229271,1,1
8.12892994722063,3.99787146316983,0.578774359266501,7,0
7.6209905683415,-2.3098048723133,0.291083435202507,7,1
0.747313658138543,-6.75834944194277,-0.356703766403062,4,1
-2.83114586749008,-11.5872844124609,1.19330078766549,3,1
-1.17883552558785,-7.00709448324306,-2.39308723037474,2,0
-8.83041867433605,-0.67125257496664,-0.0632082114742576,2,0
3.25378231981066,6.63436069497924,-0.635229382899078,5,0
3.55163354081652,-7.35839075307476,0.471641675675706,3,0
-1.54537446188931,-7.33338728654723,-1.72683140119682,5,0
-7.15195528317308,2.80963588052447,1.11002023537467,7,0
-3.94400104063568,6.9624583408407,0.355612599800747,7,1
7.22204532352571,5.48545200872401,-0.31245071839603,4,1
-6.66463966484875,-3.80752446176547,-2.96020912745707,6,0
-1.33599050106107,5.84919877867741,0.0637886214861582,6,0
5.67949835326165,-1.21224346376036,-1.08110477128804,7,0
4.24375359301849,-6.38463336880451,-0.608060662794679,2,0
0.453715886336309,-8.43515620113467,-0.66242113033683,4,0
7.59236010763215,-3.31213695208397,0.0875002588586782,4,0
7.2532073742044,5.48831425141204,-0.312135482712918,8,0
-5.21119539245384,-2.51735886829843,0.177004052293361,3,0
4.76136666901546,6.5240586205594,-0.486782865149364,4,1
6.06532404240765,4.59138543251809,4.30167589432503,8,0
-6.43216467018973,-3.84327338335653,-2.95383903857611,2,1
2.70291313411294,7.6744165227756,-0.595956840050387,6,1
7.79466481646552,-2.93589511216408,0.540492385735389,4,0
-2.8175950261049,-8.22842555542912,2.0513337012411,2,0
-1.16419298038144,-7.51873098777814,-1.16864868414602,3,0
6.4735055366916,4.75957983255994,-0.134773457239603,8,0
1.80288673421997,-6.62476064905951,-2.90437422508486,4,0
-5.60931722440849,-1.19345969983357,2.81536169187368,5,0
-3.83346162918874,-6.09154645285463,-0.562865490181198,3,1
-4.45869783743121,-5.89149846131829,0.0305684985825797,3,0
-8.06801277050679,2.87457451505484,0.0150837545306926,3,0
6.49270929041931,-1.22678716204737,-0.18988073720367,6,0
7.57586175481449,-0.203757409718593,0.42318748567252,4,0
0.777151009000323,9.14980123468944,-1.34137505029305,1,0
6.14065800998879,-3.09084521186939,1.62232750952839,8,0
-5.30373035859546,-3.22591196783028,-1.1344741079135,4,0
-8.7719505096723,-0.502984822056057,-1.75991103429551,1,1
-7.20474964888934,-2.97534878735403,5.29717601666781,4,0
4.03476174405465,4.8119725650905,3.45731613693668,8,0
3.39425421589275,7.2289755039997,1.5353793834525,5,0
-4.16586003415376,-9.35997754121018,2.06332279531304,3,0
-6.71238573994965,-5.43469199622528,-0.313452620665128,2,1
-8.083557124758,2.85260477325627,2.49630419351348,3,0
1.44656843925819,-7.85012278736714,4.98277931669094,8,0
6.08976738574383,2.79118128492488,-1.37290127249278,1,0
-3.33706409482184,6.64753394244682,2.2015000205151,2,0
-5.87533715768553,-5.20617255921667,-1.83083385259818,2,1
-1.56893725458995,-6.64491462420575,0.236473910260681,6,1
6.90922951537471,0.859514809794601,-0.251910737543105,5,1
3.03534054686244,6.24420103474059,0.243984996090155,2,0
-1.67759307859122,-5.95407535116239,-0.518430310064781,3,0
7.50270818687946,3.65153149737505,-0.354558574711209,7,1
-7.01830557642419,4.09780356746241,-0.0423866282070074,5,1
3.29563000046114,-7.28944708006714,-1.33422063162509,3,0
8.80021584587973,-0.654166497240656,-1.30458132151625,6,1
8.83918386789399,-2.55660080131226,0.832475448161177,8,0
4.16854721479827,7.36770444442667,-0.316579160953573,8,0
-1.96444351971932,-7.34980780532846,-1.04269981616991,7,1
-8.06135836207602,2.03581429110484,1.32875267124337,6,0
5.09737117699811,-7.86507111868602,-0.307366102561175,8,0
-8.574710439342,-1.21706114152394,-0.601003558278652,1,0
3.28689540575911,-6.99346265553057,0.32266166050336,4,0
8.0506019964411,2.66927490149271,-0.809390402491839,3,0
-8.11591197828464,-2.88688741420677,0.145385705992262,3,1
-2.22477924925075,-8.96736278026536,1.77642126192679,6,1
4.48648042441406,9.23713249804382,1.69253101583051,5,0
-7.69285026810026,0.532602099608319,-0.718392901779076,3,0
7.50516011964078,4.20523134075649,1.14742546842979,5,0
-23.8635644134236,8.09718430743626,10.0919932397672,5,0
-4.15549940225592,7.84807262569776,-0.344165427673435,1,0
6.80970281692269,2.76738317817071,1.37552870297661,8,0
-5.90107779888532,5.92751408744757,0.252403198149188,1,1
3.16994409825105,6.97063792035743,-1.42063097622679,4,0
-6.65352307152016,-3.80230636027473,-1.3966845190123,3,1
-7.15557452516321,-1.7757091358869,1.01304174262735,1,1
5.89644839539035,7.27009879034296,-0.552185764440328,7,0
6.04653143651786,-3.73795685648325,-0.903804035959461,8,1
8.08150467373236,4.06636553951285,-0.672352673840534,7,0
3.41759225521401,7.23105731973671,0.0607728661275153,4,1
-0.65571904812148,8.2728529462979,0.169790742731735,6,0
7.89609798367212,0.56085871953006,-2.36463092392764,6,1
-9.09361819955857,-2.75244829672074,0.0891143720816847,1,1
-6.14281299660847,7.94346418618703,2.33675455450112,3,0
1.11107199248214,4.80525996122085,-1.67445185094292,1,0
8.56337864673357,0.123283143431408,8.30643250927095,3,0
8.75406172096293,-1.98338421050287,-0.544291592436156,7,0
6.68917518484348,1.71702322090724,0.956270152253663,5,0
-15.8678762855698,12.4229969548071,7.20516194717966,2,0
-7.87735835170137,2.31410047682422,-0.069535719382525,3,0
-1.33844123234369,-8.96795269247457,-3.65627551502343,1,0
-5.31611126774366,-6.66448374509421,-0.682901097474847,2,1
-12.7984846571011,-23.8775286382159,5.92239757138608,5,0
-5.29444328042729,5.93659974595264,-0.375062344475113,3,0
-6.66244846331654,-3.79705919862559,5.09109013706893,4,1
5.05711561730346,-7.49695358287525,0.254243564750674,8,1
-7.62364430600603,1.25732990964798,0.0445629911017303,2,1
-5.59668857033462,-4.72049969296147,2.82248926632348,5,0
-2.60395754446367,8.09457582359228,-3.9031705770446,3,1
6.32874587890781,4.85069337197485,4.00108652495757,8,0
-1.78485447165465,-8.4178783778891,-0.13106559388115,4,0
-7.45886274360335,1.8352134194256,1.93283182053952,4,0
-6.11597800252569,6.01755765554095,-0.702232691431947,3,0
3.56216107666732,8.02731561230664,1.86666606133969,5,0
-1.85293640640861,-8.74705671477719,-4.4372677760083,1,1
-7.06733128889974,-1.7902486754697,-0.772737920619558,2,1
5.98458779950889,4.46359094490278,2.73479483240121,8,0
6.9030414484641,4.81534908140073,0.91066236588034,7,1
-5.46807021602486,-4.28787829465266,1.51344405283356,1,1
5.67703214263177,-3.92472951237249,0.49805436390061,5,1
2.64959462632215,-7.62463621185368,0.786059326176568,8,1
-6.50699456823065,-0.921838469459507,2.13485194495088,5,0
7.05793849767752,0.913225510288634,1.41901076150987,4,0
-6.63247101971521,3.82264212020316,0.377636700903066,1,0
-8.06913973420968,-3.29035021395747,0.804496291148361,1,1
7.71219081300906,-2.37227808270648,0.779575918055696,6,0
-10.3696113085552,-21.9620011073301,0.701917251342886,4,0
4.66576179284603,6.03908470834078,0.715093031525496,8,1
-3.9389006101402,7.03994099001986,4.06967831801993,6,0
-3.24269356741397,-10.2286663791376,1.61576219583188,1,1
3.39508214669552,6.81704501683284,0.318466418005351,5,0
7.55146310958519,0.414551795345605,1.63034410220677,6,0
-2.06667151942634,-8.56635932103143,-1.29247575580991,3,0
-8.36471045713894,1.03913880647687,-0.0187183496858598,1,1
-5.1898684965172,-5.25350668149658,-0.658882599929076,3,0
-0.753146719743026,-8.29172208629047,1.54485546349214,4,0
9.70365537834084,1.31580380202416,-1.70878835586515,7,1
-8.476642543124,-3.3442431040664,-0.595427294340218,5,1
2.49418989780509,9.06261910728691,-0.32034109938703,6,1
-9.24532808958996,-0.497568098188621,0.717430437488924,4,1
3.85808974263031,-6.92191036058076,0.3391542014891,5,1
4.78421715261822,-3.28405479665678,0.490412752127079,2,0
-0.490090441525457,5.45224116134953,-0.0853584725122618,7,0
-7.55622333904943,-2.47561247761465,-0.441905747204508,1,0
-0.260768700225718,9.77304213949887,-1.66747178655784,4,0
-4.35515286549368,-7.53975534702869,0.457903098721289,2,0
7.56831164311659,4.0275037739647,0.423909092872558,6,0
3.0957106883019,6.80104234466223,-0.0138641735057801,5,0
3.46496748286378,-7.1282436827555,0.319472131232623,3,1
7.8682614910747,-3.65106606166547,-0.0242768323124791,8,1
-5.16164049099199,4.88544781492234,-0.521200508963848,1,0
-7.18376622906989,-2.8655132967271,-0.0540766026718273,5,1
-1.99105127406657,-8.21269126295995,0.461827272934853,2,1
-5.51364404910388,-5.7196749126563,0.0850196275745136,2,0
-4.74075298214729,-5.22645998815189,0.60556338894842,2,0
-5.8515843172633,4.77082444793413,1.75331313522997,2,0
-6.81931782612823,2.6084945633675,0.417331106989001,5,1
-4.88919508191129,-9.24496386226267,2.05419949936177,6,0
1.6788061468765,6.44537401893035,-0.485356188580714,7,1
-8.4092997747678,3.95236167620469,-0.175021407326795,2,0
2.25093447808265,6.71642374289666,0.0622533196344382,4,0
-7.29245284803267,1.06344570003835,-0.807577169221059,2,1
-6.58091429039768,3.79802118981919,3.60742468665853,4,0
-2.7019723444805,-6.04925742937837,2.09100615899977,8,0
6.91554403862938,0.862426394720505,0.911555100644778,5,0
-3.48559802888929,8.47893154615487,-0.691033018642948,7,1
3.00411212543334,-7.47687862827529,0.662567439736108,4,0
-17.5991658739104,-14.174730649275,5.48041864169295,5,0
22.9044908116589,12.8847200825279,6.96978824134606,8,1
1.16586712950389,-7.24678552010929,-1.67211996111883,3,0
-8.34729256312326,-2.27066908510085,0.0312185759197539,6,0
-1.28117240508364,-8.91580777925822,0.0466546106749278,3,0
4.28912461703958,-4.72565140585381,-0.543387631100067,5,1
-5.00498632398609,7.2393990752847,-0.296876156650973,4,0
-4.83888595149822,8.34931175396667,-1.34853078039964,3,0
-6.80303491937835,-4.03875533817375,1.83316893295462,2,0
5.04888953837993,-6.35388016675056,-1.26740643768614,8,0
-1.84559260230928,-8.70624381585349,-0.244958500980374,4,1
7.38008578886106,2.63486537348225,0.368874465543311,5,0
3.35778292544124,7.4365221430358,-2.45405036862161,5,0
-0.652463558794563,-8.23388894086033,0.114378755299681,3,0
1.07015301991453,8.46859932814746,-0.0735777104483917,4,0
0.566575099832088,-8.86051812879234,3.23321775784105,5,0
-7.57407705334231,2.299669943428,-0.410173463898157,1,0
-1.44477733572996,8.03120157688104,0.154410689890558,6,0
-6.88015865694922,-3.33066313318736,0.0268346075686338,4,1
-6.50186701965671,-2.29829172661371,-0.855512089188415,3,1
2.32115095164964,8.08446672828618,-0.663885218069588,5,0
5.90522897575954,6.5590797991505,0.89463175040288,8,0
8.82017850740915,-2.55083184121596,-0.640014201954467,8,0
-7.55913969910873,-2.67233268397067,0.697071664227916,2,0
2.0123155749119,-6.31224626730227,-0.0897410683234532,6,1
7.3696780204585,0.435324296481833,-0.919051452658034,5,1
10.324511450597,-3.57393760059879,-2.28406062102743,8,0
-5.66407968997051,5.12610433369477,0.170537799489461,7,0
-7.67137970246145,-2.66816321035959,0.0448905874670773,1,0
-7.15019014797702,-1.86519269276309,-0.797291102339129,6,1
7.76106065585451,-0.76873479565193,-1.17222756684421,6,0
-4.07145749449574,-5.92252994438377,0.685576534205412,1,0
24.4579920664861,9.38093243574874,5.03792731694548,8,0
-3.440770534429,7.14303790556831,0.487050539134993,2,1
-5.88412872001267,-5.20239360370952,0.887613034539781,6,0
-9.76875074300008,0.0748985940153389,1.57096774509651,4,1
6.03618967719288,-0.751940734211851,-1.78690930134469,7,1
8.63162490023286,2.47880780918996,-0.0849140167119913,8,0
-5.33473636313286,-6.55137833069874,1.68215401158179,2,0
6.04443336737935,-7.40566292266557,-1.7856019402684,4,0
-7.46557823077309,1.69293112180303,1.93647732442592,1,0
0.174628071671423,-8.31621712323907,-0.680033779280673,6,0
7.16137644376812,-4.96977963256307,4.94458304606777,8,0
-8.30660844950902,1.04497152987432,-0.0183151159885298,2,0
-7.24319145574801,1.69562273087057,-0.524418799756815,1,0
-2.88247395053952,7.46052475312368,-3.27344072486146,2,0
6.03202461204726,-7.40307091380814,-1.78424259330622,7,1
-7.43316888681347,-5.26645672096029,-0.0789212707729257,1,0
5.71256372196329,5.96563877203183,-1.08043437457671,6,0
-7.15742667537116,-2.16616328865131,0.476783897605843,2,1
4.70564368744619,6.03368030055802,-0.777817635586584,6,1
7.58244045889126,0.720840729583489,-0.0350178489283621,7,1
0.712922055701166,9.07299715348902,-0.926204151370728,2,1
-5.40443339020431,-7.99027411894638,-4.38343180946457,1,0
4.33057005548856,8.81525698236775,5.781891567597,8,0
-0.899714542050471,-7.0002796448476,0.891997215643928,4,1
-7.75903918317954,1.53348097428134,1.02868658316164,1,1
-6.33471628688682,4.97198449885866,1.38246186745921,3,1
7.04306705640228,3.68476281548318,-3.70773519199117,2,0
5.68188931249978,-4.5371268011359,0.531574390858677,4,1
3.61026836134887,7.70530856310912,-0.910891661815335,2,0
-3.41787355459597,6.10296988165065,1.43591068871874,3,0
4.46605433426811,-7.14585937877758,1.69416102344903,5,0
3.87891517722787,-7.77212515377199,2.29492019280968,5,1
5.17278673162252,6.37361224998917,1.76630069723978,7,1
4.81557793837817,-3.2805677108724,0.491074189471025,7,1
-2.52821276310921,8.42421578485585,0.203914538625449,2,0
-6.11372996938531,-4.27902620090762,0.48430749530969,4,0
-5.27760120853322,-6.00114557832085,-0.655510609099406,1,1
-9.57572301039672,0.0793409240244487,-3.75092910883492,1,0
-2.55420652298956,-7.99484635621389,-0.22466536171864,3,0
-7.57104346323769,1.56600845610372,-0.409580192924038,5,1
-3.73783042786447,-6.41980237530999,1.59917302962297,1,0
5.77843061434722,-5.54259948960515,0.0495839690677306,5,0
5.45909862805581,25.4748024102971,0.692905051769098,8,1
-7.48840199458288,0.00201460561706333,-0.325873578549442,1,0
-8.5842004832235,-2.0129218764632,0.330609095797276,1,0
-6.52316889757179,-0.916377865518008,-0.165732916197322,2,1
1.29174378426549,8.23202542049119,0.271262335875533,4,0
-1.36970488447203,8.31099731771374,0.363710555548377,2,0
-5.79821683283953,4.99669468782858,-0.0575468154610845,1,1
-7.54204801172957,-2.1743785784076,-1.6838837470246,3,1
-2.3522241992219,-8.25468292257589,-0.643442088923282,3,0
-7.06217017152816,-1.70205240234076,-0.563221231618316,6,0
8.12321977961352,3.90155143135852,1.63652831824062,8,1
4.69056721561848,5.33826679053244,-2.36942365514879,7,1
-5.79393208131002,-7.65781630027714,0.888491287127132,6,1
3.44846793951099,6.41812429104533,-2.96652617905599,7,0
-7.21658267775361,3.30275664510813,1.89558852801595,4,1
7.82804726110961,1.70356800068425,0.25874773934803,4,1
0.546791459641021,-8.22047884072498,-7.1684524307771,7,0
-1.7405471105697,8.02475552361562,0.718058946593723,3,0
5.50768476044044,6.58904632172124,-0.111512781601754,2,0
-5.89794798619441,5.99416020862299,1.75542739681907,5,0
8.4042760245688,-1.02200291560425,1.77324814370527,6,0
7.10804405884223,0.216074603589079,0.0381722658240638,7,1
6.83232626582985,3.20889808827088,-0.519584953185909,5,1
4.51061886873951,-6.23494185517742,-1.39235703045175,5,0
4.17505602945308,-30.8897577020818,-0.316152880022906,6,0
-9.14202313777623,-3.06969191671273,1.20287095763375,1,0
7.48992795289942,2.22959051966954,-1.26358927023902,5,1
-5.2842904841025,5.30216603484524,-1.13304933361877,1,1
-9.13713083401544,1.49887215910737,0.713451537112,1,0
-1.34751923104688,8.11299011794304,-0.0971129671120793,7,1
-3.28469055543058,-7.87006616760533,1.72550472268913,7,1
8.11168364082252,4.70565312651074,1.63803433014474,8,0
-7.14504584948376,5.46784249673088,-0.30211871747327,4,0
2.42640382615037,7.82060095913834,-1.21277999659534,8,1
-0.282681526153388,-7.78225101567528,-1.90119174323655,4,0
7.93704839620539,-2.43168959595893,1.57687246507605,6,0
4.35612253482227,7.64425681604574,-1.12089567228545,6,0
-8.49274683348279,-1.73859959161391,2.31107803827488,2,0
-3.38055507510259,-6.06160472506873,1.58146183828218,3,0
-7.1484518142554,3.87293044460083,-0.653563556693185,2,1
-8.82603984798432,-0.442833753170665,1.18987627134389,1,0
4.20022139567311,-29.7719090044483,3.76566616065396,3,0
4.82619841020758,-3.27683445193721,-0.517214122048634,7,1
-2.64986134407165,-7.59098556546101,0.791428447831067,2,0
7.80174205026155,-2.92903736365212,0.575842620714198,2,0
6.7381880441574,-5.88352392693081,-0.150078571689666,5,0
-6.40723319672862,5.56443388480009,-2.4842032714334,3,1
-1.73356350494294,-8.49842015269627,1.08284093295627,8,1
-3.92312196513608,6.96520960027626,3.50257446307134,3,0
1.24140742043442,6.02559156776824,1.29084510886913,4,1
-2.17741207204622,-8.14274348092566,1.64935178196521,6,1
8.73964020920867,-5.06686219562393,-0.10698507646709,8,1
-7.6885805053425,-5.15705173750888,-0.507078188303814,1,0
-5.09915851186249,5.79759720281741,0.400706800734069,1,0
1.57297843525641,-9.22399412266699,-1.05665698381424,8,1
-7.47928018892533,-2.17028886093098,-0.362413360035223,2,0
-1.613291810528,-8.54256708659969,-0.265177790739402,7,0
-18.1637133009991,21.0664099469452,7.23245327523324,5,0
5.85660825963682,-5.53889450254456,-0.102944228960775,2,0
7.95680627495573,1.31079491835461,-0.779080759549712,7,1
2.47970776795182,8.78549077378069,0.260520082497193,7,1
9.09734009357042,-3.05981089860364,0.0109307851735507,6,0
-6.73715133291731,-6.45464879637687,-1.5382513331385,1,1
-1.00161202710773,-8.96878702591739,-0.743167115935405,4,1
-4.10012762308885,5.76874189701731,1.67344101729458,2,1
3.38595058646056,-6.40589468410574,0.173891107833624,8,1
-5.53953560567108,-7.48666985724651,1.51570735870833,3,0
-5.30192119429214,-5.99811339882867,0.603818479668183,2,1
-0.156719149063492,7.49324508580557,0.898167924614978,2,0
0.714777476926345,-8.67774834153266,-0.710010430289748,8,1
-4.39801666924464,-7.65326156411257,-0.754483981625894,7,1
7.39079054140776,2.63909320446416,3.20064083072791,8,1
1.64608249083519,8.11011135186202,1.47174705037902,2,0
1.29478198905814,-8.82169997820345,-1.23214740595558,4,0
7.17036022165473,-4.06250183658935,-0.75063423859417,7,1
6.81730637954063,-5.44294707748636,1.37688192082585,7,0
-6.92650011849161,3.73919871193125,6.07088380270103,5,0
9.12238273359215,3.41920513986553,0.641119307111406,5,0
1.87859308774436,8.0159142452659,0.81429238669517,4,1
8.50480222804051,3.67185133594345,1.11601694052385,6,1
7.45655891747699,2.23530307723291,-0.878265658938021,6,1
-6.69321259458427,6.53880125317364,-0.228992334194551,3,1
8.11746718021044,-4.45395163151744,1.16253082908522,8,0
-1.53351235038883,-8.51416462615004,-1.66515101726426,2,0
-0.180442162499883,-7.11317211328776,-1.01297432639202,8,1
-5.48497798728285,5.71203204733355,-0.785123336045254,6,1
-6.63966247865916,1.11080575272135,-1.15844549980593,4,0
-5.77091156006118,-4.75099546258414,-0.185103837540643,2,1
7.71980302327021,0.817732074377537,-0.13723125263362,5,1
-0.840941651493552,7.50047845760691,1.67229547143607,4,0
-7.14007727743647,-1.07074262865511,6.0241247378906,7,0
-1.49871110257267,7.31472766435926,-3.10479680578003,4,0
7.99175669334746,5.95665463039772,1.14113540790887,5,0
1.04842236308959,-6.33214153467751,-0.141964659160312,5,1
-4.94494121705453,-5.8140256895635,0.534491644707362,2,1
-3.80626996324998,-4.36686463853949,1.12627717432536,4,1
-4.48048868985841,-6.3231203420349,1.67005196940423,2,0
-2.49814911825129,6.8538379352387,-0.625304458694019,4,1
4.97267410193772,-2.91514820586926,-0.172501116400329,2,1
-0.995868171678316,9.59994923047557,-0.816866816148568,4,0
3.09792676298265,9.39768894999786,0.354099348972499,4,0
1.40788998074485,-8.12759090843259,-0.115851617428395,5,1
0.468482757297993,9.31840525542516,0.404699706092971,3,0
-3.54797325151113,-7.57437503092004,-1.77501058957741,5,0
8.18919388195952,3.86140372635818,-0.479496815684125,3,0
-8.07433465793902,-0.761278875312364,1.86198205962897,4,0
-1.94229152746705,7.99949873461061,3.36996596444776,8,1
-1.81543888458624,-8.41454416106447,0.19872663745352,3,1
7.55747942635397,1.96035932008349,0.0291754664871569,7,1
5.18226555844468,5.13145841525336,0.71623168712459,8,1
-6.38199557052357,5.56791093720335,-1.5268750534822,2,1
-8.66079277133412,-3.06650301344969,5.38684550342101,2,0
8.94771720737707,1.67866546162044,0.303539936019747,8,1
-7.41583152533857,8.57232741997927,-1.75565292258413,1,0
7.49254909839492,-2.83718837356173,-0.569214092565781,7,1
-8.28239319636652,2.65606678310645,1.66676544572304,2,0
7.85810115767049,-5.95718054823398,-1.0207380497007,4,0
8.27759931111495,-5.08197274044149,-0.390207213972017,3,1
-25.6151618396327,-0.4288492392882,4.7338389491612,1,1
3.61713939614324,6.09988575906098,0.43996883811463,3,0
7.80926514745261,2.6881427428484,-0.0238083673186304,3,0
-5.86641492998039,5.1447387489412,-0.790286350884003,5,0
-6.67740127398994,7.11473821001086,-1.48938883834706,1,0
0.961686579050197,-7.190399396396,-1.23453349525446,1,0
22.0677686750738,-2.46813115095359,5.8773828965498,8,1
6.25453740298082,-4.26150504744821,0.467596264265695,6,1
3.29808495257682,5.93208226096212,-0.504665512183733,6,1
1.26503627734384,-5.91209945393989,-0.698536486171938,2,0
-6.50442208967225,3.27475594175865,-0.313108216131922,3,0
1.41406233838372,-6.20059204939166,0.449388705337381,8,0
-1.68911384896218,-6.64012288443092,0.481548342104889,5,1
-0.889901056148085,-6.77812330964615,0.536583293532207,7,1
-2.39477754989643,-5.55358372575387,-0.54610659513995,8,0
-2.82812782507151,6.90093081293506,-1.16378987000491,6,0
-2.23717340495732,-6.15203477168671,0.358894768854526,6,0
7.88682340831989,-5.00559119921028,-1.0198214231943,2,0
-5.33078161304789,-7.20889049232788,0.604124270226903,1,0
-3.62939644244074,-6.62993276658041,-0.00175785442952443,1,1
7.55861247118652,0.419144025437453,1.63191220664309,8,0
3.48791032963824,-5.8049389468836,0.232241058837026,7,0
7.14885385485525,-5.46956616864393,-0.48372083071586,6,0
-2.55021684188559,-7.83086607654509,-0.0937842768484798,3,0
-8.15447255238388,-1.14143703120888,0.112681679233873,8,0
-5.39080011609598,4.93675656656992,-0.368571154312138,4,1
-5.32885969320434,-5.4955942641322,-0.646297035524059,1,1
5.90866445376367,5.27104223818924,-2.17190338438398,7,1
-5.50437774647706,-5.28696935911189,1.51797046781231,1,0
4.53876446289391,-6.23291243211278,0.702692013002795,4,0
-5.65871825704521,5.58955733673266,1.75943179373595,3,0
3.37823899740989,7.19167455699884,0.908875303709825,5,1
-0.474884147427704,7.37582247473954,1.10139678693432,2,1
4.57163712236573,5.94775813014441,-3.7153661169427,3,1
0.970021703754673,8.4462362578586,-0.761473601938798,7,0
2.26903745651351,8.08644065561486,-0.233265084705412,4,0
-4.88525317049929,-5.57149425316757,0.0972321922622508,3,0
5.63388904569243,-3.91945714193015,-2.32388852153058,6,1
3.05898311970804,6.80347634846208,0.244495898872025,4,0
-8.72975319886914,2.88881350229578,-0.696188699862303,3,1
-3.31653144791193,6.71291178768313,-0.327664085068562,3,1
-4.98046676590569,5.9133931769127,-0.295882390047017,5,0
-3.37720038995486,6.8251616549069,-1.05478341519395,5,1
4.54818196237662,-5.97934683881455,0.901726628276876,4,0
-5.23404203795011,6.10930868118253,-0.713274471454466,3,1
3.57406753120955,5.8708610242118,1.86874386610432,3,0
21.6669867319366,5.17868784676905,6.04303219256778,8,1
8.63883420376529,2.15484495872179,8.43104290283262,5,0
4.52072358503244,-7.37341734261725,-0.407197412534339,4,0
2.99775163615296,6.25869079523875,0.608178768914105,5,0
5.2725662808793,6.48872874398162,-0.317461439002139,7,1
-0.82965053765036,-7.9712411115715,-2.35490425435919,2,0
5.68420656162673,-4.53294872081075,2.67521395518586,7,0
4.97774378763699,8.70739535452629,0.313298123931091,7,1
-0.32604846680809,-8.09226930222501,-0.338641676268391,1,0
5.21310136701881,-7.10933193733137,0.426944181053284,8,1
-4.75952359474236,6.05790661231885,1.19473718144305,3,0
-5.53117207599268,7.4270870832321,0.634387070424024,4,0
3.15006155697808,6.80585975623836,-0.567955494035578,4,0
-4.12196905831484,5.77149411892139,-0.793544914341415,4,0
24.682150988779,3.54804955191018,5.24531071686072,8,1
-7.10481128683147,6.18617814049602,-0.0596311432918277,3,1
23.696308824275,-14.7993557759562,5.19411751700575,8,1
-0.649134755944064,5.24173019380154,0.372206226365691,3,0
-5.69142017205869,6.79342899653079,1.76130454440055,1,0
-3.16594804047532,-6.35874984655022,-0.828640273762801,4,0
8.22595318014763,0.0994881329689891,0.158850874299674,7,0
1.1302387683089,8.47366700710248,-1.04913970728452,7,1
-7.91819211359624,-5.26430227825099,-1.0475756741556,3,1
-2.98520581884952,7.7440256451698,-3.60587196247898,2,1
-7.04301842670629,4.10239506976284,-1.07577267595463,3,1
-4.06350994699307,-4.4851998517189,0.338181115784809,1,0
-5.84361544081897,-5.1985261086619,-0.865800057901469,4,1
8.80429761269186,4.71584410404002,-1.05725977237041,5,0
-2.3895265194402,7.40338829776227,1.92574050546911,4,0
0.682067669601527,7.21849316349042,-0.666898804182969,2,0
-6.61482079689393,4.64244824160838,2.13905646238584,8,0
8.19826323117775,1.4270629300793,-0.221270243355182,8,0
-7.77024007401987,2.81118324825832,-0.110277773225231,1,0
-0.897775465670306,8.83564946251431,1.64244046612876,7,0
-8.30377495369483,3.5192309594494,1.05332135727602,2,0
-7.86914538950637,3.30753766706887,3.65034662268067,3,0
9.54702460343943,-2.21082730539819,-1.48456636072119,6,1
3.3401933634289,6.88891353714799,-0.903215087818976,7,1
-6.71582110867745,-5.82331289031495,-0.238809976015822,3,1
4.02320794159278,-5.5785747554416,3.4723456840369,8,0
7.62992789928411,-6.20709534179109,2.18746628796898,6,0
-4.57348142555762,-7.05121702102317,-0.242816938356333,2,0
5.44317144416035,-7.21565497295547,0.0354728971240262,6,0
-3.5170269834539,6.1678236223005,-0.792797086683068,2,1
7.44203500185886,3.69097715008783,1.85934896448625,7,1
8.34431364796616,-0.992277069982963,1.27764671617486,8,0
-7.4982582006122,-1.9212726216155,1.59261177723554,2,0
2.56816131741182,-6.01835038305732,0.562828893924578,5,0
-7.58966245255321,0.165258810052456,-3.52361477860189,3,0
5.35888021093537,-4.5654032594078,-0.801089039523278,8,1
-5.30009140534402,5.30571866076095,-1.36460668786802,2,0
-8.6073341866504,-3.61305121939164,-1.42966559718235,2,0
1.81619591791964,9.07001373912352,0.744446995000675,3,0
-5.57490830965373,-5.77935013024992,-0.731396888876924,2,0
3.07414830991786,-7.61513290574631,0.544097580161137,6,0
-7.46725935104639,-0.53368792234007,0.172645435573197,2,0
-7.18199240681975,-2.47180639505078,1.36237848667591,3,1
3.87208094447175,-6.85846309240146,-0.0394066342332369,7,0
-9.10679152991258,1.3368275447464,0.511997265868656,2,1
8.13737410285202,-1.34811975805683,1.63952235037239,5,0
-9.00925155073691,3.01150272664666,0.0899080185443989,1,1
8.38652606343494,-1.11279703391992,0.0415451490297056,6,1
-6.58986677808212,4.37758542560688,-0.0175069365211781,1,0
-5.97036023361619,-0.800280307735404,-3.95601924732027,3,1
5.6691665895859,-4.40472719021924,0.532094126970976,7,1
-2.98208985027516,-7.94231148242153,1.64386858682273,5,1
-8.16082834096122,1.2623213341574,-1.74891617902291,5,0
5.41077460503694,-7.08249712827279,0.375588739911437,3,0
3.28893178174691,-5.40925945793796,-1.49451857621001,4,1
-6.60408181745139,-5.60333274138864,10.5197165067416,4,0
0.00867200813298162,8.6221797061005,-1.85623867970799,1,0
-6.10036152231583,3.5246125533445,-0.276670883866114,2,0
-6.14971068079696,7.94864213189346,-0.66027751622086,6,0
-5.46115195331101,9.48839317947469,0.413523543746964,3,1
-8.34229580669572,2.13509064816832,-0.0179115087557665,2,0
7.93341395778906,-2.6130091762957,1.14269112619226,5,0
5.58978654878161,-5.02202440730226,2.86407177056322,8,0
7.21330908562496,4.66663462635994,-1.13873899531634,4,1
-2.59907188449652,-6.38028044995747,-1.23920952319014,3,0
7.89850073648109,0.567078873554584,-0.334147129591129,3,1
-4.47680637075357,-9.28159516716298,-0.523134857372682,2,0
-8.04529897463604,1.99549861090084,-0.562180759762095,1,1
-4.9334452351168,5.83949918538818,0.668131095183708,4,0
6.9519494199286,1.08317902607762,0.535056276965436,5,1
-6.70736741349466,-4.0743388918152,2.37163849900145,3,0
6.92197503430735,0.865067657029785,-0.251469340945466,5,1
-2.01619937799436,6.23955320497839,0.863086237358283,2,0
-3.09709897163163,-8.45391346257323,-1.37667822130777,1,1
-0.254149506889007,6.94815171963753,0.218132287429319,5,0
5.2314658125708,-3.3137834448523,-0.612803353648924,5,1
3.88564775760241,-7.2595924430544,2.72585587069535,2,0
-6.0110517197613,3.25174801101255,-2.09572280377629,8,1
-0.116501501092043,-7.91892313252101,-1.0115680708463,5,0
6.83625266680115,3.21384041270472,-0.372556730250357,1,1
3.07071377154732,-7.18461254216567,1.39911166690307,5,0
-9.75023276815647,2.05777507552584,-1.05901738648719,3,0
7.42166609708395,-2.33305347019034,-0.76341385187295,8,1
-6.25092456322797,6.79855696877977,-0.964829729808935,4,0
3.17782588682084,-5.36943623438995,-0.751031100279604,7,1
5.92434494799508,5.27441580150252,-0.801973049312619,7,1
4.81907968294934,7.05295236770113,0.5137818243113,6,0
-2.04635985415435,-6.86476932070305,0.823174150767301,3,0
1.25549105654974,6.02828357451907,-1.23093955932812,2,0
5.61071848674648,4.1384943036118,-0.33906637097507,8,0
5.93218253382749,5.25128466993526,-1.19061053895433,6,1
-2.49478090511491,6.8557265704727,-0.501473061412806,2,1
-9.145903980213,-2.8939939340999,1.20379829577621,1,1
3.18554191187452,-7.52639976932267,-0.0322414201367186,5,0
8.53463910041579,-2.60224259751567,-1.44281712735604,4,1
-7.5393011971755,-2.16199425710896,-1.68150563792969,4,0
-2.64464242006756,9.47693964569222,0.65532130048522,4,0
0.470870764968546,-8.83131799954474,0.405149905463311,3,0
7.4651598916278,2.21856607347385,1.14901055365091,6,1
-2.58948272983292,-5.81096991331785,-1.16349124185744,4,0
-3.06615965293241,-7.01637615756706,-1.73191129157683,4,1
-1.06757776796638,7.79314186054581,0.139636621234654,7,0
-22.3714062274021,-12.7546080204511,8.84877817755621,2,0
11.5830588274775,1.73512216240495,6.00642986511587,8,0
2.22513179123373,-6.17513892138981,-1.3247818154602,3,0
8.86746320613686,-0.738869511310552,-1.19336559003831,8,1
7.56406228071674,-1.87483543657509,-1.15467616733544,4,1
-21.7973451271521,-13.8723421037455,6.60315784162026,2,0
-2.74914819023257,-8.07276149873308,0.610537936141333,5,1
3.40491472682238,6.42130150979875,-0.180327650034661,7,0
-6.34289785167206,-6.46129309917923,0.165413760502223,1,0
-4.47313560409066,-5.67478147665727,-0.00122161598462911,2,0
-1.17387260859915,-6.63622374805805,1.10247642528398,4,0
-5.76105404099526,-6.39075283036061,-1.45910171986352,1,0
-0.871717793530222,8.9378790027542,0.372879124898531,5,0
8.20971014701101,1.44136005479709,0.0985371267084406,5,1
-4.67295431149318,-8.01063817833865,-0.940822854969829,4,1
-7.4962160031098,-5.16552795430531,-0.208376916353991,2,1
3.37035101237888,5.93434652130868,-1.06072055037656,5,0
5.38607507834199,6.94515069882464,-0.780331873015457,3,1
8.13176318536329,-1.34384436803999,2.22585445132525,4,0
7.53668826411949,-1.25126163155472,0.349659292858304,5,0
-3.09060906512566,-8.45001300899808,-0.453329794847929,1,0
-8.9190603247626,2.71799957628729,0.875887082463385,3,1
-3.22510817442004,-7.46442611137482,2.62113809940813,4,1
4.62571242546971,-6.81195553310712,-0.921696855025077,7,1
-8.8040094326391,-2.50197212547464,-0.462988575648866,4,1
6.3847526031242,6.11257041224142,-0.331853070786699,6,0
8.28964846476188,-1.61572541636734,1.82587707638916,7,1
4.2755591123976,-21.4265544498944,1.84715056283408,2,0
-0.823706667555992,8.9476072495038,-0.433962495988343,4,1
4.54023681298884,7.11980537343557,-0.875550249967546,8,1
0.0426251239514248,7.51817572052017,0.704936484555808,5,1
-5.99549127457835,3.25636053108075,0.484996102063249,2,0
2.9118371134189,-6.40028610594481,-3.41262391254933,6,0
7.04607123168479,0.915654955493489,-0.880760204696877,8,0
-0.37240772432264,-6.08540547131923,3.2913215931016,4,0
-9.08454010424589,0.804135133163035,1.21196252949096,1,0
-6.51488573583596,-0.91100092779336,-1.8163260984588,1,0
3.12384130822182,-7.61179029854339,-0.182001060284707,8,0
-7.37255024408473,2.87925018719722,0.0755377664248059,5,0
-8.06681874829986,5.01158312251826,2.50487612910238,3,0
7.90346194984238,-3.86838320792095,-1.01884811875871,5,1
-6.12199669334334,-0.693392313477432,0.293131395012876,2,1
-0.433518088376053,-5.78765259578065,0.345556929442015,5,0
9.31023411300827,0.73880557687591,-0.650439044658954,8,0
-15.5782772213495,13.3821465265659,2.06019689888167,1,0
-3.98187079360821,6.56984388386791,0.0430127950031146,7,1
-7.51139942304754,5.02477991523021,1.28802727334258,2,0
0.711204110674436,-8.67321818196383,0.399003725613745,5,1
5.00275718626059,-4.51002593843695,0.0478381651239068,8,1
7.39900832392273,-3.53283043433428,-1.16122812005475,8,1
-9.28947893066256,-1.45201610700807,-0.995772163421564,1,0
-1.38613683182095,-8.18587567108457,-0.0983758832024063,4,0
-8.55318421552132,1.379064877184,0.93628882623486,3,1
2.26246783997268,7.71357290324047,1.83676717600288,5,1
-6.48911031536636,3.50406887423893,0.803259137836427,3,0
1.48156562470788,6.23170243269471,-1.05604401626136,1,1
5.81492777847468,-5.69783130473827,-2.20292561867856,4,1
7.52739135213905,1.83029887264654,0.0298878869322185,7,1
8.67717607409254,-1.5303513169044,-1.35789171564123,5,1
-8.27484207961651,2.56653094907739,-0.229857034936339,1,1
5.51230840390977,-5.01900525270979,0.71237074102665,8,1
8.44214571194363,-0.175392588868423,-0.467470544128759,5,1
6.27689596940182,-1.40019869261295,-2.88754954237669,5,1
9.06103613369074,-1.82468248529491,0.895513185254201,8,0
-1.37950603043819,8.11457517026411,1.64527476617074,4,0
-1.28516653518582,-6.58548773411842,0.459527538944844,5,0
2.98530245404981,-7.84064900051747,-0.0605997524784096,8,0
3.56379269174718,5.87379500465864,1.87066733076335,6,0
5.19415155750529,5.13413017686176,-0.622162825896567,6,1
5.44703662672154,3.35198579020471,0.69373988773819,5,0
-6.31512165030326,1.93726424195336,-1.7242697814136,1,0
-7.34176409285914,-3.28731065058644,-0.256299160069451,2,0
2.65562136203091,8.13816495034491,1.06301537262729,6,1
7.68863400571151,-0.9681893090112,0.800721606185516,6,1
3.06519569952359,9.41588702081205,0.544830895927547,5,0
-2.61892554696272,-6.71081199725245,-0.81614183554958,7,1
11.3139915968393,19.6732683454906,6.11607043257181,8,0
-0.237959979570207,8.5554656749801,-2.03299155919622,5,0
-5.82125856696099,5.98188978777568,-0.865130423771105,1,1
-6.62506821866635,-4.86714171174109,-0.366462987916781,1,0
7.42455954085977,1.40600329124007,-1.16095206006044,5,0
-5.93013710916393,5.99668736506208,-1.09519381215131,5,0
-3.77573720419292,7.17922631042165,-0.452345532058517,5,1
-0.47000905639509,-5.78487024060362,1.35253261109505,2,0
5.19960390374105,2.89860131767199,0.823872823466579,6,0
2.57209751026594,-7.43320402094728,-1.50535166015541,8,1
-6.13139925598058,-3.7161351716207,2.53232424960416,3,0
6.52108480039926,5.51108358689297,0.224553958883776,6,1
-7.17460015795522,-1.80441645432615,-1.07511491428832,1,0
-0.335294248215809,-7.77725747929425,0.395323415064499,8,1
6.4019835800351,-2.99948357195689,-0.862882063130248,8,0
7.31042654340678,-6.24124105944962,-0.605502439699289,4,0
7.74380793938394,1.32089761598268,0.962259237199916,4,0
5.75319811831509,6.40161713243959,0.28160073734732,6,0
-7.58333756501536,1.34812680815001,-0.441132134085578,2,1
-5.35011396666085,-7.96476916187582,2.1183331870699,3,0
-3.96354215474409,-4.81555528102586,0.905298781328513,7,0
-3.26971697526318,6.82708178569504,0.277666875021882,4,0
-4.96884194002836,-4.71002770896566,0.26317303845297,2,0
1.84222631740153,9.01692053279759,1.52690612427981,6,0
-7.49421131780013,-5.82020061973701,1.59424255816082,3,1
3.07914634503103,5.25777640309361,0.826569228460914,7,1
-4.83192796468351,-4.95275679011042,-0.359872424380716,3,0
-3.95877967730592,6.11929617223674,-1.1678813923043,7,0
6.99583352599907,-1.89604676093656,0.226621340886832,5,0
-6.3223481772792,6.7512844397422,10.7461474473624,3,0
-1.77726840150051,-9.39054795430142,-0.754063183809042,3,0
7.565126427802,-4.57604324322527,-1.45447225211944,6,0
8.44607194088728,2.16701430618457,-0.466354966227278,6,1
-6.75622471674878,4.57170238361563,-0.854491589291875,1,0
-8.96164454427186,-2.49713448879619,-0.545199017530387,2,1
6.3549781149448,6.54979604441022,4.01428574452812,6,0
-7.1537496452815,-5.0458049846886,1.380479552299,3,1
-7.70540545027217,1.55327908741615,0.616253006504024,3,0
-6.93642343245336,-3.32872808156335,-0.837752656855922,2,1
-9.10072757722019,3.14985934684272,0.514399671647203,1,1
2.52719268371579,7.4786399034157,-1.03943228462021,4,0
-5.96554427246593,-5.45444755422113,-0.701603471283863,3,1
-5.0887674397145,-2.58543860993721,-0.65819517066658,3,1
5.14720059752522,-7.8626703478067,-0.383258446594744,8,1
-7.80447268160688,-3.1887774252317,0.916891659068682,2,0
6.56738173048084,-3.58527807421582,2.34160646213237,4,0
7.56937873958202,-3.11458456474473,0.0232381650253007,7,1
-5.2230001715989,4.38731019122723,4.14526854172311,5,0
-8.65362907973395,0.283346994416563,5.4053420527672,1,0
8.19102514098084,-2.32142686410107,-1.28699103332295,6,0
0.685222550793849,-8.66869133983332,-1.1493319287372,3,0
-7.43143627516228,-1.91784906859621,-0.568573940864019,6,0
-22.7419307792918,-18.8950880293213,9.00297984262323,1,1
0.588153234706725,6.7796557303293,3.16917045062656,3,0
8.05428863998337,0.997894224436853,0.237219373692934,3,1
6.05083833664158,4.30790528368304,1.77406615579109,7,1
-6.2553458058909,-2.02612478185244,-1.77829098290147,1,0
-1.66644244751033,-9.24604908068212,1.43351424352166,3,0
2.97008029280488,4.4000421610287,-0.0601217444778012,6,1
-11.5778266077862,-21.7639163580383,7.04495705355858,5,0
3.35090326556547,7.19405473777821,0.0790261318005746,7,1
-6.14175058336319,-0.640453894223654,-1.25177931290025,1,0
-7.10294862176026,5.51396525460155,-0.301342639162184,2,1
-1.53944051480361,-9.19188747274783,2.98929232747513,4,1
3.38049142134657,9.37810279841557,0.174144168883661,8,1
-7.02836897221639,5.68961631241945,-0.82370950474443,2,1
-0.887774734729869,-6.99801322746676,-3.59496100774471,3,1
-0.208957559802518,-9.20651773880257,0.764774323499373,7,1
-5.83895064588812,6.07955954944615,-0.183730985820559,2,0
7.16339716426682,4.03717582235961,-0.352967332662863,5,1
1.68203250215976,10.6644255069712,1.47290107916963,2,1
4.55527353934667,3.9844552680349,-0.428110408216714,3,1
-0.88315335879606,-8.32995602612635,-0.347616905824445,6,0
8.06493656534747,-0.246759013919157,1.00976972046873,8,0
7.06087031856949,-5.83584703681884,-0.722906192411307,7,1
3.2068787449781,9.50550410913374,2.4065286130751,6,0
2.94669942689475,-7.13549898701995,0.608645644577525,3,0
5.48495042499779,5.00055814267365,-0.202255425151417,2,0
6.8717071537591,4.95452519694508,0.450604485722386,8,1
0.495938432359292,-7.45500553784607,1.25183267128416,7,1
5.6511963099155,-4.78726520948447,0.173395891464701,2,0
4.04058996762091,6.52788987253066,1.38833219469847,6,0
-1.52760150976251,7.50406458948453,-0.847073192653984,2,1
-6.24645257442526,-4.63457340385514,-0.962549250414212,5,0
0.150728026127936,-9.1948903002734,1.3034753580506,7,1
1.42674192516599,5.60859982237181,-0.11523358505013,6,1
-7.59612519949952,-2.96901257279,-0.0875995163418569,1,1
-4.01582571476453,-6.60624436392297,0.848478143107515,2,0
0.571836702959001,7.5514050831489,0.241383058717959,5,0
-3.86732643747545,7.1113480582037,-1.16716991679881,4,0
7.60946364485418,-0.734579274592454,-0.123981511743517,6,1
-1.32255515088638,8.31519805119179,-0.327064161283743,5,0
5.36706084776666,-4.15453329918055,-3.91959127146786,6,0
1.61746263639156,7.58076122553753,0.792776055730281,4,0
-7.67998182239804,-0.1116527858848,0.0276501012868779,1,1
-0.692213037339816,-8.97038083694171,0.296049593122331,5,0
5.39326967648844,-4.4582355422372,-0.800646943799189,6,1
2.43936627776158,9.06607469701033,0.260738505012217,2,1
-8.57061035445059,-2.44791695959496,-0.600428987716949,3,0
-6.69691689333772,6.54000931637593,-1.11381542144478,5,0
8.02259393532497,1.00256085792741,1.44717524047713,7,0
5.22386041237348,5.12342577322588,0.427740853207793,4,1
-7.60952217654485,-1.06579905820146,-0.210721754540147,2,1
-4.05167409502766,6.57172422656213,-1.65349065953175,5,0
7.11052668784099,1.75252277658001,1.80456215119544,4,0
7.15017919757689,3.09719420017488,-0.483114865416569,6,0
7.10293496699808,4.31975164935998,-1.41227626488525,4,0
-4.48417607262653,-5.67088623203952,-1.80819432014535,1,1
-0.271251527945045,9.84365239990638,-0.0591281493588292,2,0
-7.80074744717298,2.74673229006943,0.917778029689366,2,0
2.29480751263575,8.126883273958,0.47415673527103,5,0
-8.40121498168323,0.381409952262757,-0.17453273473306,1,0
-2.62911897750694,-7.84285647447699,1.3440719000084,4,0
1.93215809276481,8.0177197074726,3.26739826393738,6,1
6.9252302451363,4.81874769482768,1.95519724688871,7,1
6.4837296242116,0.482313485509263,-0.133536205715958,8,1
-3.76122098464646,-5.70529130708447,0.199626081756391,5,1
4.23896963378713,5.77986725341003,0.264634350806293,6,1
-6.21500714079721,-6.88588451606629,-0.960279392512386,3,0
4.64245256163143,-3.38777779579076,-1.11725471475114,7,1
5.20462948530808,5.64905180664978,-0.612463198320542,7,0
-8.03192972442942,2.73748790655729,-0.884572099113964,1,1
-6.82479368383546,0.869623549105765,0.0929813978344373,2,0
7.47361904444973,-1.3354052467157,0.441712738971082,5,0
5.15031445889005,4.42153195411903,0.824560111681938,5,1
6.70866495912273,-4.41526816634088,0.0462826819914518,3,1
5.35028105402459,-7.56049510402995,-0.493141764901014,3,1
-0.688489620038768,-8.1969684718829,1.40404388433929,3,0
-5.21914922971022,1.01736659703173,-1.7971426106041,5,1
-24.6820104396168,-2.80278781315476,4.75605873931795,3,1
-6.5593400798098,-3.35847680534236,1.26156789304049,2,1
-5.20709367247894,4.24419529947505,-0.752896265939333,6,1
-7.03503659529333,5.6934962034749,-0.708044411867794,3,0
0.517023663458248,7.13394392701866,-0.39483468530415,3,0
20.3666401309296,-18.3168121422033,6.8074311284361,8,1
6.4960522162586,4.76340077009875,-1.31109595168238,7,0
7.3571003225993,-4.16539316548867,3.88026887761851,7,0
-1.91196835576717,-9.37616338636659,6.10647740013191,2,0
-3.88435456999417,-6.85526631419779,1.07462480108703,6,1
-1.33346339191069,8.1162734689055,0.346209622678088,4,0
-6.63002828084993,3.82792356314572,0.60305076376245,1,1
3.08777465045683,6.80819334405012,2.71571964701636,3,0
4.89794085180436,7.02381520107228,-2.225363132762,3,1
1.24510683056696,-6.21720717666851,-0.0928840604877501,4,0
3.38737558549435,6.22649294772591,0.486368158193063,5,1
-2.00563433536442,8.00296648292052,0.771313720146824,1,1
-7.00368004128684,2.04692856359382,-1.95422135562687,4,1
4.54174727014988,-6.2456673832933,0.703454256518613,4,0
-6.68549570846292,6.5411385270853,-0.326466979518184,2,1
5.56772302646413,3.16678102742533,1.77424714669799,5,0
-1.93762175707144,-7.34801278076259,-0.829497380792436,5,1
4.08923026283019,6.07405210054248,3.77745176793262,8,0
-9.17598019372445,-2.49246531980985,1.11456506193582,1,0
-9.35996218063448,2.72295755071716,-0.840749312799654,2,1
7.6382156440827,-2.36691865640005,0.430223826864753,3,1
-7.78242920617814,-1.28435675656742,0.122246395480342,2,0
-6.74915261605277,-7.47022559976688,1.41438012997715,1,1
-8.37135499543801,4.71080807978138,0.0318393934252544,5,0
-1.10437318218332,-7.00481601768557,-2.38836069655096,6,0
6.23326869656782,-4.77141572367726,0.683198160679031,8,1
-8.58223229822723,-3.34172994026703,0.937440364610519,1,0
-4.09591917234873,-7.64716756900734,-1.02319274771651,1,1
4.78779282453711,5.17081980837438,0.491731624488357,4,0
4.86161574891135,6.92636618248086,0.59865642291781,8,1
-3.13799013147213,-8.34332548083726,1.38904886882763,2,0
1.98769309236862,-8.26111205477051,1.66350900552755,7,1
-1.42687262936312,5.9748162400958,-1.86891913457936,4,0
-5.07362267430397,-5.25187758291741,-2.33980899915962,4,1
-8.44291416276544,-6.56336374148824,0.698716546073196,4,1
1.09781249937579,8.24864448582188,-1.04836350487472,5,0
-0.540780608645668,-7.75068521696788,1.67460600370117,1,0
-2.5247840085347,6.14488095840214,-0.971697966639071,6,0
-2.28852499567606,-6.14911628527985,-9.03020596794864,1,0
-5.50122105941128,7.4301606559463,7.87858942125154,6,0
4.21782893022184,-7.19632988531914,0.264947146448068,3,0
-1.1992412402893,-6.27496177483973,1.28467494517514,6,0
5.00765402233489,8.71493538925109,0.0424206995000165,8,1
4.67064356313616,6.04178631727137,-1.11608643814031,7,0
4.40388521283156,8.89761473858324,0.416748600735136,4,0
-8.52821602592002,0.891833872028724,2.31636693426959,1,0
-0.6457133308316,5.24489020903275,0.462249386681975,1,1
2.59757788808506,-8.16406894093988,-0.729137411522505,4,0
4.7106408094924,8.50152669244942,0.0439274421886416,6,1
4.1487006085926,7.69330637181602,0.665980549456112,7,1
5.9551834669793,-3.01071887771763,-0.156574060688347,7,0
1.29787651321401,9.07435079317326,0.27194654512449,2,0
4.54989179955928,-7.44420697492414,1.16982535478796,2,1
-24.4685923966077,-6.3661061267902,6.89650166354129,2,0
7.49513898773777,3.69700793399859,0.163084247310877,7,0
-2.80872463933744,7.83051127242631,3.80065728054538,7,0
-0.642179974718779,5.24807513282721,-0.338202422599605,4,0
-5.20290953520143,5.54762120653391,-0.712624766633085,3,1
-2.84139047748144,-8.43876886754561,0.40984862523591,1,0
-0.330659728978488,-8.95205819427807,-0.583492734666951,3,1
0.481123514532093,6.93273580147423,-0.394185924504523,4,0
2.29791867428672,-6.59817531032835,0.474804351765812,3,1
9.6800267052464,-0.7137227673646,-0.425019828713315,5,1
4.22338961445935,-8.7281228812336,-0.706085693961585,4,0
5.46326204925653,4.97625284320948,0.694575143109161,6,0
-5.74570043738889,-6.38875939705674,1.18393110923748,5,0
8.28159133962487,-5.07882475177366,-0.389528506543307,3,1
3.7805233598516,7.92306078027713,1.81858061551827,8,1
-9.58992692074647,0.156046745970103,-1.12474966700927,1,0
1.37332612378184,-8.17067291561293,0.317495935150342,5,0
7.89140905938449,3.31723016344003,0.456990225195088,7,1
9.64570524669866,-0.711108607212008,-1.48229754547307,5,1
6.8743423129822,3.80753746649647,0.451163648827923,8,1
-6.21067748854969,2.5835835578024,0.123723847445522,4,0
-6.45438103923715,3.50897078079573,0.0937219112519789,4,0
-7.49224211063873,5.47084651898436,-4.24392474891596,3,1
-4.87375259345851,-6.319745242235,-1.51363564800999,1,0
-4.03589050962007,-6.60370846271181,-1.23805054707808,5,0
5.54485288419926,7.61653625686007,0.712911545286472,7,0
8.35506645768803,-2.72547000334169,1.2786682439391,8,0
-7.13361267985291,-3.45424285540511,1.7747028788455,1,1
4.65151594900979,-6.71700966280314,1.24767594911259,8,0
-6.15240755633157,3.08537883556084,1.48661514879237,6,0
-4.92150854482636,5.91579760126695,-1.59553874605069,3,1
-6.48651420719468,-3.34959379701031,2.37524615155081,8,0
-8.39333797486017,3.95658874506244,1.89378837133008,2,0
-8.22695183806913,-0.320101622863305,-1.77329523223793,1,0
-4.75343118737166,-7.03940325424311,1.6091287649906,2,0
-4.0319195316372,-4.48158164618942,-0.500691139412889,5,1
7.11295711453022,1.75624479969596,-0.532379786725804,7,1
-0.411948640944351,-8.60777651062195,0.395958554401774,3,0
4.98279853566396,4.35200484127675,0.605174691569163,5,0
7.57045011723227,1.71154467105502,0.0241815615619573,7,1
5.23921158290565,-5.48909500287066,-0.612118148774674,3,1
-5.41852303321359,6.57778810640653,-0.220433454426209,5,1
8.06835936743611,-0.79398365327929,-5.22912585253356,4,1
-7.34907310761851,0.333741792161029,-0.564805907793934,6,0
-0.905871126509303,-7.54515394871987,-0.000655334119615012,1,0
0.616073440883855,8.24584637745642,0.136160038519933,5,1
0.702146907647117,-6.75509911924548,-0.593872778928204,5,0
-8.07540802061233,1.92023611314449,-0.0818369452613948,1,1
1.22955531808997,8.23479510751141,0.723248683281409,7,0
1.5854391390541,-7.36927253758141,0.949048342414775,3,0
-7.14673785657028,-5.5203379131191,-0.25697568439009,2,0
-4.99944491258263,4.73019330154326,1.46595239068999,8,0
-7.90760893796349,-5.2568314469647,0.671157987994957,5,0
-0.174852393422456,-8.64532885906626,1.40999110159884,2,0
-7.10107208103936,5.06116511480732,1.364219239262,1,1
4.52280742633583,5.06804084810925,-0.406598814913476,2,0
-3.17975596067402,6.97599719706461,0.346836560564472,2,1
8.85452709056375,4.7207564827976,0.068660078815135,6,0
6.10037732364133,2.79276682563039,0.836594512884058,6,1
3.736385833088,8.77587186803232,0.412547688896084,3,0
-0.597629269585154,6.34482572339369,2.08367922081377,2,0
-1.34535352517078,8.07326398102849,1.43827325615922,4,0
-4.09175483850064,5.34559648439488,-0.112919809591812,3,0
-7.42276416195713,-6.22501009805933,0.172899706885759,2,0
-7.66710564346351,-5.26228235189361,-1.76397811137162,1,1
0.55641911882586,-8.21787301620963,-3.9977089140221,7,1
-1.15491780911542,-7.51655693382338,0.111088421056365,6,0
5.08548529836834,6.35202183078193,0.00431305176716789,8,1
-5.51059034709285,5.86486033385568,-0.626624166194394,3,1
9.71098549749486,-1.18447082443057,-1.48013818645531,6,1
4.71560692181531,-4.38315693699162,-1.03783428275954,6,0
-0.798544584422699,-8.59615474166842,0.642206810262481,7,1
5.96616500020503,2.07847284877881,2.73891762012182,4,0
-3.85030363518414,6.46759693114543,-1.05138152308226,4,0
0.388925116054159,-5.40040748177843,1.78963281291037,7,0
7.98282971134724,-2.09032741267799,-0.0839597256871825,8,0
-19.5155681371995,21.4145879343768,4.86394533688061,6,0
-7.20188262149369,2.26585170371764,1.89752851798706,3,1
-5.30906911384045,7.09717817322285,-1.79632382544805,3,1
-6.63728708434864,1.11785483772274,0.61238647138251,1,1
-5.63788463841581,-8.08833468510687,0.170887331259452,2,1
5.91223574490561,4.96331919318914,-0.262460909596566,4,1
0.662390463095632,7.1687470491735,-0.065152667742942,5,0
-4.38302161033176,6.56632040005684,-0.642873896749627,3,0
6.03411862556925,-3.40585643962294,-0.291652176099018,4,1
0.716799598154156,7.25432114027442,-0.399278389300262,5,0
1.52495228341747,-7.36732357040057,-0.58926465477979,4,1
5.5810788701652,5.19749949695633,-0.0115065678871483,5,1
-5.65341033838416,3.713965831823,1.3545770387558,3,0
-4.34856827698364,-7.54286672325942,0.186838027346077,5,0
-5.82780000040489,5.98429271963867,-0.719668159857466,3,0
-9.69680480671035,1.0225839325122,-0.0062528162712576,1,1
4.29586201088321,-5.24512056037407,0.157689839496324,7,1
-2.12539404035586,8.33654725079461,-0.244462785570096,3,0
-0.0820803350589873,-10.6670077717945,1.10651790966542,2,1
-0.564163598015001,-6.29304505934522,-1.08378911737363,1,0
5.36301939922812,-7.88331034855446,-0.800201080723454,8,1
6.86409220710819,4.95893507148523,-1.87539703809797,6,0
1.53210045995954,-6.41562415651368,-1.05541983746888,3,0
-7.74382345420377,1.76787077343257,-1.0725168742036,4,1
-2.3309955634935,-8.97482079252146,1.6466580167554,6,0
-7.45208853925276,2.94377664362872,-0.576368959296569,6,0
-4.74716731629494,6.06057884543729,1.45940877238792,5,0
5.4939496596001,4.00731097357038,0.975805737271154,4,0
-5.36587644709489,-7.96319906283441,-0.368035236113072,4,1
2.84750008812514,6.49388736898364,0.988805782872371,6,0
-8.09450867796432,-0.383584638906382,-0.727689347827376,2,0
-0.617591960035103,-11.8006193803213,-0.242211451303037,2,1
7.34739527738019,2.7774619487295,-0.246740234087393,7,1
7.36207276774081,4.41479572653018,-0.606560041064552,1,0
-7.08963981816526,-3.42095807013553,-0.0416421638170424,2,0
4.55164328168447,-7.44280245747207,-0.874963767171218,8,1
3.55759226879943,8.02787503933035,1.87245279828293,6,0
4.87033069910884,-5.03829382393526,-0.461868748324199,5,0
5.221678589896,-4.67071586265724,-0.611766614682849,3,1
3.20356174916813,7.13185061763105,2.40976180502124,8,0
0.212120916160838,6.95967637080597,0.421109506855357,3,0
-5.25963722679807,-5.99504629228282,-0.917845464438223,1,0
-6.76839788759142,4.57827940815365,0.100956926017388,2,0
6.12783943007228,-6.29863418100784,0.52282794762236,6,1
4.74865343355773,-8.11983164669467,-1.03705018035928,5,0
6.81234300952703,-6.60861580903272,1.23675586063983,5,0
7.53838208569889,-1.24638018651165,0.617869161795156,6,0
-6.47574961455263,4.53898485057628,2.9238134668383,3,0
1.23758153009582,9.07435311181078,-0.0191219800373956,3,0
-0.918801601449072,10.096502255193,-1.46468322137486,1,0
0.847983634198628,-8.30573941672315,-0.191722555276138,4,0
6.40620452422728,1.7930728097899,-0.140814379994186,2,0
1.32603834168521,8.3697370555529,-1.22972078446949,4,0
-2.79620105433812,-7.44958716819146,-1.01554325180513,4,0
2.32601828574346,-8.74046054611769,-0.319837300511052,4,1
7.50757433026401,2.8069530958764,-0.541603344673546,7,0
5.75682134857039,5.81341114820893,4.09902707118007,7,0
-5.88174627226019,-4.4100262954462,2.96715539598956,3,0
4.05835108862744,-7.97292859106971,-1.06936706086875,3,0
-20.5079328762331,16.3019245112344,7.07953551460044,2,0
1.76329872035125,8.11150621184233,-0.0474832256893824,6,0
5.68645164192307,-3.91422523282888,0.522081761639163,6,0
-2.76862604706353,6.95685920692017,-0.488505209120853,1,1
-7.76902226311881,3.0061143811318,-2.73248866491729,3,1
-7.06047828860883,1.84018160098236,0.477454197613873,2,1
8.09393247032494,-4.44952495508662,1.01139325479767,8,0
-9.67013179086695,2.06308292370953,-1.12344062926783,1,1
-7.20849126076387,-2.66397423019237,5.31472862622609,3,0
14.4221003612167,-21.1342306092094,7.11789795921753,8,1
5.70527224092817,-5.05593203208207,-0.827793862173482,7,1
8.40790912544329,-1.01614395887709,-0.465234341148243,6,1
3.27302226726047,-8.10411001265886,-1.56551100917612,5,0
6.68275911018111,5.35294417162335,-0.44597553526662,5,0
-4.43504934982643,-8.68230404801665,-0.550530877419476,2,0
8.19283997252058,1.62783600696581,-0.47864901464469,3,1
6.02322983630012,-0.749701047783517,0.623629557461121,8,1
-5.92223303886102,3.48137473319063,2.43739074395896,8,0
4.73495936857264,6.21840937300535,-1.65113158978393,7,0
-4.02793121577412,-7.42935167135623,1.14584078384888,5,1
4.58917472416094,-7.22283181335987,-1.55953915720549,4,0
8.9658542426517,1.68166210684905,1.50450367386716,8,0
-9.75678342090402,1.02794905066625,-0.00591339283019336,2,0
8.17952052338257,0.968573302256621,-2.19219690687891,6,0
6.39771677010167,6.11589840024004,1.55933278770836,8,1
3.23004482291696,8.577636757389,-0.634600674417371,5,0
8.76093826925109,0.882310224206451,0.557679663036819,7,1
-6.48388701109476,4.54546838490255,0.255956432795311,2,0
3.55580438212326,8.0284427472275,-0.510992350865818,5,1
6.14505829189331,-3.08781622677989,1.22619108620258,3,0
6.85693888352817,3.81244917381749,0.324892678696622,8,1
-5.26515299786164,-3.21985648898427,-0.591839556037632,3,1
2.87622437814459,6.4964357157362,-2.69960592944097,5,0
8.1058506686667,4.40438817519766,0.283677760697906,5,1
-6.14725670264028,-1.4764259819254,1.90434608486033,6,0
-4.40101814596802,7.05932072593127,-0.909175685715675,3,0
-5.34774258392133,-4.2527312159613,-1.13162971880937,5,0
6.70288914348245,5.23240255198382,-0.985215312440967,4,0
-0.746932477486666,-8.97171846913396,1.15216341642916,8,1
-3.47293191401129,6.67014877450355,1.28517333184545,3,0
4.43975140416184,-5.34131847271285,0.257478636248237,3,1
-7.13200896178983,-2.78307105276673,-2.13484448371896,8,1
6.45196613585545,-6.26253634451792,1.56807441241965,8,0
-4.32732622852092,8.60823811067783,0.872072522099577,1,1
3.92415744841811,7.61911603069796,0.944940691354979,1,0
7.32101634820608,-6.23910106133614,1.17088731525141,8,0
-2.97889936460287,-9.10485055010671,-0.0704502275578601,3,0
2.33656442958402,9.43001419364512,-2.2957127263873,2,0
-6.29354289935482,-2.0216925260759,1.99582769070429,6,0
-4.15045528037417,6.85016940775298,-1.02241922335463,1,1
3.02626431800681,5.76052366262392,4.59867113435348,8,1
8.25462514553792,-1.57894646384986,0.159241711180333,8,1
6.47593036680033,3.11492125894825,0.340088431540797,8,0
4.96251211047989,4.35679219439735,2.23088238933301,7,0
-4.16063655785939,-6.49045277791701,0.784734376353662,1,0
7.75048909938314,-4.55532861406046,-1.14153399829039,4,0
4.53593172531817,-7.87792286252606,-0.874406718668948,6,1
7.13013805244143,4.12223849883974,0.24064604173264,6,0
-6.73453765073537,-8.57834343636807,0.37832175028852,1,0
-4.41617913828946,-7.65177843542148,5.96935932212469,7,1
-5.87340896903749,-4.65879300188849,-0.290542798650005,1,1
5.11635393998328,5.03076904685964,1.76772974069603,7,1
-0.903736733862515,8.8459473344052,-0.947051809936391,2,0
0.425025314232966,-6.79156988308432,0.9607513581621,6,0
-0.696094845977923,8.6703171832929,1.46714034044907,7,1
-6.78738015347974,4.56512148092306,-0.676252495510016,3,0
-7.19486071050835,2.74216476462971,-0.806998162995961,3,1
7.18558670198996,0.445677249463317,1.56228185528604,8,0
7.62801111492801,-4.12661698820085,-0.83582715693803,8,0
7.22648183198313,5.49116489869532,0.600563968899093,5,0
6.17257127967704,5.75777848125204,0.966800705342511,5,0
4.51856316207486,5.90099426512012,-1.39176045233246,2,0
-6.5318531848842,-6.3059217100948,1.38331886706483,2,1
-5.70246156824156,-4.49231821706563,0.867124452530627,5,1
8.16370040567423,0.972431857776855,0.851233912599787,8,0
-8.14827350215523,-1.99162013922153,-4.49510706888937,1,0
-2.47716518927638,-6.52251252400719,0.873038854168472,1,1
4.45082975300376,7.0087114433005,-1.71394981886517,5,1
3.82102168562144,7.12984121657057,1.8222202297679,3,0
-7.94420367766526,-3.32175980953332,-0.162650169284669,2,0
-3.2483188746832,-10.1009743523481,-0.337747392072594,2,0
-5.30730081734925,-7.76153958664323,-0.916721229040748,5,1
-3.23695199803404,-8.69158101963749,-0.0379247105797006,5,0
8.50100483035754,-0.16979605901464,-0.173532071587701,2,0
-3.46386672193874,-6.53906547534731,-1.46692653109556,5,0
-4.28949033603026,5.11807501161219,-0.555804130268478,2,1
1.91381941666207,9.06944956910749,0.645615735316166,5,1
-2.69171462514714,-8.03607656301369,-0.566791722604464,7,0
-6.67945807912296,6.54219662301695,-1.81472829524359,5,0
1.61278059403651,9.08916409638766,1.47407149791738,1,1
6.35909056730423,1.79751045022224,3.39837071882485,8,1
-6.92257227519585,5.53178196681393,-0.836782922322749,2,1
5.33201168159134,4.62996219641565,-0.492596376390177,6,1
0.670972144387357,6.60127882864992,0.772440237208702,5,1
-9.1203368604753,-1.948773864764,-0.603852067226147,1,1
7.23094592367546,6.54826204883802,-1.152700719971,2,1
7.19289671039736,0.2211264811657,1.70857268630773,5,0
-8.12559513907716,-5.11301646521193,-0.9997002876519,1,0
-0.817598330683357,-8.17386198740219,2.20627076854321,3,0
-4.90528747630091,4.52618675703533,1.37105054975135,2,0
1.72687209019195,-7.06437271613513,-1.18653969567224,2,1
7.84463389177197,1.80201235077778,-0.234918312582659,6,1
-5.85508171808629,4.07713191438484,3.44237784597212,2,0
7.67004772377012,3.02239795073035,-0.539872648193291,7,1
-4.02392190941692,-7.42728112104621,-1.27721408467625,8,0
-1.11363383411449,-8.65490842330336,1.30509017915344,4,0
-17.313482195868,21.7622033684897,5.81140345436362,6,0
17.7803953069256,-10.8318483370695,5.88927241452538,8,1
8.41157922518041,-0.832328803881594,-1.16233403532752,7,1
6.25852220394833,-5.46514210529073,1.3919965648792,2,0
-8.09189924545981,-0.0246757105607669,0.438192485483899,3,0
7.53493794912389,1.87104254193017,1.45115060585492,8,0
7.69393762286886,3.02790872391828,-0.486325324393256,6,1
-6.59566517870791,4.37388051549672,10.9810866762642,5,0
7.88227842821748,-3.64566816990301,-0.234097142745146,8,0
7.36712358818356,2.64331252638346,-0.246320136482428,5,1
-8.7943792123844,-0.26727413440545,-0.303540652784566,3,1
-2.66033920283376,9.49165619098015,0.780839530239087,1,1
-5.81776142413867,-3.67805062224994,1.55160625913287,2,0
3.53717646998984,-8.37251403592042,0.61484703678885,5,0
-1.12339424062026,7.35862206798388,1.07558318967201,5,1
-8.56315286191344,1.64186206352391,1.44059147044922,7,0
4.12863858634791,7.36980728191545,1.69927738641734,5,0
8.37258570692692,-2.62329904958464,0.2492241524237,3,1
-8.26618820089572,3.05041711059767,-0.160723263126245,2,0
5.91652211512894,7.27724776665835,-0.261601511785009,4,1
8.51600322520188,5.2058600331783,1.57389234259405,8,1
-0.0500744599482506,8.62445981899009,-1.51907089829351,2,1
-1.59167295983678,7.75306217895096,-1.46407200073134,3,0
0.688084328481695,-6.75186122952547,0.601088840834419,8,1
-7.60610947306698,0.0877901240693412,-0.66537799662263,3,0
-8.84919036528567,3.2471196313282,0.939824725570036,1,1
-3.66998153885267,6.69905014527822,-0.811971316482842,1,1
6.0680534034247,2.7942037799722,1.77402598482347,5,0
3.18931170853355,8.15132908404471,-1.41632076808896,6,0
-7.50909902549995,-3.32014887883155,-4.20408296878013,3,1
-4.40402643820502,-5.62133048857693,-0.525908396748996,3,0
4.24831715380739,-4.33514662335113,1.66021020809429,1,1
8.20008968171866,3.86715952108184,-1.28525607550558,6,0
-2.92933484936059,7.87922203104985,0.830489964174552,3,0
9.52327156925634,-1.18010484794014,-0.171974578754078,6,0
-4.11305694184566,5.7742620362188,-8.66079438080253,3,0
6.9061190599587,3.45256374894384,-2.26046886499372,3,0
-2.81526327519296,-6.39463327498478,-0.527213712706514,1,1
7.35220743254908,-4.1599873094586,-1.27143412631189,6,0
3.24399008957146,6.5821401099434,-3.32021137483756,3,0
-3.52452210944705,8.48437136476018,0.114968591379872,1,1
-3.79072381056264,-4.36146497845981,0.462682401312318,6,1
-7.91305474024379,1.26724489328602,2.17832886993035,5,1
-8.08951685344185,2.45358045580089,0.146147217790797,3,0
1.66203268554353,-8.71677658308377,1.47526603133921,1,1
-8.7588172202923,0.175104143178438,-0.871015973039463,5,1
-9.63038608757856,0.159064277854928,-1.05843894146402,4,1
-4.94117176441485,-5.91727651010562,-2.0465956605772,2,1
1.30103885997631,6.20264196886837,1.29146079120123,6,0
-1.36464019852583,5.85239161601913,1.4059274795262,4,0
-8.14225871299277,-1.62664784805659,1.006591408209,2,0
-6.72327647685265,1.41998156591505,-0.203009945642939,3,1
4.26469928188563,-21.2772656751041,1.29459377381247,4,0
-4.29865943174211,7.08488509160012,2.63076076355129,5,1
3.74542779311386,5.78853214724961,-0.635849901918515,6,0
6.57368948720912,5.61251532247522,2.34633916819705,5,1
-4.92950444695221,5.91817992495925,2.52292513721317,6,0
5.71666379292038,-5.05335072891863,0.816117070596624,8,0
7.61075871603926,-2.10882585614679,0.262349705395576,5,0
7.34265657447179,4.11203401874801,0.210911529000886,5,0
-6.05651837723488,3.32706481863148,-3.14228902157342,1,1
-3.73324306804594,-7.80036001308987,-1.16275192451278,1,1
-5.71894395431525,5.72555162485966,-0.321908523348687,5,1
-7.04110480910226,4.10714067326167,-0.43743331358047,3,1
-7.71734183861575,-1.97933389822206,1.18723391227616,2,0
6.91874564679725,2.36860498365336,-0.158707835892899,5,0
7.08104916133899,-2.03958938079889,0.379694762886004,6,0
8.13457869507208,1.6326618468041,0.580218589071733,8,0
1.22103821312837,8.23755361463541,-1.10850051913773,5,1
-7.4123711314765,0.168456458866491,-0.28596977053208,5,0
8.07172433070247,-3.52068848219001,-0.808773679087556,3,0
-9.14105534690107,-1.31873762516701,0.622757576642453,1,0
-5.8715647343998,-5.19457948431948,-0.402365020432753,2,0
-1.49314656814598,7.31760324030619,0.128437615875405,6,1
-9.12577832832352,-0.667131098727011,0.750472837348613,1,0
10.4786502782854,20.021089553355,0.9044049787511,8,0
-5.74045182123306,-25.5279231419994,0.2138330479599,2,0
-7.75768537537102,-0.986251418419219,7.62913176174716,2,0
6.26617060544275,-4.18130007833964,-0.969407862607645,5,0
-6.06580647866525,-6.45793385489999,-0.129840473116292,2,0
-23.295020073391,-13.0187248680954,4.2644680562881,2,0
-4.60848082668493,8.04897872999442,0.30169748362621,5,0
3.25899355704832,-7.02363275741361,-0.274425685198207,8,1
5.06106754427152,-5.90696594843244,-2.85990655999202,2,1
-5.91115943750611,5.99923590537952,1.18459918634544,6,0
-7.21520815443421,-1.91438655086205,5.33245433133768,5,0
3.62435154611644,8.16565768161011,-0.91028282691355,7,1
5.7068251886054,-5.05081079185139,-0.775273933340039,7,0
4.25267425468554,-6.07940408365031,1.29557908106054,3,0
2.95032996757927,-8.13523904253778,-2.41718098377157,7,1
7.76516320027393,2.62198348082004,-1.14014401515904,6,0
-5.93423902540843,-3.75425996621374,2.44237027212498,6,0
8.14014703520817,1.63733848564858,0.284732464876351,5,1
0.830943053758906,6.83261345980764,1.82953277193405,4,1
-3.6428686298175,7.24360467958624,-0.211510017081737,5,0
-5.7560066818654,-8.48859591638053,1.60248325265353,5,0
1.6646361916837,-7.66484664652884,0.267307272578623,3,0
-5.25675037572874,7.09880193943171,-0.711973116293556,3,1
5.94139750302816,4.46851069715958,-0.343816679343863,7,0
6.62821378885765,3.44039905012608,1.2240554417771,5,1
-7.31951541237892,-0.312260918495957,-1.08244591968783,3,1
-3.00338342015699,-7.94056421885907,0.820994266729539,2,0
-6.68350592454322,-7.50208938269542,-0.675478568420635,1,0
0.473312459175232,8.19493629454848,-1.76785189929138,3,1
-1.37787675629322,6.55479593499253,-0.526897096030827,5,0
9.72240480704109,0.51781801905023,-0.424411724803595,8,0
8.53847760253047,-3.95737970343491,-1.44074831699203,3,1
9.33140185547368,-2.20264144086706,0.138774278075508,7,1
-1.91747344197458,-5.7363141133522,0.461016035943491,6,1
3.55816301478101,-6.74222022269411,-0.512479478632726,8,0
6.53157845010958,3.62337249505574,0.225250349008545,6,1
-1.96010556986257,8.00614147452494,-0.198555166499235,7,1
-4.58860638722581,-7.04814692393535,0.238602250789547,3,0
6.8665808709867,6.1896580356405,1.08743443402048,2,0
-4.55393070065261,-7.83454442759038,-0.411948989804997,3,0
5.54947449408792,5.38966859489786,-0.00405927704330329,4,0
-5.5927587055464,-5.58563623373679,-0.783966707498716,6,1
-2.29927469207166,9.16506693824979,0.0997793166003883,3,0
22.7483844190868,7.15300104826341,6.04732841342121,8,1
3.56575847871767,5.84598324038943,-0.749784879405853,2,0
-1.21480730845662,-6.69550411466275,0.302344133178333,2,0
6.2803078702074,-1.39492966102231,1.3927040457473,5,0
-5.08365015732651,-3.76507060443009,-1.98916883942948,4,1
7.75478961935005,0.934801703078356,-0.536677984841444,7,1
-5.27525084425883,-5.99194882968518,-0.711319914248247,7,1
2.18897563033361,-9.77188259703715,3.12807217157152,6,1
-7.20381615305832,2.88399942265124,1.16115037092907,1,0
-3.60280172432393,7.69725328067244,-1.63659983250695,1,1
-0.204727711891786,-7.91668684782483,-9.85005319595549,1,0
5.41774780024677,5.74662026345109,0.708340657289225,5,1
-7.20753504823618,-1.1343456219042,2.38517425991728,3,1
-6.78239284976793,3.12080991514158,-0.0777168040130913,2,0
-3.12409359269148,7.45696944125008,-0.525558402779028,1,1
-5.83370340027845,-4.18649158762639,0.253026921051379,2,0
-0.484918059675127,9.5117288676045,5.57459403463648,7,1
7.03395730730233,0.60862760843642,-3.69983543540748,8,0
5.7833323397922,-5.42382940810669,-5.70460141178149,6,0
4.52176880630005,-5.63239857329036,2.26224841003091,6,0
-7.97362813869596,-1.92466985936369,-0.688679672434772,2,0
-2.58478811979376,8.09591419310381,-0.250232319190057,3,0
9.71555621948701,2.8244522386672,1.88500872409998,8,1
1.33014162878374,6.20560919748263,-0.1146729442026,4,0
-2.11786903188347,-6.78482249707451,-0.562519702451649,5,0
7.8500933986023,-3.64026376430265,0.233833683932675,8,1
1.59137615681892,7.58344518076465,0.264071268831911,7,0
0.822636746003755,-8.14643163669919,-0.448600043997955,5,0
-6.18042362474896,4.05066776312256,-0.659576690774695,4,0
-7.3644929229335,-3.36846186525902,0.455739354098055,3,0
3.07244837529627,-7.99725626412105,4.62126159914836,4,0
2.86227891824877,24.4918082585363,1.71671642514989,6,0
6.97911096080156,4.31388481350364,-1.54901847825536,5,1
3.65605019256895,8.16933763862335,1.95142978036546,5,0
-1.95574153551989,-7.34616606768928,-0.264249694109417,8,0
-7.12065051722806,-2.77670113602544,0.366259510982587,1,0
-1.40764963496159,7.32048334481987,0.656550500004484,4,0
-6.35888500047541,-5.13227178874173,1.23405844872736,2,0
7.12421444886602,4.03973107919317,0.323769302575024,8,1
7.75898951244519,-0.933010944780555,-1.17126123367309,5,0
5.70832446281885,5.78271570151208,-1.07976446188764,5,0
5.13252288889073,-7.98600318148554,1.76902612652119,5,0
-4.54909900604109,7.64734776232576,0.218848202348271,3,0
5.23277149262747,-7.10547813363274,0.361854802780777,4,1
-6.8758533090616,-3.10032444940823,-3.86025842558501,6,1
-9.66748111763176,0.189698137556511,-2.37891865480883,2,1
-1.03504241582529,6.54669120104092,0.459882736163233,4,0
8.18545114990107,4.22462081015085,-2.18698191099448,5,1
-7.69708522379911,-5.26037711949131,-0.506275763797984,1,0
7.64042794477753,-1.30615568701296,5.73432921106492,5,0
4.92720666404737,4.36138381784344,0.268295558201422,8,1
0.463755927122625,7.41045189323712,0.405592647865743,6,0
0.724158399895228,-6.96996626699404,-0.0647718503098585,6,0
-6.88808384575248,2.82737814773742,-2.7874795893283,3,1
8.68510620869159,1.89252073433411,-4.07263439796141,8,0
9.08670608116358,3.42358828109561,-0.253886052107165,8,1
6.55494771258998,-2.67649535747456,-1.00341476355435,5,0
7.151548631264,-4.9642987148532,-0.352444375325272,8,1
3.51003708130939,6.72699667783163,0.232790726197294,3,1
6.53716441986713,-5.09862809904226,-1.00158611898725,6,0
-6.09038602109301,-5.4923032460827,-0.111746993360711,2,0
8.14289511864557,4.23113356110343,1.40791337707736,8,0
-6.70568955754602,6.54319134188607,5.10848474671418,4,1
-6.33215020665773,6.75464199695695,1.3840843864049,2,0
-8.57272137914255,-1.93824864652064,-0.599855338718638,4,1
7.92015467222077,-2.42831644744557,0.394680844867737,5,1
-0.0191207892860022,8.51344433202568,-0.247933019473404,6,0
-0.678076628774113,-7.26390652580298,1.73960629875675,3,0
6.07681403261448,3.56085252305459,0.88407952346963,4,1
6.05306607789436,2.79551164135738,4.32083889849722,8,0
7.57695313850886,0.90032147889517,-1.45319071528317,5,1
9.15319221781855,-3.05626987594989,-1.1975280540437,6,0
-1.20961654221664,7.36100047824109,0.535977568442644,5,0
-8.64669135183892,-1.93483017541925,1.97357811913384,1,0
-4.56101070929212,6.99201942709336,-3.21263246951767,1,1
-6.68746189561064,7.11592584545983,-1.6005040074712,1,0
4.76538503992222,-6.48282681646553,0.119433237337744,4,1
4.27900994918498,-3.46009155778113,-1.11965891060292,3,0
-7.45038397129805,-4.23940656497928,-0.438881354755727,1,0
-5.42566291707853,-6.46822131291554,-0.219601261122221,3,1
-5.96080984391424,-6.31873028039315,-0.182425755087127,2,0
7.54002125405613,-1.2414841000191,0.618185306041954,8,1
6.07087932141926,-3.03122233801841,1.77402173609171,8,1
6.97233793907075,-2.25053140563963,1.71256488997395,7,1
-1.90623578696464,-5.73312091200575,0.432827791603692,6,1
2.93073397002363,6.61902763620935,-1.29060098167162,6,1
7.58354210966158,4.41268596014314,-0.03430896121304,7,1
-6.57787641356269,-4.9011844050381,-0.19434205421642,3,1
-7.32838204263731,-2.1491975157992,0.499256573501277,1,0
2.9390312793325,4.4022483740913,-2.41226692562591,7,1
-4.54659936650246,6.45943152308832,-1.73937710240557,1,1
8.59923875333819,-3.82809300183007,-1.43861430750693,2,1
-6.92055856422806,2.83049096869369,0.235671132486428,1,0
-8.33765316050675,-2.26544768391117,0.0222705179739565,2,0
-15.2895054036945,11.9992099808517,5.94240003610334,5,1
-1.36290151573878,5.8555579713112,0.504364670378489,4,0
-5.52834382721795,0.835187830987848,0.216702746679438,3,0
8.21393051300036,2.80173948837466,0.159636991126394,8,0
-6.21940789261015,-3.57962700449895,-3.33583544625953,1,0
-9.09795706285861,0.126392742160606,0.515030586809149,2,1
6.44642507220793,-6.2600464815993,0.306140186705226,8,1
-7.07269624341616,-0.844471122168184,1.11082044644771,6,0
-6.79772076644178,3.12667945912556,-2.47787678051948,6,0
8.84180952284288,0.883352153608556,0.109079994214744,8,1
-1.3308581036053,-8.18872073538869,1.38943328173825,6,1
4.72053192914985,-6.47908982612495,0.0442421745280274,2,1
7.54314549859306,2.19813211099776,1.90976749578482,8,1
-7.63860739773774,5.47381831522253,0.0452256591813959,2,0
7.53127113163778,0.423498968043879,-0.378389950365895,7,1
7.03088674106612,3.49930354166333,-0.722250227749807,8,0
-2.31518367375259,-8.97516115008092,-0.755897513369227,2,1
5.49850095748712,5.00433164660854,-0.983007875665703,4,0
-4.52962044768945,4.98872360463752,0.726018788121365,1,0
-4.99403134089319,4.73471949069211,-4.62360328124012,3,0
7.40178283977815,-2.32724610484469,-0.904357067473734,7,0
8.7469529719012,-1.40559091209971,-0.876169923800162,6,0
-2.50480434523406,6.85765857218883,-0.425630936438623,3,1
-7.38025380472505,-3.31856071830867,-0.547011014022039,4,0
-1.45313176461818,7.32336323104398,0.682402052761395,5,1
0.542171409916387,-7.45361683043809,-6.93210648841113,4,0
3.96012972249451,-6.86787552701423,-0.390881247508804,3,0
-6.90131754620815,3.74391101084008,-2.77657280548678,3,1
-5.48164518588367,-5.7161565553513,1.52022763953348,1,1
-6.72970248945195,3.92337832758751,0.261623284159159,2,0
-7.5365861183629,2.9488505363115,-0.346778733593607,2,1
8.19464610947147,0.976393724395811,-3.82543049798787,3,1
3.08081384915577,-7.60838614624239,-0.567360753981909,6,1
0.0979260452931866,7.86321265629144,0.175885437099183,5,0
-6.92454790341854,0.848947281048887,1.33752396121516,1,1
-7.9940164899431,2.66479720873346,-0.162015861740415,3,0
5.93511952643125,6.5603405197171,0.453951197364976,3,1
4.63383047020367,-6.25511850435406,2.21595973394236,5,1
2.30119507918594,7.71778113421523,0.47545844046465,3,1
-2.8066417037809,7.83350037224504,0.777114413519719,1,0
-6.70226652694906,4.01179847536938,0.60726461946972,1,1
-6.62000181540418,3.83331224743705,1.04738780337186,2,1
-9.10891981200338,0.249773413140234,-1.02717780162827,1,1
-0.339945358418379,-9.37474914827683,1.67579311364559,4,0
-1.07877294624958,6.87787713983087,-0.273326324038292,2,1
-1.22513793453511,-6.69249241498454,1.7278027181326,4,0
-1.47708779900458,-8.93909655955484,0.00517615527354044,4,0
6.09322163249565,-3.0263613029795,1.07754517409005,8,1
9.16092286455875,3.42788929575845,-2.10870054193396,6,0
-9.7657290460247,0.0836355927365472,-0.514598962258071,1,1
-7.12879946519754,-5.38557660117295,-0.15801120019911,5,1
-6.97787564032412,-1.69499184397146,-0.715847369973812,1,1
9.10236548963314,2.34449069419415,-0.253355930631799,6,0
5.86127828467705,-6.87700953727711,-0.102300701784672,7,1
16.0982115331672,18.6363178768166,5.49931880519757,8,0
9.61310148972691,-2.20671808046583,-0.0290538503918884,7,1
-0.772402649008976,-8.59025591057962,4.22870585042843,7,0
8.07503470376299,4.40648169935189,0.482927795511077,8,1
-6.15705291885506,-4.17605172290434,-0.627964144452562,6,1
1.92594582027398,8.01931059642093,0.773581833632651,8,0
7.53313180723095,2.20303764125316,-0.204529331645986,7,0
-5.45766399770117,-0.956257946120857,1.88118286957681,3,0
-8.58033846449156,-3.60755204515945,-1.38329579084809,1,0
7.99622748794429,5.95888832110457,3.10756120357358,6,0
4.96759502680555,-5.79614424467341,0.527196473928306,5,0
-1.02969713942035,7.62705261503835,-1.15371817782525,4,0
-2.47342260167866,-6.51840259870874,-0.0371893404978102,3,0
0.621609416915069,7.16081598538123,-1.80259043559496,3,0
-0.294980782029859,-8.94586837584566,1.64801735115935,1,0
9.97397576198684,-0.708409396938338,-1.071242039543,8,1
7.42746131940087,-5.32473321683012,-2.49732102924389,7,0
-24.2615646025284,8.09839826668957,4.77810640784157,2,0
-6.86664928913987,-3.09708041764819,1.61245040333799,2,0
-1.47198495772887,6.60632434648961,-0.0953408723904634,5,0
-0.227851399667625,-7.69906292415365,0.0593523610579363,5,1
3.31234394443323,-4.98008195235731,0.929868121751149,8,1
-4.42864639059263,6.00699592714307,0.403293516784468,3,0
5.47177643800095,5.55423092622654,-0.240239561252443,2,0
-8.27873973821958,-5.0433140989346,1.66785403368757,3,0
2.60691092880297,-7.0366300547022,-0.336285615412576,8,1
7.03701056684667,3.76209137656988,-0.879887229248278,7,1
1.33877921798141,6.20844698707773,3.67776953746836,8,0
6.3717768906485,-2.99364653576113,3.41287911602297,8,0
3.03826561884311,6.24579937984658,0.54560149175228,4,0
-17.8827171766616,16.6248024159807,7.08546152292521,2,0
-1.6291133876283,6.7707070124209,-0.41725937351202,7,0
3.26535822675566,-7.64191423643358,-0.503861232423022,6,0
8.48554345860055,0.354935622136815,1.19699113466795,8,1
-6.15386774013531,-1.47030126909505,1.48835861699288,4,0
-6.24194507019593,-4.62850623498328,-1.77667593373697,1,0
-8.29809963153902,3.96062944042566,0.496829848434023,5,0
7.82529694238816,-2.41764904279093,-1.01781364778677,5,1
-7.63478145124052,-5.51667119547688,2.35971606401208,4,1
-3.37380141995908,6.69565460359402,0.21238159080631,5,0
-6.61742615019065,3.83879501414096,0.71071706009875,5,0
2.58440599182686,-7.68320682927119,1.0640629338071,6,1
-7.66286467302843,-0.980221729581854,1.55631529870948,1,0
5.9447109188213,2.08340495387669,-0.343470422597836,6,0
4.73961900330306,-4.37772054335554,-1.69858420448074,7,0
6.65570252089413,1.71984297480637,-0.647456645693635,1,0
-0.224319963159153,9.92099054399767,0.433714020138691,1,0
15.251663075017,20.3694018675727,6.83854761602158,8,0
3.49359925076674,-8.07662329142958,1.18043840176274,3,0
1.8095526695849,-8.39175445129952,-0.0521985474506781,3,0
-2.83776051492561,7.56067232468472,0.983073481516331,5,1
-6.49168226367711,-0.158581817158141,-0.888701356812154,3,1
2.49870762130561,6.62156714826813,-1.03862888489904,8,1
21.4447872508612,8.20845359814857,6.3389424168618,8,1
-8.27066873052074,-1.76834118238796,-0.901906464976808,2,1
-4.58526848410532,6.9947287645628,0.228608945853677,2,0
-7.83381346953866,0.537883965488636,0.240292978651575,3,0
-0.602843844577688,-8.23113683227099,0.914228417143547,4,0
-1.46702639253482,8.03211458114329,-1.12744222368659,2,0
-0.376951582586903,-9.39033381288146,0.396585718234361,5,1
1.45338450104259,27.3347317838054,-0.889752849106373,6,0
-7.90474751459277,0.543347631844144,-0.31573659528907,2,0
9.35366929305363,0.747639643382229,-0.189292938651234,2,0
-6.13002949583955,-2.69765144909927,-1.25063558299534,2,0
-4.43183161845267,-7.63037940809463,1.3223123714659,2,0
-5.62311766037097,-4.71529536302646,2.04328646353111,5,0
-8.60335771814682,1.61250188124165,-0.0865581055393142,2,0
0.44479176162957,9.33885000762835,-0.28363544165888,2,0
-2.85361300893502,7.88211361918167,-0.249456110009416,4,0
7.59565119834144,3.13252453259394,0.262498450429968,5,0
-1.36113107060588,6.55576852374614,0.760496996700382,4,1
-4.32351979028734,-6.07347927933448,1.2856352490204,3,0
8.11457996530424,-0.790936550903086,1.16386541392007,7,0
-6.97463984676189,1.57832629963284,1.11159829693356,7,0
-4.79166001622782,-5.22340988504675,-2.04205442478569,6,1
7.65968623379796,-2.36145615188229,-0.00964062032297282,6,0
-6.79249598508996,5.50821783126037,0.256488138211284,7,1
6.78366418276143,4.50158253715637,-0.55698295969168,7,0
-1.98644689509615,8.00900782443036,0.984508803280636,4,0
5.11900283998668,-6.80174965395288,-0.382555581867176,8,1
6.67399534154099,5.65318107399504,-0.527840981454485,7,1
7.71474506519206,-2.35590359812653,-0.0092818264756779,8,1
4.42215600017105,8.40145200711648,0.257932749903671,3,1
-7.94181302129513,5.22631407983168,-1.29635563516732,1,0
4.77314360576221,-6.62236347945627,1.28725621586484,4,0
3.93030291641248,-7.09776021439581,-0.973983729510171,3,0
3.30066393544496,7.19640216755687,-1.56398279425299,5,0
-6.15541343970718,-5.55719935119198,1.24574088044272,2,0
-6.2283617720797,-4.62245665719108,-1.15715293340823,5,0
4.02896971207212,6.52969681907813,0.537934839686877,5,0
6.82622552566486,4.50758137597961,-0.519015353657953,8,0
3.520148627123,-6.0099868444564,1.77203241489426,2,0
-13.5979836185955,2.91857143738193,6.26058503651924,5,0
7.33322653396724,0.693565294059152,-1.15991425583147,8,1
1.20257139865387,-7.24260058664587,0.724133793544117,4,0
8.25830071782568,-5.18648648873299,0.126028129235367,8,0
4.69559679524416,8.50745182382217,1.24867582561113,8,1
-2.20528235634588,6.61648893028593,-1.16322240712872,1,1
2.1260226732227,-8.79391809742006,0.0161325617423839,6,0
6.00774144298618,-3.73250672014762,-0.343125439539236,7,0
5.23418217508264,-8.06511915444317,-1.21951419255637,5,1
-6.14610014055896,7.95380468752046,-1.2494944429934,1,0
-0.109569815132751,-9.21722786881348,-9.42620553730906,4,0
-18.7163488019438,15.3618548048317,7.06122188377157,1,1
-2.21840777217658,-6.41360952080127,0.463126244862575,4,0
-2.73133224726833,9.48173472971305,0.434606054762664,5,0
-3.01637889924118,-7.15548144692133,-0.629313886590333,4,0
12.1900026248967,1.73843659316877,6.01269940558608,8,1
-9.70037714900993,1.46299156105422,-0.513907429769321,1,1
-7.44180829689268,0.844743567388233,0.407732478224409,1,1
0.486768867648796,5.8958347156772,-0.393533281417081,1,0
-0.586834292986197,7.84597348010954,-0.431962253479786,1,1
-5.4399806575739,4.90615177154764,1.88245996017266,1,0
-3.61160230734028,-5.75144160566814,0.487729841557643,5,0
-7.79380905237913,0.950688690670773,1.18257034730064,1,1
8.1029075237597,4.40854908155812,1.16515059464048,7,0
-6.17453647372062,-5.25024424391239,-0.309650674324301,1,0
-6.35207471089683,-5.12831090654308,-0.720308736586705,4,1
8.51969946560989,-3.89363243973214,1.77968304029079,8,1
-7.48285705549947,-1.76092976058524,-4.69466402449809,2,1
2.63249019350649,7.89210160942846,1.06508495407478,6,1
-3.3122214739894,23.1418617945245,0.397204361917055,3,0
1.30428053258829,6.83791075568602,0.272662734763926,2,0
7.5780469096998,0.902269600143278,-0.0336092465261748,7,0
7.69128932164678,3.74854306394424,0.117448078480474,5,0
-6.20643416658074,4.05360862786299,-0.627292278158641,4,1
2.63803444968849,8.14130755001581,-0.249075296603498,4,0
-9.14043107841224,-2.48797831585206,1.20475033720523,1,0
-5.91474336197699,6.26316316681881,-0.149164378284593,2,0
-8.62188870320073,1.38564718515416,-1.18007996575174,1,1
-5.34543529080085,-7.96163947766927,-0.59133112733423,1,0
8.82271715959916,2.92359706870753,-4.93751974533217,8,1
6.6773357676315,-3.49012096571531,0.539597915456795,7,0
4.8017510946556,7.05615459126549,0.630492566001281,8,1
3.54614654265068,-8.3693056252353,-0.74932443008698,6,0
-3.390367601391,6.38073946645411,-0.0150724052783563,4,0
-2.96869390340598,-9.08514879458402,-1.4635073311853,1,1
4.18149046569287,-28.7504185591549,-0.609856014537905,5,0
5.21484016389596,-4.66477938497064,-1.24265746061997,7,0
7.45076909050236,5.13679591270202,-1.08787932015132,8,0
-7.03288753579097,5.69732488852663,-0.0906753744022225,5,1
-5.713470716108,1.77189497425714,-0.0195267772327762,7,1
-8.7892271359943,3.28399359393742,1.50671036070481,3,0
-0.267662024945799,7.14793449985211,0.85904807851235,3,1
3.56809910360246,8.95715359811459,-1.07316080731864,5,0
24.9236280081819,-14.4841258427221,5.05583602662981,8,0
-7.40543766107185,-1.97533089757848,-2.0511377932983,4,0
3.47641175926728,-5.80197064004492,1.53738239407816,5,0
-6.23741728125313,2.7327173372695,-1.15639758436627,1,0
-6.71070525280478,-3.38363286488967,-0.491106402817611,2,1
-7.07824069732978,-4.80965987414348,1.11235773527876,2,0
-1.74767357001939,-8.49344269183721,-0.522674985862191,1,0
-0.000809328432746781,-8.8122260770205,-0.195712700202122,4,0
7.01207343552484,-1.89208481659419,0.227294021050689,8,1
-6.7274605065671,3.92857679756843,0.57140448213994,1,0
-7.68428725146277,-1.1522879858771,-0.505470947200005,2,0
-7.864889085322,2.99016304298042,-0.0690985744723918,3,0
2.0677146555881,8.10182421497436,-6.15179397535431,4,0
-0.630715232994326,9.0241698287097,2.09475831623117,4,0
-2.76125789670841,8.43473258320819,-0.25768026860211,3,1
4.39774171282627,8.40467418282834,-0.497681424400124,5,0
3.67321677007084,-4.77663015571378,3.70405926278681,8,0
-5.84973198118728,-4.65276796282334,1.12522663005048,4,0
-4.73420918556383,2.81478740158101,2.41663073109548,6,1
6.01592935300181,5.1866530876601,0.624090391276631,2,0
-0.102637560462949,-8.27444948698575,0.765846724718702,8,0
-2.37360822701731,8.61720877685037,0.810269907731754,6,0
-5.58895914939185,-5.7766031445131,-0.908177621521126,1,0
7.04905999081795,0.918162222555214,0.51770323599298,8,1
8.79085144909117,0.492763112892547,0.602638561441462,4,0
7.64269047633109,3.46469823648787,0.924085646600668,6,0
3.08249980715945,7.60892508046068,-0.0134647822618526,4,0
5.72754304967149,-5.31418002828051,1.87988218260461,5,0
1.76976926816427,6.66138651348142,1.10833693768082,3,0
2.10666829361044,-6.39653338216944,-3.72274032663351,4,0
7.46799766170251,-3.24883313878777,-1.26235544062668,7,0
4.9321963092599,-6.63873690853215,-2.21965209220362,3,0
-6.58691311447352,0.947365101463574,-0.342434422899844,2,1
8.43047660032402,-0.367803072907487,-1.16213094238717,3,0
-2.30990044471644,-6.14620777268365,1.28647727350388,6,0
3.19300879885444,-5.36387284004042,0.343423068176444,7,0
8.48944337224296,-0.828446367394799,-1.72169776983714,2,0
5.01250263130042,-5.90440526859615,0.527885214165425,8,1
-7.75282961977193,-2.90107799676439,1.03045803780462,3,0
-8.2205424154658,5.21738221018587,-1.77153014353367,1,0
-7.41064074839216,0.0084912095268663,-0.573398698634764,6,0
-0.937637936099562,7.39495240248616,4.08420933136974,8,1
3.94240001515908,8.29869405134449,-0.225526374647408,4,0
-1.39316733522412,-8.93179461097825,1.12738037849733,4,1
-9.13077270275723,0.466902322423683,1.20572570337885,1,0
6.98248367512068,-2.2457867120217,-0.0257477627696599,6,0
0.420086371324877,-7.82207829617849,-0.318858125030847,4,0
-4.01173152124151,-7.16744197492161,-0.41666912712741,2,1
-3.84466087971731,7.11245959260343,0.201384083329747,3,0
5.13533709426918,-3.26856964943001,-0.62157202952158,8,0
-7.44008445240511,-4.43055111752965,1.94017252386373,3,1
2.53095335822767,-7.55235989628824,-5.6983643307935e-05,8,1
8.69305782680204,2.78034251669475,0.174672828603559,5,0
-2.52139884615732,6.69229633919854,-1.54213120781129,1,0
-5.17136225628316,-3.13180652705337,0.882294205354311,1,1
-7.28881131726324,0.144267280674823,1.65319577862055,1,0
-5.14132605022676,-4.00918174679965,0.401250553301811,4,0
6.51167181391844,5.39331146045667,0.00699730547260555,8,1
-7.37057400656738,-1.13081000413231,-0.255651340675848,2,0
-5.35764802583672,4.60439305995815,0.886733179176626,4,0
4.52947547981127,7.12123834403924,-0.405998864923186,8,0
6.3890901359192,-2.98767334329308,1.56081431657732,6,0
7.01525776726033,-1.88799536143062,2.70405886501995,5,1
2.9883675338761,-7.84539735548181,-0.21389615862352,4,0
-8.95031689157764,0.469869608311806,1.67951401460339,1,0
3.38864206566347,6.81914114570767,0.909769052943377,6,0
7.2090363708363,4.67249002102134,-0.311826434971488,5,1
-4.20969447649823,7.85008274532257,-3.11681916321664,1,0
3.54057939719365,-7.53672185067691,0.615212651315413,5,0
-4.20409870854147,-6.48661553640376,-1.12608363921193,4,0
-5.21521410742974,5.55090670196728,-0.324126448199707,3,0
8.0390845799213,1.21329312634184,5.62991590387954,7,0
-1.55721353960318,-9.98234071246015,0.458212672289586,3,1
-7.2139228877141,-3.50234233048957,2.02903851285922,3,1
-5.44709810309386,-6.46472332119196,0.0858537582585855,2,1
-5.06873270342198,-6.82213765836578,-2.33460191839218,8,1
-8.75184924832761,0.129452490522998,-0.660985149284989,3,1
-9.50482859386881,0.206574259642381,1.78717661201557,1,0
7.61632631114139,-2.30402817921581,-0.834884996956417,4,0
1.99562128832875,-6.9057145996877,0.0171792668000039,1,0
-0.200310132056075,8.29083027503007,-0.893913889189932,8,1
-7.76678663076776,-0.567500934201544,0.62082688719758,3,0
0.698902837102559,-6.96754703482294,-1.46036697620688,4,1
-8.57847971886589,0.893362042244907,-3.48412448972108,1,1
-2.84933224247215,6.44248179554977,-0.277813683754244,1,0
2.35407486516985,9.45322784375354,-1.21141064756436,8,0
-2.78418823159659,-7.44826035223691,-0.522199265396247,3,1
1.2165987065951,-6.21523367322659,-0.692184158040742,2,0
-1.46222364453998,7.48595274024514,-1.28031136959714,2,0
5.27669195518868,8.03888734906357,-0.061517187170171,5,1
-4.90123195388604,6.70247829939017,1.46082376103903,8,0
-3.56432452781189,-6.64863735438392,0.611008516824522,6,1
2.46358753375434,8.41757153769803,-0.663149624359384,5,0
4.61093328564068,-7.21918764935613,0.715656167156521,4,0
-6.09721321398371,3.33202176001128,0.991678208109364,4,0
-6.95333181705821,-6.32573522480653,-0.187615181955984,4,0
-6.72131392623967,-3.37963187675617,0.969825638407672,1,0
-4.23205666116546,-7.41820735368964,0.707698972717234,2,1
0.674925026043408,7.07711613148193,-0.924633771062696,2,0
8.88444724732817,0.496540560453367,-0.223809187090869,8,1
7.05499315117868,0.920746626101637,0.878668552112334,2,0
4.0956479741235,4.94120525438111,-0.60943217627246,6,0
0.75255087649903,-8.37892285214601,0.44503955549809,3,0
-7.2814678761458,-1.32705880992354,-0.803818185028635,2,1
5.42125944114343,-5.43907631369812,-0.0453336990843251,7,1
-3.15198385573738,-7.65474954494115,-3.25800182974711,2,1
6.68399400595075,4.43221479738975,0.251136647653581,7,1
-9.46820568111122,2.89368370700973,7.0345250941195,5,0
-6.96826501695456,-3.66185291045848,0.625581612823794,3,1
1.73257894805364,-7.92110834126049,0.0202751285332721,7,1
-0.674793689437436,8.15839269943467,-0.670000677883486,5,0
8.7675544296229,-4.08023796600207,0.873996426721224,6,0
-4.50604333456043,6.84837883726925,-0.897808417808978,3,0
-7.22952946738158,-6.95774607862954,1.65442133259486,3,0
-0.0282495566191612,8.51948263651556,-0.475894683208048,5,0
-5.54788079691009,-3.30064438777721,-0.782779491282925,5,0
5.06490466525789,6.35562660513042,0.679983586472417,6,1
3.23963000029943,-7.49436986102356,-0.435328159428941,4,1
5.87001184588653,-4.64064691439413,2.02235876564921,8,0
-2.29391870316677,-8.96709631570365,0.373553938812157,4,0
8.49332230423346,5.73491050095134,2.16052892119115,8,0
3.32584572619076,-7.28528966515348,-0.282464697563442,6,1
9.70241877273388,-1.17583506828414,1.88631308336375,8,1
-7.76146521120105,-3.04464008064121,-1.07187718062521,5,1
-2.75331609630221,-5.30912378030011,-0.120827760714523,6,0
6.93512980492642,1.18766170939599,0.369536051894811,5,0
7.15446872154223,1.10379974959495,-0.482473308401194,4,0
-2.08088306287195,9.38604336692335,-0.811309765166127,3,1
-0.792036445463846,6.59385248114496,0.536182477093784,1,0
-3.46987443866767,-6.61650407167837,0.782122077763896,3,1
8.81457855961079,-2.54509437544753,0.0554463729729159,6,0
-7.10848653501796,-0.399101586044104,1.26680079782,2,1
6.33576259235333,-6.43667599538439,4.02773774438474,8,0
4.60101624376238,-6.80855375038083,-2.68880513101842,4,0
-6.16694624151061,-4.17074869429564,0.124480215853206,4,0
3.38252916284377,7.1987187463493,4.50911017374005,7,0
-2.65509508576993,-7.29353750463602,-8.31671066879903,3,0
-7.09346943669267,3.26555877768199,-0.80643250940104,2,0
-8.11157323220743,-0.0858441593800685,0.439083724054438,2,0
7.51228441230781,4.2116633407665,-1.08718771557725,8,1
-9.16161356049075,0.393494828766215,0.713993355857502,2,1
3.433543594891,5.62447131062403,1.45472141599137,5,0
6.30285882551681,-1.38979038002054,1.39349866153614,5,0
-5.28211752743468,-6.13477392686136,-0.146258942232357,4,0
-3.1172213694241,-8.34001421937952,0.115570463394726,4,0
-7.19866848481656,-1.86007253435331,1.0957135850557,7,0
-5.57164352057509,-5.58210667218825,0.206333219753951,3,0
2.50734849300697,9.47076456162964,1.08064957527652,4,1
-5.03022829287377,5.38235534130706,0.602837340970265,4,0
7.672682342994,-6.20497414196676,-2.58154258982412,7,1
5.29431543920163,6.25088047144464,-0.934956950407203,7,1
0.648089751532078,7.07980787607076,-1.45976320896855,4,0
-3.63836852817164,6.61140546440384,2.79133712201644,1,0
-1.14196338834001,-6.27250342561414,1.31035098820812,4,1
-6.4281339464003,-6.11627596924382,4.34038367841838,4,1
5.70977338501507,-3.37204944731106,-0.207601619038526,4,1
-4.54402151632978,5.90851285135072,0.263586687405659,5,0
-9.28264532239113,-1.42241108749951,-0.652296030670178,1,1
-7.63101349347215,-1.12726658594212,0.045568901802013,3,0
-1.40534402649055,7.41298642593503,-2.82994233511847,2,0
-7.0655915113035,1.84520208733961,-0.636462826378582,2,0
8.52339818831134,-0.233877705201024,1.19777343214428,7,1
-3.97284342312605,5.83296969984245,0.0661805159082089,7,1
-4.05955719361789,-7.97641718572381,-0.753660949194328,8,1
-0.40765404924753,27.9156893002166,1.12854019101293,8,1
7.05203380643737,3.76653607459653,1.42139048997435,4,0
3.34379440159536,-24.3646739402646,0.809178139815331,6,0
-7.78016043974132,-1.91087241896925,-0.798813086396135,1,0
8.25102823421288,2.80268951446115,0.126819630896485,7,0
5.65753216168562,8.1548301115677,0.651628982695156,6,0
-1.9227711853978,7.35110577896976,0.596250356506478,3,1
2.38626898042454,-5.66698686506022,-2.28990560451978,7,0
-9.09813589227759,1.47741964439604,0.0906920503039843,2,0
6.43698342383706,-5.73944526003079,0.493033915128684,6,1
3.24184409351867,6.6369553804823,-0.633963181570496,6,0
-1.98193727050531,5.57856737102593,0.129264055879848,5,1
-4.55153719680478,6.46217276165725,0.196897290548815,3,0
-1.16898795106674,6.08517683554214,-0.0552770317317048,4,0
8.85845169170046,0.884397850142758,-0.350410301597728,6,0
1.84851933791892,7.06551304745466,-0.0515526876952996,4,1
3.26063519633658,-7.63993141184058,-0.503059881591728,5,1
8.36910347514878,-2.72054350538636,1.77364723208986,8,1
3.40158618483003,5.62852095247266,0.118097877667189,7,0
7.5879536508259,0.0211202579353524,0.0883116168687938,7,1
-4.34519464494107,-7.53875249906227,0.242595761218643,3,0
-9.09348583536205,-0.43592842813606,0.512581563761147,1,1
-1.94685465413304,5.58219391211788,1.07655554977226,8,1
-3.72867825359855,4.27024278148185,-1.09840862868582,2,1
-2.87237158541513,7.46410915432449,0.171532874688552,3,0
18.1873892251181,-20.6925895852072,5.90073546469895,8,1
-5.15666450399027,5.09193712259536,0.401781428558032,3,0
-2.51804805963441,6.85963927950308,3.30367938098832,7,1
0.730433537479157,-8.6641455856643,-0.593362395939497,5,1
-3.38713726282731,6.91995269233532,-1.09290616266495,6,0
6.5162323198064,5.39694306641007,0.22593979660784,6,1
-0.929281962233031,7.54823693805609,-0.416079154933819,2,1
6.17728362796394,-4.88075112374462,3.92666505442643,8,0
4.74418705671978,-8.08050813202992,-1.03627827985586,6,0
-9.13755153553049,1.14620440725402,1.4286616214334,4,0
5.73583954074105,6.2364781440113,4.11413832668581,8,0
-9.29238308484947,-0.813737364820108,-0.839735488349026,2,1
-3.14498276573243,-7.4626828300037,0.171829989010339,2,0
-6.67532338482002,6.54413042140783,1.26287311048837,3,0
4.51361115738214,-5.88080271987425,-0.405397466883443,1,0
8.37606509765316,-2.57971763824784,1.27963667501945,8,0
3.04113037157084,6.24743878906,0.546409156582696,5,0
-3.5439705164988,-6.65274539418744,-0.581477674606726,2,0
-3.82242071748881,-6.10006048130988,-1.57764429840628,4,0
-1.15949912393406,6.08803548518308,-0.624015528829631,2,0
-1.40312847462727,-9.16933113488443,-0.357239149059081,5,0
0.653023826863561,7.08240016953619,-0.923130352902513,2,1
6.87702384431605,4.08496364176294,0.0510243247059317,8,1
-1.76228714147817,7.38531648661212,0.278614724310694,6,0
5.59407378301521,3.17230477470891,1.77423274444803,2,0
-5.3409988241197,-7.96008608564206,-0.64572219842991,3,1
-6.67110686710454,4.25725759805888,-1.06754432120325,3,1
-7.16310292771191,3.19367457022874,-0.0534607053772819,2,1
-4.31962486583456,-6.9001629653306,0.828531897415706,1,1
-3.50970742177693,8.489964882374,-2.4376182197488,1,1
-7.17078720594127,0.993355159267667,-1.95065069993478,1,0
14.8337917754544,1.74183519753336,4.17765429036075,8,0
-7.39843753174176,2.57242503301407,0.351179864577306,1,0
-4.08763069502616,-4.58154711352898,-0.788363252739693,6,0
-7.13844881836505,-5.38031119885046,0.478128832957308,3,1
2.27500609515407,-6.17232148411833,3.04442091423566,6,1
5.01729746491778,-6.35147763578485,0.314043001894209,8,1
7.47639921530927,3.70284326065295,0.442567548900902,6,0
-9.32327731358274,0.472875945011305,-0.838736724282898,3,0
-9.08842510459832,0.40458178249317,1.68081644859671,1,0
-2.11036629902048,8.34082369447664,0.221718189026583,3,0
3.6909622609678,7.92806914744622,1.28289197164298,7,1
-0.451296252124186,11.1002530453934,1.98048129163422,2,0
-2.54633299093221,9.4019577211491,-0.271177594502902,3,1
-6.40298247464154,-3.83822977375693,-1.52433467163801,1,0
6.67881252420857,-0.895371439951784,0.152995456825383,7,0
8.29369875095524,-0.866362380545614,-0.364424613618182,8,1
-1.0751868138205,8.86664155764064,3.38405766133537,6,0
4.86593893095512,4.28939432507352,-1.06520807350448,2,0
-1.6833019292745,-7.71333426047634,0.374230554813937,4,1
8.09994227481137,-0.787954362744422,1.16638722686545,8,0
8.5546355353605,-3.82299286249256,0.520594367188197,6,1
-8.43439954811271,-5.33572010286982,0.699529618904041,5,0
-5.02327655954739,4.73912553266147,-0.590820498384004,1,1
-2.46958536113804,-6.51431553080422,-0.692756154720433,7,1
0.927464837445028,6.83439814830511,-1.0817753390621,8,1
-13.3269834385781,-23.4466951247541,7.05373566994989,1,0
5.24120962102131,-8.06134465154551,-0.74776004352366,8,1
-5.8615857432077,-5.05856720917093,1.46217789247786,6,1
-6.96514481457826,-6.32438532595178,0.612828734114449,1,1
5.22592673703218,-5.48597681036286,5.4427189015667,5,1
-1.2548997894204,-6.68950662119608,-0.846001687264291,3,1
-2.00062485438978,6.27054422038727,1.10353096859983,4,1
-1.7010890320783,8.10879343790215,2.06981471909899,4,0
1.10449008088214,-8.51966104651805,0.309600103745115,7,1
-5.95615915453673,-5.8752411417794,-0.852409662622369,5,1
6.29338683498071,4.85440721544142,0.168568530276591,7,1
-9.64079140522895,2.06830583466585,-3.74394091473524,1,1
-7.76029270742893,-2.6806639373202,0.0491290955612068,2,0
8.52711237833017,0.666557854813944,0.165879394809851,5,1
5.58545405117391,4.14414055759484,1.77418648136948,2,0
6.48656672097528,-5.89669827957579,0.306624273761821,6,1
1.62596042863622,8.03570828717213,1.11748993326624,4,0
-1.26410787429008,-6.68655087573954,1.28606759635491,3,1
4.25684414405595,-5.24327203569747,-1.11844539849841,4,0
-8.08190809913699,-0.518668180796518,0.220283629610744,3,0
-5.06393873279455,-5.23702705762068,3.63625163162546,1,0
0.632493780934299,6.60379498958574,-1.80179143615304,3,0
-4.29413547884983,-7.53774557631269,-1.94365896957617,6,0
-7.77809959905519,2.0013448326466,0.621188769393114,2,0
3.01368768578945,7.20990537602484,1.40062550263381,5,1
23.2132265281337,8.2116162793136,7.78879545758417,8,1
2.89524174049122,-6.39841547651206,6.70788154985445,7,0
-4.37088342063466,5.37134002070822,1.81142661792577,2,1
7.43328299715301,1.1249331251379,-0.315330374852879,7,1
-1.02423367850275,-9.41303850274742,0.567025973244789,5,0
-4.69340373047677,6.06325384844549,-0.214698991509403,4,0
7.58905641800327,-0.621345215865669,0.262653114095052,5,0
-6.13744876138875,5.10220894269084,2.54192112746492,6,0
-7.45717633329875,2.75547685738142,0.173149083390349,1,0
8.4343449434367,2.79885560184374,-0.321376778906662,5,1
2.6117592050113,-8.16066218007724,-1.35325317873003,4,0
-8.05656811104796,-3.30682609078503,1.23852270484527,3,0
3.40690444963331,5.20304848042326,0.320509175567693,3,1
0.0183489387064135,8.25147357470431,-3.02765021963041,2,0
7.7526537241133,-0.76620255777375,-2.91224529074926,4,1
-8.82170582571083,-0.152939701039132,0.180050554448859,2,1
-6.11134937703846,-3.71067717078516,-1.97691910427426,4,1
-6.34007723757053,-4.31069563210613,-0.312774352602065,1,0
-2.61388881802542,5.36398207670647,1.81497661708824,2,1
-7.51374248768805,0.928955801927422,1.2884270943875,4,0
-3.65189024243466,-6.41768625870586,4.24640964395354,7,0
-1.21998491502638,-6.68362932105706,1.09335605444444,2,1
-8.98515733759859,-0.66290476011755,0.688778327870805,1,1
-2.82528039849315,-7.08627219864277,0.0060719611925253,3,0
4.55715349417582,7.34582483965472,-2.07817261227971,6,1
1.6594520479207,-6.72638247252686,1.11824421856168,3,0
-0.394686824016416,-7.67992137284589,-0.534008154477407,8,0
-1.26854081112072,-8.90722662726004,3.08687932495233,2,0
-21.5980029400221,-19.168953965889,6.63831318384342,1,0
3.21917875950701,-5.3582562828037,5.99275777335696,7,0
-4.89719261785156,6.86376816739001,-1.34615036077068,1,1
-0.247676312550253,6.95110136458785,0.349129257531545,2,0
7.32352901604245,-4.94054731467356,-0.604959754436982,3,0
4.59490954682109,-6.53078171927777,-2.07371390280605,2,1
5.77369268982141,5.53487068737849,-2.19751347591756,3,1
-3.61602873245254,5.66142449665032,-0.810658835649682,2,1
0.99449229569363,8.45035358142262,-0.0171015227113606,5,0
6.83429734063705,3.05616235288007,-0.371957607732791,5,0
6.44926111182148,-5.03313882541929,0.074666200577161,6,1
-2.0336670584428,-7.4610204556917,1.7773144386619,1,0
8.45791682777533,-1.01023212872015,-1.06875325936657,5,0
-0.363216460351337,-7.83340792803466,-0.905858103965686,1,1
-5.61839985876154,-4.42554050293276,7.495389956948,8,0
-1.37625101029651,8.11809711396718,0.524313913596148,8,1
-5.00783306217641,4.68393835308904,0.601722375539486,1,0
5.55407591118581,-6.40215181839989,0.657774570030072,8,1
2.20459238639867,-6.59519406832759,9.69714437419007,8,1
-2.91911064456227,-6.47178386632732,0.158076456713049,4,0
-6.39873451316758,4.83263071122477,-1.81323723420048,3,1
7.88910723734062,-0.779378015945931,1.27311899370912,8,1
7.10031489069369,-1.74604247457228,-0.163900120265971,8,1
-6.23288443831,-4.68811336921841,-1.15557064926223,2,0
8.120347597139,2.70800557220682,1.16757726281701,8,0
-8.8394724082263,1.48460577545951,-0.0438683629316264,2,1
8.80802645762106,4.7255404995651,0.448045675338801,8,1
-0.895850217497439,-7.54398055312362,0.596941430306782,8,1
1.55307018435657,-7.36544333407842,0.560186049943295,3,1
-6.06121794762962,3.33699780616792,1.52908214034944,3,0
-1.7200881788327,8.02548442181086,2.06652968621346,8,0
1.02585784136693,-6.33038133488945,-0.0686730913777464,6,0
4.37345494003874,4.75168743199091,-0.496967357262933,8,0
-7.84275870972949,-2.65975303702007,0.996029024748917,1,1
-3.86164291280649,8.37740172928869,1.0839668778111,6,0
-4.34176055842908,-7.48167453083055,2.15184448762704,6,1
7.7172828198285,5.82315645856213,0.963771259512869,7,1
-6.86178977341942,0.135452531818199,0.411163362264358,2,1
-4.65322978774663,-4.47033654754992,0.238265046075591,3,0
3.96595000175473,7.03667712613409,1.24028606391297,8,0
1.17143994424857,6.2546054251655,-3.052880195764,5,0
0.299794536100292,-6.44231458029834,-0.776547145419037,8,0
0.719017643188783,7.25651092281968,-1.14811698990005,2,0
23.8703096201975,2.93871629783649,3.72932282940354,8,0
6.34314576431086,4.85815641429058,0.388653190878651,5,1
5.09450199759964,-7.98396989833673,0.254831806582234,8,1
4.57392844043104,6.12276725528983,-0.60757334691984,6,0
-7.89549942092174,3.75761988399502,0.672119404749912,4,0
-3.91227006130141,-7.32244768172376,0.829183059545588,1,1
6.45705804350248,-5.03047953526951,0.493678484544431,6,1
-5.1255771243428,3.73439280440363,0.402298881857526,2,0
3.36109745848977,-6.6779053537829,-2.44844752393695,5,0
-1.37462487128204,8.1200582055491,-0.330668477067025,8,1
3.3843431013233,-6.67511122607552,0.174403967014395,7,0
-3.53218403757514,-6.98654800218469,-0.906324910681514,4,1
-7.09918377842045,4.39534995901819,-2.13043169655071,2,1
8.15096654049561,4.23766051061513,1.6590886756115,5,0
8.00956231077793,-0.591856443356486,-4.04574233321715,2,1
3.23255522122252,8.58275450509636,-0.633316627499335,7,1
-4.19851853375012,-9.34220910777189,1.12975913101159,4,0
2.02106841699367,10.3008808170075,-1.00851982978336,1,0
6.6650898393483,-3.48403836046852,-0.112582761501943,7,1
0.0730205581101574,8.62664636526668,0.55099612897755,5,0
-5.07859853056424,5.80069952289355,-0.586527194625387,3,1
-6.14069104780722,-4.76113951388632,2.76512398637954,5,0
-7.43835832382199,1.72273071383928,0.817833980416751,5,0
7.72230462186905,5.82642503257929,1.37410366268602,2,0
-6.69132096685509,-7.49952993591989,1.04419122777691,7,1
-6.52891972689319,-0.335938468773992,1.26418331228192,6,0
-2.30459969503884,7.86935175317302,-0.755397170497991,3,0
-5.29051055521875,-3.21371691358028,-0.710665554309522,3,1
-7.97651338069447,3.23308737129477,0.507043935272244,1,1
-0.264173087888748,-7.69471230169632,-0.746567459430457,2,1
-3.30783688278326,6.30316883238319,-0.471829253002373,1,1
-5.3687722553583,-6.0070868721366,-1.79547299544068,5,1
-0.0150202355531711,8.52554515674736,-1.1659241044028,6,0
5.96987429327306,2.08822812562966,2.74286382847826,7,0
-3.5601878488443,-7.8968376851768,0.627852666379962,3,0
6.01844884355813,-7.4004692045711,-0.690452269977778,5,0
-4.01988795995169,-7.16451974596542,-1.80712740126,5,0
3.37315305478446,-6.18335972334602,0.0798947774973795,7,1
6.48102368398086,-4.10942842104668,-0.143086023727488,4,0
-0.0111789565095304,7.96399117299415,-1.16147848993089,5,0
-6.4729287860668,3.60914147425047,-2.94737556541993,7,0
6.10407537017194,3.56747053528265,-0.071941659415319,4,1
-5.43640598535157,-6.88878925345348,-4.33339725736403,2,1
0.856674847993623,7.91336769786873,-0.38466530360007,5,0
1.34330951410153,8.41431870424733,-1.22849028619535,2,0
-3.02358832606892,-7.01402205707161,-3.24269732879548,3,1
-5.44354581486377,6.57993603044385,0.414029647969294,1,0
-5.10969082799797,5.09447370184738,0.44340828058749,5,0
-7.954257454427,5.72229245108968,-1.07709591054469,1,1
3.5708552324252,-7.5356685940519,0.615568067503311,3,0
-7.20659926384002,1.16027681727828,2.03130121583602,3,1
-1.51008834179001,7.41562130506055,-0.499919241037807,3,0
-3.77085060207951,5.66552909982406,0.56847133217785,1,0
-1.83815397085003,-5.72986104071135,-7.99669472486644,1,0
7.57260463397965,-3.1107891265954,0.424645418957817,7,1
8.26972534829659,-1.61036534222608,0.417926861599716,6,1
0.42959841451725,-8.43160271225145,-0.661699662984506,4,0
-0.517559758437687,6.18262261775862,1.07086510785413,1,0
-5.25377356106002,-4.38858572404618,0.489747455560143,5,1
4.47067473123582,-6.54729975552967,-0.495597672644736,5,0
-9.12228210258161,-2.28145410151312,-1.02656928916182,3,0
7.86578947161787,-4.03282097429499,0.457293768472585,8,1
-5.78953403274655,-3.67264552424526,0.856058896099149,6,0
2.95724878787184,-7.83962396013843,-0.849218876189931,8,1
2.11638098929253,-6.11876652792902,-0.494317745393817,6,1
-25.3683944315638,1.91462300718937,4.82155927424461,1,1
6.42994284810092,-3.69977115344837,-0.308589966476611,7,1
5.89823167115039,7.27245204579415,-0.101649309608723,2,0
-7.05026490533111,-0.840341114071413,0.613259572640928,1,0
-3.27979579328211,6.65024052283844,6.18155579941785,2,0
-6.12010436984118,-0.69003563431146,-1.4015646963982,4,1
7.16555987574622,-0.375719239757583,-0.35192642584133,8,1
-1.89405713171491,8.7309941252795,0.829835284420681,3,0
-6.98439690009373,-4.51365529116783,-0.805880598554856,2,0
-2.19851495229309,-7.40823751378428,1.32443633943614,2,0
7.61487046688347,-0.732415205174193,0.602268710778723,5,1
-6.08669615767881,-6.19112777073619,-0.601577959909123,3,0
8.89110030775264,2.92862845768546,-1.25523399387642,3,0
3.55886460253493,8.02903899546461,0.121525355236204,8,1
0.333979521385161,-6.97714874514737,-1.10952373997584,5,0
7.1424601931625,6.28442119151222,-0.750220156938918,7,1
-7.55046893224848,-4.75605632196569,-1.37845699124512,3,1
-8.29220326843621,-4.82777270117628,1.05469071183753,1,0
-6.55623316901103,-4.89439193651584,-0.39221582064268,8,0
5.76479786733364,4.61084818360892,0.746884722639765,7,0
-4.97765870104198,5.81664573527357,-0.294860716105638,4,0
-0.385904662234186,-8.54846260508236,-0.00757335068693172,8,1
25.1843345509012,-2.81635748286354,4.12954988712186,8,0
-6.56865262566296,-2.1945554998318,-0.342085953526817,2,0
-5.82460647058153,5.98672094503465,-1.74181245894408,1,1
0.627088677050174,7.16345465983297,0.241771005950844,5,1
7.77741013417176,-1.84336997646201,-1.16491999849676,4,0
-0.250902668118973,6.95400236593143,0.374908859611241,5,0
5.9267814605094,3.40560060065735,0.072065471884335,6,0
7.88000162657057,-3.63485019316895,0.45759742854847,8,1
8.03099460225972,25.1504617275522,1.44921128822605,7,0
8.82513265657641,-2.18248086679017,-1.30247160510772,8,1
-6.13270640355043,-0.686544848969131,0.102076965850395,5,0
4.57628542092299,6.93901336752047,-0.145232495936399,5,0
-0.130265986531702,-8.42124623371477,-1.66050490325921,7,1
0.693022136481157,7.258719639373,-0.356167249931633,5,0
7.57368723202298,4.02985055106624,0.0250975435324094,7,1
1.48877281403452,-7.36362088139987,-0.588734469569673,4,1
-8.32199387740538,2.13903668406662,-1.17428892377028,1,0
6.34699456772109,4.94565386858562,3.42755683203647,8,1
5.12165961737869,-7.98199897792451,-0.620996807714233,3,1
-7.80834696152549,-2.62823537895979,0.91866552528466,3,0
5.05305443259313,-6.34910640269787,-0.118081181545538,7,0
-7.76468923047238,-3.55661286684414,1.03222462715151,3,0
3.10025691295372,7.33759324785001,1.70287917202917,5,0
-7.29962230992744,5.02782036980077,0.259745122739513,5,1
8.33697818321963,4.79519514254605,0.592792292628356,7,1
5.21643294407186,5.16560705533864,0.902618760349344,8,0
2.58869347877516,8.04260426348105,1.06608472613263,3,1
8.46583760349531,2.17118522111554,-1.02895054231147,5,1
-6.63489027612438,3.84435870432124,2.77718411940002,6,1
-7.46222275649246,3.72444671223558,-0.139639306002261,5,0
6.45948238027448,-1.54712885639854,-0.381154445360072,4,0
-8.18056090961074,4.91042240317669,2.83800687569377,3,1
1.82280069304644,7.98316245202612,1.10919371526788,3,0
4.39160618248082,5.09961149163578,-0.00892853619986417,7,1
3.15401672879368,7.23730766247874,3.1178288471047,2,0
-8.53964431020739,-1.73117920285553,2.32158963518753,1,0
3.00730542562105,11.801400422663,-1.25874496155745,7,0
0.577198553383663,-5.88886769422107,3.17956830864492,7,1
-5.98022645047834,-5.87239382139537,0.299517573077785,2,1
-9.13768346780652,-1.94520903401029,1.68352733907406,1,0
5.69474110041369,5.08693799407893,-0.535266997854785,8,1
-6.76412047704167,-6.59208038856851,-0.905378357306206,2,1
1.8961184461186,5.71553306134461,0.815218978357884,4,1
5.89985840290541,7.27483454686992,-0.551369834022065,7,0
-6.13516083963075,-2.69333217939713,0.0400731085156045,1,1
2.13556298228967,8.10293455491077,0.0182207056520365,3,0
-15.0019836357272,15.6700831914445,5.66583214195012,3,0
8.5504494934494,-2.23659279673692,-0.868134291184592,6,0
-7.19344813100468,-0.528740267379506,1.36600993060523,2,0
-8.54461985710994,-2.00858679800439,-0.599283701778345,4,1
-0.765907612006866,-7.6355038361524,-1.18132810630695,2,1
8.87262670832661,-1.15600556997189,-1.19198545319399,8,1
-3.34098390293231,6.82896061761862,0.821736428302423,3,1
-6.32475508454007,3.89590224790598,-0.165127720523149,2,1
1.54617604212687,-6.30465239079246,0.403772596692553,2,1
-8.01664262629589,0.368499450785417,-0.561845553444962,1,1
0.561431184357789,-7.23442685934898,3.1900522991482,7,0
-6.07460614999885,-5.16128706444895,-0.700979000427857,3,1
3.4290695428641,6.4244378739874,-0.179910663165059,5,0
-4.41007374441994,-5.61769243519679,0.811326056126774,2,0
6.16788376712117,1.78870075704592,-3.00557413734522,3,0
-6.54084203038497,-5.59977894388173,2.37868695491109,6,0
-6.73205812021081,-6.63292977093825,-1.0706117639165,1,1
8.832023160682,1.66563883383053,0.109573139676951,8,1
2.83984725804863,-8.24845199452697,0.0866808040042916,3,0
-4.59982701869353,7.12609780788547,0.419795086101341,2,0
7.65465308554131,-0.962206111740373,-0.539035674290034,7,1
-5.00219401980094,4.74341789310117,-0.17907136109155,1,1
1.68544360530671,-8.71141962284211,-0.484838391071584,2,1
-6.49932243011672,-0.905707589088689,-0.0528346201574521,2,1
5.50308080136673,4.14989003908926,-0.111293718109524,2,0
-2.41534502861075,-9.42243429670425,0.158462962229039,2,0
4.44536960600701,8.9078367257803,-2.13929276086301,2,1
0.433833640788389,9.35899550183734,0.149629067137075,4,0
17.366047129397,-20.5245112752033,7.09189983107114,8,1
7.81185997114636,-0.180998327416761,0.601316466813678,8,1
-3.78567050623099,7.53520063018138,-1.97296733631824,5,0
7.70443960766214,-1.26094892921131,1.74196888924176,7,1
-8.1673133451698,-2.14484322035496,0.741994860945304,2,0
-7.09155522399872,2.52615854378985,-1.46785429733426,1,1
-0.967653332552124,10.1950017082777,1.65066032175562,3,0
-5.94711781960671,-5.86950338230612,-0.148223778706592,2,0
-1.25013426748491,-7.67150450582229,-1.16651668003113,2,1
-7.14337336755789,-6.30029619793074,-0.771484408564008,2,1
5.91355647602318,-5.47455006470933,-2.16704702267927,4,1
7.59674469885761,0.0272472769341711,0.602450369827221,5,0
-5.52548240054753,-0.950354579383886,0.534785185450872,5,0
-3.39671385788778,6.73752725462827,0.915117420458494,2,0
-8.59094377728221,1.37260078533116,0.938618571988451,2,1
-8.61173837477019,-1.9314359868218,-1.42738508121179,1,1
-6.66896949492651,6.54502159929744,-0.33987695508658,2,1
8.58271256035381,-2.59671478690754,-0.248696121581631,5,1
7.5791427978604,-0.19799281581057,-0.0329197258424923,7,1
7.48188991146783,5.13945374303348,-0.26808915769574,7,0
0.695156614401146,8.19843561545676,-0.592854114813006,1,1
-20.9651072004157,15.9835622649838,7.38644503825662,1,0
-7.7678775363954,-2.65548692439372,-2.72147127586949,3,1
-7.43490027569476,-6.22306281654875,1.05850386474121,4,0
-5.97525552078939,-6.31775541465094,-3.93718462705415,3,1
3.69998196078583,3.49466312216981,1.28354116472881,8,1
-7.40019707810598,2.32150754381904,0.351670626882953,1,0
3.25556995734792,5.70480953634636,-0.132298878005423,7,0
4.18783791269273,-8.72233692605533,0.46705819878494,6,0
-7.47405384739701,5.10745155841944,0.622344871893304,3,0
-4.61321003236183,-6.82551780332042,-2.71050250421769,1,1
-4.14063681543168,6.21611921801089,-0.844934132416819,4,0
15.673780810667,-18.0147460079136,7.0992113795164,8,1
6.91237158487674,0.867459680549262,-0.251044083556854,6,1
5.59831317390161,5.00800877982588,1.77412530322847,7,1
3.01686446524934,-8.36287258670597,0.24503006687194,2,0
-2.79399097873147,-5.76835908170176,-0.570551502983457,4,0
-14.7161347205699,17.6168549390423,5.07354876518921,2,0
-4.76542353777193,-6.31589011639489,-0.359353987356407,3,1
7.78156748636318,-4.14903330762968,3.01147844908714,8,0
-1.40099628710879,-8.1829730516002,0.397813940804653,3,0
-3.41493935785451,6.7410062646231,-0.00724474060295279,8,1
-8.63363151234238,1.39233769778879,-1.42511116176813,5,0
-9.1282671376774,-0.649669073698992,0.0914659614074872,4,0
-2.96501844774954,-8.48387471862091,-0.515275455571839,7,0
1.73845255301829,10.801452668185,-0.333015391701555,7,1
-0.581281217428508,-9.59656004016506,-0.588196706476434,3,0
8.89819667686516,-1.08900675516956,0.304096780956829,8,1
5.90639480190262,5.27781161613224,-1.49192073994409,5,0
3.52485342851162,-6.19359306556742,-0.869628636529096,8,1
-7.33921482081655,2.50314453939568,0.352156883298126,3,0
8.32947199460729,-2.71574997826226,0.143810034257476,8,0
-5.85999087785081,-5.46123781660191,-0.147255668255801,2,0
3.17390050206561,8.06341991996809,-0.0315753503835797,7,0
5.87778738225739,-6.34225368012948,0.208659194088135,8,0
7.62265397709719,0.789223414878292,-0.833956078632561,6,1
-8.0803987162279,-3.59089346144486,0.805709168623243,2,0
-8.54912007116438,-3.33932080442243,-0.598715167390697,3,1
-0.671572597745884,-6.89166861557197,0.0350212129578645,6,0
-2.8452519169997,4.89774238637834,1.12235147214296,5,1
7.84737292182929,-3.62942480480644,-0.330070424849277,8,1
8.93884867361585,1.22517832073074,0.304631382670023,8,1
7.41305298341297,-0.94450577876069,1.00349459764004,8,1
0.033429152527742,8.53161031217664,0.846715762095357,2,0
-0.88060702706556,8.02299841838104,-0.20001873932848,1,0
8.64623411366575,2.78296339032466,0.174953080028886,5,0
-4.99134440234538,5.63669109336113,-0.293813527411041,5,0
6.33940373106581,-6.43400006178797,0.166342084338805,5,1
-1.07146052345452,8.3617478392001,0.45354469065133,4,0
-6.00066000040579,-6.897354620009,-2.09137283843126,6,1
3.25730623921312,6.58439604895576,-0.170899982282822,5,0
8.29775364594269,-0.0656644839507285,-0.388844993288656,3,1
-6.60131250967092,5.60471971163899,-1.59800377301629,3,1
3.29106116973439,-8.31968372915518,-1.03266138130651,4,0
-7.07452726867883,1.85027354852012,-0.0996769457878332,5,1
-8.2858339440939,-0.820928595653062,-2.11734925535435,1,1
8.15359149330837,0.527499105626361,-0.168093540874819,8,1
-0.234655391324974,8.56122029823039,-0.451381016076594,3,0
4.59791470437261,-7.5775407871813,-1.55807962957184,4,0
6.3091520972788,-6.43142235213631,-0.637668271232191,1,0
3.15799299064848,9.51081162187295,-0.0309225375578012,5,0
-7.14171798535477,-5.00917034351305,-0.436723265012893,3,1
6.6335165494744,-0.890328495125801,0.53554339584941,5,0
-7.4865270175995,1.51293062843075,-0.361909783698826,1,0
7.52119501006635,2.80823232753285,0.618501830642143,4,0
-8.07901149647581,0.944116523261999,-0.322999481093079,2,0
-3.08425433937626,-3.98584238032653,3.83487017650973,2,1
6.95534248388299,2.28575379515425,-1.69359021132323,8,0
1.46731300418683,-7.84841548472388,1.48337222417466,6,0
-4.57084199010872,6.99746119045576,0.879582960789923,6,0
4.72540573623097,-7.71841831945127,0.311306921440176,5,0
-1.082235227927,9.39316511093277,1.77839604952786,4,1
-4.70715938757391,-5.40495238687877,2.42031958814999,8,1
-0.358582386847647,-7.39011971100927,-1.46297617861622,7,1
0.529059643783279,7.5545344858363,1.25294509399069,2,1
6.44029001864193,-5.02774904075289,1.56951872825303,6,1
4.79132531216497,-6.27002464228838,-0.739352116088203,4,0
-8.48479145691159,2.91355139413753,0.661389945415003,4,1
-4.1819599777753,8.49569051845189,2.51376277035742,5,0
-9.76641197475476,22.1089973604224,-0.00556620307192305,1,1
8.30180574450736,-5.18235893798027,-0.388156679776309,6,1
7.51457769733421,-2.47956565461977,1.15059141211609,6,1
3.19662276101747,-5.35260964657404,2.08011014482703,4,0
4.57871147710955,-6.25269452138898,-1.55661828536672,5,1
1.03347137146081,8.45463495176855,1.25527294298878,6,1
-7.20086292048358,-1.35244360639289,5.3503777364478,3,0
3.23498795579341,-6.12130760288461,-0.632662007519881,6,0
7.32600016920232,-1.37508474003359,1.17191048832953,8,0
3.98322474356077,6.07679385887444,1.24117223808744,8,0
-2.5147224326233,-7.82942365977822,-0.530209344156349,2,1
5.29893106213531,3.87870333797895,-3.79683449929955,8,1
2.57611341520079,8.0446345041586,1.06706554268291,7,0
-4.97479269980008,6.36643618076516,-0.590306593659695,1,1
7.38273450341862,4.41695989098576,0.66019689850831,4,0
-1.95133127688035,5.21156496738941,0.488405857171801,8,1
-4.56829196261683,7.00022118802412,-1.16253917991816,1,1
5.98816633905873,-3.00517687742689,2.74667436951357,4,1
2.30466827610573,-6.16947383407514,0.476118467150381,3,1
-7.12394368757497,3.39142843266997,0.98163411875847,1,0
-3.21899997092496,-7.53090569559863,1.38684113111912,4,0
-4.82102729684047,7.01459166481309,-2.03751831472497,6,1
-4.4551821646576,-9.25968326999439,-0.0569962549233865,3,0
-14.432381461345,12.6492118470202,4.88465950069541,1,0
8.21178601283633,0.0502086873948355,-0.38676801179001,3,1
-4.88136002245523,8.22356495922676,-0.440370591302992,1,1
1.50326579233109,6.23332930966087,0.154852857906815,8,1
-1.60796424635013,-9.26320998790486,-0.574876453445162,3,0
0.9009789749285,-8.30223291044229,-1.64396002312765,1,1
-7.02598914740392,2.96932052213926,0.36690788375539,3,1
-5.95159441090902,-6.31681168124073,0.993121330458658,5,0
-0.353931573800831,-8.38854069966612,-0.110884138619638,2,1
-6.62254882680568,3.84999015904167,0.261773068407876,3,1
8.50856625117036,-2.57395967420424,1.78119235671679,7,1
-6.91849210091974,-3.32687863567279,0.236080683998463,1,0
3.31558500742574,-6.67236785891081,0.287922499845507,3,1
-2.08814422369263,-6.78146608268273,0.219565544062921,3,0
7.10551242080443,0.586929710091396,-0.723567664517375,7,1
21.8740100646051,13.1291541471148,6.36848011437444,8,1
2.51149494266652,-8.65017255615775,1.13959859985029,7,0
-6.15102462448808,6.31319369890923,0.182057479024245,1,0
-8.90981043132421,0.290433204306482,1.21304857359366,3,1
3.39786112233328,7.23313868471923,1.5393292777806,5,0
-4.19296279306485,8.54960578420515,0.0669983549060034,3,0
5.28094379712829,-8.05760529394323,0.390020539621927,6,0
-6.71942401593394,-0.1866254767178,1.38476583360831,1,1
5.74980386823265,-2.39242442635214,0.468144439033311,5,0
-6.97143316666057,4.62363746832672,-0.652926791468515,2,0
6.05535595345279,2.79670990319299,1.77407035536192,7,1
-1.39894077167218,-7.33087223189889,3.84620074421835,8,1
7.68597304601478,3.03346420094969,-0.538222031601768,7,1
4.76930777132603,-6.62104888255495,0.286858071748384,3,0
-9.14224342900654,0.475939755075301,1.68493665709408,1,0
-5.83083402183567,6.08235269931593,-0.289417476784598,1,1
-2.03991846021128,-7.45943026387936,-0.119861499976214,1,0
7.66224414331316,3.03906632913412,-0.485850799279155,6,1
-6.12859012846383,-0.68291532583768,2.55167679073001,2,0
-5.99035539553791,5.36030191469973,-0.64922973746375,2,0
-7.11029489062987,3.39620642801443,1.26809914602153,1,0
-7.28514611196325,-7.56295949384819,2.03832238868995,1,1
-7.74107074053458,-1.60505842250346,0.314834861463561,3,1
6.71873557580976,-26.9764891937118,6.09783395418878,8,0
1.68906258193824,10.9466741999956,1.11901562773534,6,0
9.25498307387216,0.908602826938201,0.00269760819832641,6,0
1.65161608994728,6.44823734235911,1.11980810923375,3,0
6.03824722205192,5.18933725693436,-1.86251675205468,7,1
-6.10882923082162,-0.679151938884858,0.294127863895073,2,0
-2.56677978258989,-7.43830658624036,1.7210291000001,2,1
-1.35558994947199,8.32797418032871,0.248592633415104,4,0
6.81487442960351,-3.96864909350378,0.584410587316713,4,0
-6.71759649404376,3.9336456480464,-2.94077836099535,6,0
5.60250214146768,-6.87095039754595,-0.0111247884300975,3,0
-6.8567846914017,-3.39651176737657,-0.193671182151006,6,0
7.62437658813746,-0.730229157705927,0.925016778656953,5,0
6.48955370085136,5.5609947263589,-0.989545443471192,5,1
-14.1511466611749,-15.768334933078,5.82548309789701,6,0
5.80951377249839,-5.69404894555214,0.501589495788881,8,1
7.01842195649021,0.616284366089551,0.31193392952797,7,1
-3.04017816066552,5.1947588569205,-3.58377139406977,2,1
2.96379766688478,-7.84407597289048,-3.39756127151512,7,1
3.32939268190296,9.38106398551282,0.28898369465239,3,0
1.8844438856892,10.4143025243728,0.500435332407032,3,1
6.4103684569512,-3.69432687405519,1.04580605339272,6,0
-9.15496293377405,-0.81026031512044,1.20672251589411,1,1
8.3138712094961,-1.50081816608779,-0.387464121583571,5,1
-7.1368301827026,-5.37492338195804,0.820234497058172,3,1
1.62981580354785,7.58608960409747,1.27546224168074,6,1
7.79933429168795,-2.94268487448509,1.09453822572929,8,1
-5.18536056699322,5.54116723700868,-0.657514329969786,6,0
4.64693414095931,5.12878250761748,-0.0203429529136278,5,0
5.71805658982075,5.9679108863728,0.182790519816145,8,0
1.90197643774317,7.06852339375606,0.990240200922607,4,0
4.55907745253176,3.98733044026199,-0.398024872675706,8,1
0.758174750210237,-6.33594612038197,-0.757621246619625,7,0
5.42479818077539,-5.43695699436164,0.708961050508585,7,1
7.73449666453474,0.823968566731156,0.907087063856714,8,1
-1.32817283485762,6.55680153888021,0.41028094696559,5,0
8.20381702663977,-1.66180417309349,-1.39441884843486,6,1
9.01155733721571,1.23086863834896,-1.17537910272211,6,0
-4.58210379823737,7.00301324051977,0.5385169442961,2,0
-24.0601482204451,9.07254759674442,4.79995042829586,3,1
-7.92783419921525,-4.00331136111727,1.88765921811581,3,0
7.41878270897988,1.41295834915102,1.00503357822618,8,1
6.28365362726352,4.86194164778395,0.533824931991828,6,1
-6.30761610724475,6.75795752882431,0.603282885166837,7,0
3.63968697055364,7.70941506810824,-0.155831347471648,5,0
-1.42374924127541,5.97715319933314,-3.09329648288371,3,0
3.86514061453794,-6.91925392731651,1.26027212770978,7,0
-6.66024057503381,-6.36120235750015,-2.93400707830918,3,1
4.51495941385681,5.4254028779514,-1.39107736515794,5,0
-2.34689001251056,-6.1433142572209,-2.01506265842482,2,0
-5.66948694011715,3.71927980196692,1.76307940676045,2,0
-5.09394026285192,-6.81874933384705,2.94526374549057,2,0
1.53918059009526,-7.38023240010311,-0.861204033228562,7,1
8.77989283804638,-2.46110815426099,0.923164579928674,8,0
-5.05925087729797,-5.34695601524567,-1.39593178238762,2,0
-8.71437336753847,-2.74673213331971,0.637078294925995,2,0
-7.05879204984153,1.85539465454666,6.02928823459794,5,0
-6.57481774928448,-5.59623479515969,3.621935645987,5,0
-6.49423698019422,-5.42685002522975,1.26549403064963,3,0
5.39681009359468,-7.07876193008793,-1.06694981046117,5,1
0.0806903114523528,7.96896887506982,0.705654116796099,3,0
8.22867187709179,0.463955664793818,-2.84014902677661,4,1
-3.53607481425814,-7.57131849896481,-0.733751814603346,2,0
-7.19979481913729,-0.017910971935384,2.3882738844896,1,0
4.83729573441444,5.1734343619985,-1.06463940540173,1,0
-6.45095462348498,5.40056184867229,-0.654855392491209,4,1
-7.16119525866955,-4.44027161157457,-0.176439351768919,5,0
-2.41028075350027,7.30058385309672,-1.57570550076894,6,1
-0.257432845408529,-7.69060469545554,-2.38364122098525,6,0
-2.78141353978859,-7.44692719774712,1.15372193919399,5,1
-7.56803348081132,1.51985789183489,0.697896835800973,1,0
-6.52035880987366,3.2793671086711,2.93447117900484,5,1
-8.90117118329623,-0.147257985382087,1.2141429152172,3,1
6.85028038857468,3.81748107754559,0.326027889603685,8,0
8.09695167320527,-0.785035162040523,1.2282697573689,8,0
9.29036917577722,1.3058570744586,-0.0861786819753535,2,1
-5.4220882231151,-5.7425189673216,1.71885250710543,2,0
-7.86055454495297,-1.90729402347407,-0.109006886048951,2,0
23.3696787044501,8.2147003239213,5.21114824659364,8,0
-6.32964322740588,1.94299878861338,-0.677785263694071,4,1
-7.65866810709316,1.57222074850076,-0.473909254130056,2,1
3.13466020650182,7.61144571872089,-0.0130675709411295,7,1
-7.38584734571561,2.75962265641901,0.494953756048968,3,0
5.31780989301124,7.10684730414954,-1.79871326468302,3,0
3.54357613155648,-7.5345730783346,-0.748834833074304,8,1
7.76720174683497,3.36694849809415,-1.17034102723197,4,1
-1.44886267602959,7.32623815212221,1.28687118012222,4,0
8.47374881001484,-1.10905120732933,1.19857308742646,8,0
7.54884669137963,2.2080787701841,0.350176322510903,7,1
7.54463550851724,1.82063600292848,-0.377710740002339,7,1
8.58800672033067,-3.95181176725628,-0.867594864865103,8,1
-3.82791813161356,-6.08948005904202,-3.08235343456201,2,1
-7.35812735359093,-0.42161157364108,0.0764103366996564,5,0
-7.46894543880096,3.93857172008522,0.876821060245335,7,0
5.70366407850661,-5.09517688412194,0.421787839716756,5,0
-6.99737443605029,-1.6880527235578,0.681601882626297,3,1
8.56796168624345,2.15885445369685,-0.0844472044450493,2,0
-5.55353787068522,-6.72952786635485,0.131805975770263,3,0
-7.62003945725032,0.954091333754039,-0.472879746798507,1,0
-0.465219501666192,28.1976870070278,5.97754931759666,8,1
7.41591109745407,-5.31939086842193,0.239607759991051,6,0
-4.8457145391427,6.05523362203182,-0.308958716769491,3,0
-7.73813611262595,4.83617796670244,0.616584880137297,2,0
-3.26452697013171,8.26637884976325,-0.62465548987744,7,0
-1.3254057843804,8.33226110309382,-0.272243412127971,4,1
9.11723166844793,0.64056292985261,1.2174569411832,8,0
2.27784391969259,8.08829779175603,0.469848899424279,4,1
5.10018527856209,7.47498801939812,-0.117275363399474,8,0
2.668195166375,7.89592332956527,0.552021775736586,6,0
-5.7351463885927,1.67557556106812,0.171219233670124,7,0
-3.70607678480631,7.24572188841238,0.597570095742892,5,0
-7.72113031728482,-4.54590528326719,1.18789088059637,2,0
7.91422631545136,1.59596390568585,-0.329469920762998,3,1
6.75921478339705,-0.803533713340861,-2.9987280225816,5,0
0.666788143286473,8.66563402725181,0.556478168618237,6,0
-9.19638933481656,1.34239998501514,1.43109439596192,4,0
-3.78067607150892,-7.79616026162237,0.364340456817793,5,1
-0.740863446484263,6.55300108576598,-0.810018918052067,8,1
7.0838781835559,-5.83270762391397,0.0573338012349205,6,1
6.71185049970921,3.91806339703986,2.39731538404204,6,1
-4.27484185647028,-6.4514411316325,-0.580774830980679,2,1
-4.4254910974463,-7.6502810995513,1.61741224454934,2,0
3.40314996096755,6.2282941696361,-0.179492231953822,5,0
-3.62047079110475,-6.62894649227397,-0.753273301873757,6,0
-2.66558925293449,-5.30424520837496,-2.81954846606549,3,0
7.78797211681188,-4.14348950778112,-1.16449869997087,6,1
1.36279397230231,-5.84835208563194,-1.10749633566967,7,1
-19.7723543254856,17.9541203356195,5.8391170114458,6,0
-4.18744032742635,7.85202231280029,0.147609784630426,4,1
-1.31961913308829,8.07564239692399,-1.278743983275,4,0
-1.75492590606467,9.12375028874822,0.263819528940076,4,1
-9.35847758234659,0.256168676221311,-1.32948028459502,1,0
2.96696578096976,-7.13190107729915,-1.28877228916454,3,0
-4.33826134548937,-7.41577960711696,3.56298217546548,1,1
6.79454468238674,-3.96299313646318,-2.99207095249506,4,0
6.96554213495642,2.48704034912475,-1.69113000650403,7,0
-4.99672776529283,4.68952185751724,0.279588475993359,2,0
6.49960120494869,4.76714682000688,0.73592589189342,8,0
6.93846729642094,2.495157927127,1.71462062811292,7,1
-20.7401230447042,13.6433297066656,7.26386630788955,2,0
6.10785128543224,2.79781805888609,0.837306909701888,8,1
-9.3232938341174,-2.48368218204072,-0.188159645559756,3,0
1.71090986100227,-7.06095152157742,-1.18520878906236,3,0
6.21967899366558,-6.25757151298442,0.0560611890101813,7,1
1.37878266965314,-8.16740720978863,-0.215505717781073,7,0
-1.42076275563606,7.50762856654219,0.134410154323893,5,0
-1.64491450939828,-5.9509992210636,1.188549516039,7,0
3.07748667018397,6.8104778879564,-0.558015083890767,6,0
0.533307730023378,-7.23046142496636,-6.71352777875757,5,1
5.21789644215316,6.29354855200174,-0.317015369980255,7,0
1.17690506362279,6.25659892354921,1.62556541102961,3,1
-7.21963882474318,0.878996200524467,2.3913129057257,3,0
-6.28359423271335,3.53017736481728,1.99856497918521,5,0
3.02002355727913,-7.17605461683891,4.64386910092744,8,0
8.05790445023755,0.856311818425247,1.22928303197245,8,1
-10.0452890660055,5.30928669910559,4.57612923297898,1,0
7.76311736087227,0.937834532717439,-0.535954203255002,7,1
8.22334951489871,0.0555021826546244,-1.78136906898478,8,1
7.77127125253697,-0.56269622175798,0.540997589046389,7,1
6.92850917802312,4.82217390662313,-0.900398310723941,8,0
5.47611854394769,3.17776118502673,-0.0495583905209392,6,1
-0.244454423634671,10.0052195147631,-0.843872822829093,4,1
7.74606553890562,2.62632524619426,0.292115506349276,8,1
4.87478782543436,6.22058190556521,0.268830767192203,7,1
-1.09517199082506,7.79735440028429,1.07180053740087,5,0
-4.1358546193341,7.85390980194723,-1.6055914889001,2,0
2.61673586195727,-7.03127016085408,-0.335769214645822,8,1
-6.76006451349977,2.37687568281588,-0.896873962504082,3,1
-4.92552283543977,5.92054144170654,1.48043980610618,5,0
-8.45143590194072,-1.37987634858824,0.700334878152966,3,1
0.0150346560009106,7.40801232122724,-0.474915118449183,5,0
-0.662087321158118,6.55387603490421,-0.69503905736027,5,1
-5.83640587064656,4.01844282682886,1.55320446672892,6,0
-5.36305480747433,-8.01657519838353,-0.833040038221114,3,1
-6.96208197646608,-5.17398878178425,0.838028231283657,3,1
-2.35756916307901,-8.97495951960221,0.116184349687564,3,0
1.18226123530417,-8.99119198400306,-0.238065045498454,5,1
5.72576637611836,2.86547873718942,-0.826957782279131,8,1
4.51216849040361,5.42886276359697,-0.404794525114219,1,0
-0.851265220191454,6.58669955153151,-0.580059659903267,1,1
3.89228313039145,-6.70158866191985,0.946287022108639,6,1
4.07665141678705,-5.57503808270024,-0.685575992959433,5,0
-12.5419216140468,-16.7476380555914,5.85230904744653,3,0
-4.45171546740133,-6.73585150121201,1.17476680547215,3,0
-7.34669057297031,3.94334185474868,0.503820903921876,1,0
1.93849256513889,-6.667049975978,0.362467399909575,6,0
-3.70157789631235,5.66961592947103,1.10455780501396,4,0
2.36027267716983,-6.94012461723116,-1.21003557370852,4,0
5.13820639345359,-7.86034471454627,0.67017375902082,8,1
1.01815279146189,-8.33333113442696,-0.0682579618714377,7,0
-4.91746971935888,7.09161642660189,0.731290217282137,1,0
-2.97561567167341,-6.93498204790947,1.17565435122919,4,1
-1.27707127523024,-7.6691151865099,6.19881219515538,8,1
-3.46685383321933,-6.61475074694702,0.100375893919004,8,1
0.344530994809641,7.80552600750269,6.08302137525624,7,1
7.15604385313717,0.593953209014168,-0.481793058443386,5,1
-3.50611621573866,6.67315902980606,0.435501907042393,3,0
-7.50463020672047,-0.0791748135157133,-0.297839623333299,5,0
-3.58975164252591,-5.7485125248602,-1.57206142460604,5,0
7.14374864358534,4.32549541178828,1.39080496189249,5,1
-7.60274028208612,2.57810432441105,-0.528800623127892,1,0
-5.23044716341524,-2.51209801256218,-0.645149880125655,3,1
-7.27411488901091,-2.12253571478996,-0.524006822161456,4,1
5.14113865584685,-7.85810219532871,-0.620438473834301,6,1
3.0439287147852,6.24912918028973,0.547253679366151,3,0
4.48978952292837,7.12275833898318,-0.0502324087920901,5,0
1.33438925521231,6.21114636908263,-0.697941469497499,3,0
3.35437961508594,-6.66967939473092,-1.0601571587006,2,0
-5.26243693383558,-3.20751623056069,0.177429171148373,3,0
-5.58528211679813,-5.77385871802951,-0.907705132873498,4,1
-7.37835608435346,0.957577073583816,-1.68869368903342,1,0
5.02203297494755,-6.34677378643165,0.528556641060963,7,1
6.32202138473785,4.86576359518312,4.04144931376232,8,0
9.03753556503273,1.68457624611778,1.21856568886042,8,1
6.30600141365431,-6.42893794448969,1.3943899237489,2,0
4.3261022316389,-5.24132015861092,1.85041329951337,5,0
7.14628649230078,2.10638474842829,-0.348966885547741,4,1
5.48943133850416,-5.01586486243358,-0.239535299007353,7,0
-6.93039298757066,-4.59286636386364,6.07666501899855,5,0
-4.51990087048751,-7.89948939051811,0.3594719533431,3,0
-2.74485860713331,-6.77147893357505,0.197816313044102,2,0
-7.73503088641483,-3.55074360925637,-0.490203901472368,1,0
2.30836981381844,6.71994498623322,-1.40056759001776,4,1
-3.69707843776506,7.28982620437288,0.187708715421429,1,1
-6.53781797844622,-4.88757554766451,-0.825315162593937,4,0
-6.74282215982012,0.197809635633303,0.674881204777937,1,0
-5.58171982269242,-6.3131687955671,-0.365437743716707,4,0
4.51622580400934,-6.23090965237835,2.26765600330842,6,0
-6.9876635324323,-3.30282661779651,1.11310270992984,2,1
-1.31028076099698,8.12216884375122,0.35613644465138,3,0
-1.44086905145634,-7.88874313949057,-1.92037842169401,2,0
6.24201764364745,-5.52402919866464,-0.857500688517441,7,1
-7.33660464306288,1.35401792100507,-0.0924700884907185,3,0
4.98783279777922,7.44996563528138,-0.0103735101326328,6,0
24.0539828084021,-3.94082427679716,5.26249166643034,8,0
-2.2549936321346,-6.14044076221441,-1.14425269746169,2,1
-2.55829986836069,7.73069885928913,0.84938274335693,1,1
7.11764858789809,0.22639326147873,0.0385071236360742,2,0
-3.69257510696095,7.29245467128679,-0.529836591158967,1,0
-5.55934249549936,-7.48415203478696,-0.364929997774916,2,0
7.92328278258583,-1.07553565336666,0.604804114064451,8,1
3.37578762917533,6.89184095554912,0.0807604564779547,1,0
-0.511882352812405,7.37775456705792,-1.09216384674879,4,0
4.67557508582354,4.9278846493571,2.22088068917135,6,1
-7.35592984941127,3.72947992544312,-0.177343574944121,4,0
-19.2536899517656,18.2940638196159,4.90501238425981,1,0
-7.52606303571182,4.83975718125468,1.28884564317635,2,1
-7.19197079932223,-0.758883577203613,0.367560052853307,1,0
6.89401797586268,1.88708935374775,0.899945027768455,6,1
4.65618789051777,4.93231422495945,0.920449000204607,4,0
-7.40369620998319,0.548996027251665,-1.75345293327806,1,0
5.34128852322266,-7.95065708617623,-1.79793665548904,2,0
2.3929568302828,8.65051586407683,0.757253413143546,6,0
8.60520259641676,5.20869843283034,-0.571244757896467,7,1
-7.20567407493715,-3.3650059444937,2.03359682459992,4,0
7.13195496117259,4.33110572132476,0.179452918926083,6,0
0.0118223937791328,8.63296961349844,-1.85316150647141,1,0
5.03582808111725,-6.15788157264123,-6.32463162930086,8,0
-0.195688803747207,8.29472237042448,0.336133974476307,8,1
1.65426687574348,-7.50711940759104,-0.484294305525415,5,1
-6.10616253607125,-6.18859709987369,-0.700359672676295,3,1
-4.85938774855853,-5.46313312250585,0.193177860122446,3,0
-0.0386286537940145,8.25434207618635,-0.247544258778719,5,1
4.90272234045987,-8.21010375929296,0.599122195354256,2,0
-5.84134980845997,-4.64671551718771,-0.864419854409076,3,1
3.06114885484775,-7.80796134324338,-0.0262624853793949,5,0
5.73827222410446,6.40499556958193,-0.304801651038327,5,0
0.456369115613992,6.45388326666764,0.150249876339317,7,0
-3.11042096440734,-3.98007668827276,-5.45330563057162,2,1
5.88994476113811,5.25451852510728,-0.3452388011246,7,0
-6.16471390736441,-5.24858684208471,0.40424096481572,4,0
-5.87949372684004,-5.50239552127651,-0.401752556233485,3,0
-4.85593586134203,8.2264187784315,0.605968468315163,4,0
-8.72210524217662,3.59499035168484,-0.870559156169419,3,1
5.17598139932841,-5.44970123612806,-0.619898341241558,1,1
5.90753280980593,6.56169261752492,-0.260766303650905,2,0
3.59198250065328,-8.31273513076563,-1.95784669823092,8,0
4.56104600406056,-7.44135670324704,-1.81054612030981,5,1
-5.17610685917981,5.09703245144107,-1.10459379727783,5,1
7.92653061464793,-1.20746656368926,-1.02594449623073,6,0
-6.07027290217669,5.05177005175146,0.994571093996503,6,0
-6.16261667183363,-4.19162407778945,5.12575719857015,3,1
4.93720934944846,-5.79328498253547,-1.06407500970236,1,0
8.61141563724379,-3.88855050975944,-1.43642706484209,8,1
-6.26815274990959,6.36283641595772,2.00121047125009,6,0
8.41528912740216,2.79984202547302,-0.791170585053386,7,1
-2.26075503675084,-7.27253227559792,0.589503224240904,5,1
-12.2911065083856,-26.2140386576238,7.2997619856268,1,0
2.45780142054442,9.42319575369089,-0.319342953025386,8,1
-3.4823593166892,7.02068770381765,-2.80899099909674,2,1
6.20097749210823,6.17159196969922,0.68399164868703,6,0
-7.98232870756637,2.11067364740366,0.507578471146972,1,1
-0.0623926143870626,8.68698406554529,-0.61347534296711,4,0
-7.4639000439366,-4.21152038770183,1.94390476734095,4,1
2.46916237462957,7.15819021389332,0.720828794096709,8,0
-4.49154007403809,-6.32193130928824,0.812347481483257,1,1
2.25504485535294,8.09003018298353,3.05521389924991,4,0
7.5527214081939,0.427635045718003,-0.0965030646790871,8,1
-7.92547989906361,2.00717210648818,-1.04677791728475,3,1
-7.93945499232966,-1.62114934996493,-1.04597193641975,1,1
6.79106076387563,4.51368921763282,-2.60839285188358,5,0
7.31316726329354,1.20709823851695,1.13236017179481,3,0
-1.35932494196112,5.85869406345024,-0.642305248851378,7,0
5.42837182154823,-3.93540959130087,0.709562155813781,7,1
-1.09204204030179,6.8805232022683,-0.0586129631171458,2,0
5.14413888205856,-6.79835103374612,0.82523757131702,7,1
-5.80642590641509,-24.9131368388694,-1.22214112034576,1,0
-1.86727162361813,-8.70122693264107,-1.0418782476979,3,0
2.53467182989811,-8.15719099821127,-0.0759114279479512,7,0
-21.393368447812,13.9123361731989,10.3016972917578,2,0
-2.49137333709165,-7.58080024325731,-0.0401511458554313,3,0
-2.95291570196546,-9.0667074069958,3.31632579586681,7,1
-6.68940385780262,7.11715940036652,-2.47170123198923,4,1
0.354571707724102,7.76666465728044,1.79229008065655,7,1
9.37683331562831,0.871580346526115,6.03410571479029,8,0
-7.31640432253306,-3.90386884462909,0.841014230913921,7,0
9.02042159056289,1.68741862879046,-0.252851615582109,7,1
7.25755331143232,5.31646504432262,1.30193796106674,2,1
-5.14649796266302,5.80383585857415,0.40280264015246,2,1
-4.39501943923488,6.00961610051504,-1.31557382137838,3,0
0.0218053858037474,7.52163923002271,-1.85013370672335,2,0
1.47440681085939,-7.36184526514981,-0.860318165587963,8,1
5.63750810458598,-7.30147066383769,-2.31839580342517,1,0
7.23542409127539,5.49400738900894,0.600839359979164,5,0
7.88454974703972,-5.00184078790686,0.234325052718128,8,0
-8.74465963323917,1.15326070971227,-0.695612526868166,3,1
-8.78379652577835,0.116884299201763,0.638039129972674,1,0
-3.32493944242816,-6.05959402664667,-3.57230230251179,1,0
-6.19826743633113,2.58887746772221,-0.336788137757661,4,0
-8.56016134774523,-4.50644300970567,1.4428548561948,6,1
-2.56249243567036,-7.43668477433984,0.0645748549695993,2,0
7.51682808743415,8.85628501839274,-1.26113795401575,8,0
6.29656081608457,-6.42654029091592,0.534172583849487,6,1
2.07740776716524,-8.78518775014782,-0.493715874965723,6,1
-4.33469233416363,6.74788952204101,0.525049140183526,5,0
-7.36857414939625,-0.557897746397109,0.077283117173026,3,0
6.24627825388022,-4.25712469313101,0.950459817656414,2,0
7.23990282745558,5.47676132388049,-1.64636851386022,2,0
6.31232015629485,4.95009598937608,-0.967117192102173,5,1
5.90981118807006,1.81589033753187,-0.587650289972814,3,0
-4.81721956190583,-6.1860060763027,0.727013933610846,2,0
0.447955177954761,7.56955889422844,0.392713995572578,3,0
7.76923657333083,0.940939701236044,1.08861148707886,6,0
6.50337498306905,3.6304755662037,-1.30889547325677,8,0
8.0846707678741,4.06983091020664,-0.671567960874103,7,1
7.87068308608408,0.711765098279219,-0.314548399276694,8,1
7.58574743368093,0.904299655481264,-0.226391031579986,8,0
2.28338432306773,6.72347085283186,-1.39968839461315,4,1
-7.16886686012304,-0.553096622304843,-0.715208151018888,1,0
3.89882574039112,-7.09391138455105,0.947656824847044,6,0
9.40069081307792,0.873351156637138,0.652857936057577,5,0
4.49837261618167,5.43229574877953,-2.54842698622796,5,1
3.55463817280406,6.4861253736157,1.87411661162922,5,0
6.69065177106773,-3.47798569830753,-0.445132712999268,4,1
4.56723782044326,3.99010060519958,-1.55514752923259,3,1
-4.82473952078918,-5.56794086604701,-0.358830817048353,1,0
7.18916713160322,1.98963944028025,-0.481071014316795,5,0
2.97620035381894,-7.83862667427121,-2.40741067008217,3,0
-8.10387401394638,-4.206645703785,-0.726980883177276,1,0
5.16956946296052,-7.85595076657803,0.825906758275465,8,1
7.70182990177438,-1.25612051812803,-0.17144082745315,5,1
23.5300689944282,5.18132998723941,5.93260433277269,8,1
-0.0561366411755095,-6.83224616754758,2.47286642139831,1,0
-5.13610852977712,4.88950431025009,-1.10366155108199,7,1
2.53835974945647,-7.02867495644653,1.06803069642792,4,0
-7.05710629485614,-4.80389387063125,-0.17597483563,2,1
8.87827976642412,-1.08465854461871,0.0695023752690988,6,0
0.450920563320119,6.97866215228268,0.150844763499377,2,0
-2.27759749434467,-6.13759231098696,0.364975468893496,3,0
8.23151333862395,-1.57373366484706,0.160038232393238,8,0
-5.49803225553288,0.840164111976826,0.217417370939373,8,1
-6.5655534499519,4.64860012573407,-10.7863332093932,1,0
1.27699493723754,-8.99954919584923,1.30048280809864,4,1
-6.30499218747522,1.94876037050657,-2.01064610757382,1,1
3.49920487623337,7.33195411141575,1.54122167378704,4,0
-2.97222008132753,-9.04974507628177,-2.34995001827435,3,0
9.21180349068616,2.61308287394074,0.0367186636711693,6,0
-5.31434833242097,-5.98882558203764,-1.79458281600183,1,1
-7.39667008804333,-3.99746268958609,0.456061363167461,4,0
-5.49481244061135,-5.28331827482821,0.0119563604863591,4,0
-5.25070668903552,-6.13199063316039,-4.13317879721414,3,0
-5.326970027061,-6.25030662976998,-1.25756593158975,1,1
-6.94795784257086,-5.54994653874489,-0.770246751768875,3,1
-3.03571260400062,6.87284533144585,1.10555432265846,6,1
-1.93282520313531,7.04647133498906,1.61905713801615,5,1
-8.08734402235551,-4.2348951140417,0.146889097911501,3,0
7.34979118936759,2.64753807377422,-0.606036232073354,3,0
5.04027081440258,-6.34448710592819,1.60580410626926,5,1
22.2501739895495,8.2177141640543,6.39940769149008,8,1
-5.45415830028204,6.6395676509981,-0.625961121919595,3,0
-9.1839773467436,-0.227639995785074,1.20773889634803,1,1
10.6534557811146,-1.0277992316704,6.12670666314261,8,0
4.60752212112846,6.12631309385277,-0.397393544304879,8,1
8.77388201493559,0.500473451297934,3.716808686536,5,0
-6.72532191966456,-5.43226402891032,-2.46567363863478,1,1
6.02551024875334,-0.747494600494168,2.75039015527079,8,0
-8.51505041642004,-2.13601880151681,0.35360986666001,3,1
-0.990130342956829,8.75721454322445,0.30295700203488,4,0
4.84908999882111,5.32732335062101,-0.460754500013333,8,0
-6.89830095873913,2.8337819824149,-0.0564343038303639,1,0
-6.1870455858747,2.59400078870454,0.447331170209236,5,0
-7.75621202092148,3.37190488502507,-0.745931588138094,5,1
-4.31563678320427,8.61147357025231,-2.55642719741322,3,0
-1.15046046331632,-7.51429921136526,-0.641735550325635,3,1
6.98584439006098,-2.241143043874,0.227956876304581,8,1
7.54608073270824,1.82543929062243,-0.72490978780162,8,1
-4.10869258131889,-7.64551325570038,-0.26334385204992,5,1
8.39003392986809,-0.359851525370085,-0.913008153779764,7,0
1.00246964134386,8.05846715383022,1.25648622213575,7,1
-1.27286134433835,-7.66690225318428,-0.00691646496646337,3,0
6.52620937706031,5.77705122301364,0.00794902406226503,4,0
-3.99922072451828,-7.5491588109313,-0.45043565640438,2,0
7.55972786588058,1.71426070277807,-0.724235308252612,8,1
1.26808525381279,8.13224393039688,-0.691610047006092,7,0
1.69291255767525,-7.66292930722698,-1.6238227941945,5,1
-5.4782869022888,6.64219990350913,0.192248077507922,3,1
-9.200283503513,1.49175995084758,1.20877296633765,4,0
-5.46462106134207,7.4333073050306,0.414548118231455,3,1
-6.5122194632452,-6.10449923957846,-0.0771131454723499,2,1
-6.98113113041287,-1.68125153172572,-0.769029594527124,3,1
1.65687115319432,-7.81975536906296,1.47649240415206,6,1
4.52713083841411,9.25702486653706,-1.39029700997918,2,0
6.6980086372542,3.44447674137206,-0.527527593401956,8,0
-6.44741398299699,1.65447583158152,-1.52172965977832,1,0
4.45611109208855,-7.52081183576748,-2.54060758950538,8,0
-4.55865069503718,-7.04515743380952,1.73013321024532,2,0
7.83080867262827,1.70620906937195,1.27430823049386,8,1
-6.85165362124355,-2.25538472918744,-0.310607911797759,7,0
5.97358500383747,2.09293636500835,0.0729292590782385,5,0
-7.37450523682114,0.185861500116052,0.44873218319259,1,1
2.31658410671191,-6.16660099458304,3.0658792669755,7,1
6.36326861119267,1.7287511319403,0.0284299627658811,4,1
-4.6040254094152,8.05126878616992,1.31613509804988,2,0
0.721460835834413,-6.96511534978504,-0.310296645046119,5,0
3.98894072577306,8.42086603174588,5.4239759575899,8,0
5.28530771774544,6.49131722708485,1.37260990869672,7,0
-0.835404134463774,-8.46197362559204,0.76156794957694,5,1
6.9418201049294,1.08997250681188,-0.446833970856999,6,0
1.59709544289736,-7.93325211768871,1.12062561150346,2,1
2.31233124109639,-6.16370798896483,0.669165275519679,5,1
5.15347112279626,4.423980122805,4.44366313698847,8,0
-3.68806537567163,5.05885264164166,0.17211290301322,1,0
-0.321467127806291,-8.00234403799292,-0.732958925840903,8,1
-4.14550239360557,-9.32307677499145,1.54660308758092,2,0
-8.26137883616387,2.51098418212975,-0.420812173853903,1,0
-3.30337469966299,7.73954416814294,-0.209936883784916,4,0
3.2373454182717,8.5876590825569,-0.170352163028369,7,0
6.77174126267563,4.51989477401754,-1.44671128695554,4,0
3.04930181163223,7.93829396428668,4.66646211325447,5,0
-3.00032206082604,-8.47927399085302,0.850301674311125,3,0
3.55285668191174,8.02968404350822,0.472258061182641,4,1
-5.37786665401679,-6.6619848445217,-1.16064476159424,3,0
-3.20639610740609,7.78885694309099,0.853134217699259,5,0
-4.95920358179017,6.8659270261947,0.394031388456694,3,0
5.99167737560491,4.47361846893552,-0.342780512271944,6,0
6.72240260308177,-5.6514321271104,1.05727920846656,3,1
7.87306007185574,1.80657718389134,-0.528475252980123,8,1
3.55973769808485,8.03039815082486,4.16130107972444,8,0
5.97728334779825,2.09752638593979,-1.18924299301979,5,0
3.1171336626532,-9.31999286691677,0.82722653777701,8,0
6.29971505296175,-6.42422284348284,-1.32014105184616,8,1
-1.31659592969887,8.38467418334191,0.412076706275694,4,0
-7.47234065293181,-6.95526508328347,-0.325284997155077,2,0
0.00554335515435302,-8.80294816156849,-0.496272182119852,6,0
-4.38000708188992,6.56804117638301,0.458528042551908,5,0
-6.27995467299699,2.59896825528348,2.00377307419915,3,0
7.04004699233478,0.923407480760592,-3.69166602824925,4,1
1.675741413836,-8.5544012944739,1.12147208299102,7,0
-6.30228577862492,6.76122637048332,-1.20170759216516,2,0
-8.04321170106532,-0.0111991978639949,1.6958286037393,6,0
1.24868063409868,-6.21324084552759,0.273411631573456,5,0
-4.85251478552634,-5.39069650503127,0.0978922495781498,3,0
8.54238351205834,-3.94629230076459,1.2331374567544,8,1
6.37608483476183,-4.73583980884289,2.45944201414749,7,1
1.18750720697034,7.28468646918029,-3.044052526081,4,0
-5.53676018014643,-4.32511912041475,0.0129924898511635,2,0
-7.47063852808128,0.522572054965941,-0.575621863441465,6,0
0.734069558610638,-6.96267126199623,-0.592346860021471,4,0
-7.23730805939051,-5.1528313837308,-1.05346971122527,3,1
-17.0260889456567,12.2063545105697,-1.83334527578237,1,0
7.52330895620441,1.36626492104849,1.91271088847451,8,1
6.66225895374225,-5.45606105638852,0.561490520325906,5,1
4.80519827047256,-6.26753249054323,0.492384914075451,8,1
-6.90940533237194,-0.468667585062865,-1.27571991174073,3,0
7.49769632773086,3.65840917888193,-1.08650089335588,6,1
-7.1352189450112,3.40093231011336,-0.767837581131723,2,0
5.2543235371297,-3.60202779522123,0.419158704103049,8,1
-6.94543694566576,2.83724246977994,-0.107461273902692,5,1
7.37225160413748,-4.02689346038089,1.59752403753948,8,0
6.95874035854642,-0.861818409161404,0.572883250954463,6,0
-2.86747350462835,4.78151145632894,0.525776160235749,2,1
5.69664845576552,-5.09178516715128,0.422480450304864,4,0
6.28694252047474,4.86962293574971,-0.559342599576713,5,1
5.90135004494963,-5.07271644669364,0.209417212951662,8,1
4.47503330803744,-7.14248578060594,-2.53296602003759,4,0
2.21185398168996,7.72203882674197,2.01565450771507,5,0
-7.07637612456727,-4.09782276729367,0.738331112550978,3,0
9.76581082663758,2.39368033978306,-1.47809916405829,6,1
-8.04106693210408,-1.36127039427091,-0.187085942474198,3,0
1.87271045855278,9.06918358907692,0.36308609370554,4,1
-8.31864943186084,2.2723555332004,2.2515632784823,2,0
-7.96511448825011,-5.25515136204674,-1.2943946331262,1,1
6.58634849783159,-0.721125027174882,2.3509420713972,5,1
-9.0213059781956,3.28864059388594,0.452193340402504,4,1
1.60258036559162,-7.93133394503367,1.47775834107288,5,0
-2.51141274878132,8.42763439549291,-3.76519911523372,3,1
6.76343024842073,-6.03590581644888,0.285793647659255,3,0
2.28614999944902,8.0916459186321,-1.39891635123535,7,1
-7.87330722310115,6.27865375050724,-0.108675647948246,2,0
-7.08772533294398,2.53346125511378,0.613677249074887,2,1
5.46748946283773,5.55759367059573,0.650405322930972,8,1
5.37101235895658,-7.94903380354475,0.710146612559081,6,0
7.63395356514791,3.04471705578114,1.87567511376837,7,1
-5.47490424226772,6.50872963434395,0.415079101586283,1,0
-9.25743649343895,-0.852979180349818,-0.651671201280753,2,1
-3.27480559143648,6.65297667315522,1.58302026503195,7,1
5.2576070389977,-5.48295594442606,-1.24151218477673,6,1
-2.86270208497689,7.77565877220239,-1.9171555391048,4,0
-7.04850416370334,-5.89927553759959,-0.0903563729749388,5,0
-8.05982639668992,1.27211447754929,1.17893379372545,3,0
-0.734965433238497,8.98446740300624,1.34622331036132,4,1
3.47066668946064,7.5284808273274,1.45636532458103,1,0
5.23571459454296,-3.59647581788151,-0.611407005716596,5,1
8.34792731886839,4.79855815802013,1.77392973081531,8,0
-1.04529560761682,9.6513534977738,1.15526235301441,8,0
-5.05467925180852,-5.93339725709392,-3.77261813456644,3,0
-1.71360290139469,8.02614056301342,0.297854795645188,6,0
5.69276928263411,6.04987208126941,0.532580612830444,8,0
-6.77755365211139,4.58484236170689,0.499848955842831,2,0
3.30622501219148,9.3873957719565,0.2900384188708,3,0
8.70891276498602,0.811111738274522,-2.87863242987904,8,1
-2.91390263692757,-5.22021478092709,-0.41135776665861,7,0
4.01175146482145,6.53142670741114,1.0374638585927,3,0
5.15666124588707,-7.85389840471821,-0.619377723295777,3,1
6.22426190700381,6.17532056378918,-0.373788917381654,3,0
-5.86478568681565,5.2144596582578,-1.82842059208658,4,1
-8.59976970610883,2.41930541482349,0.415622745086614,3,0
-25.1311326201609,-2.37752140182824,6.16581065998194,2,0
-4.25929932533855,-7.41330357336909,-3.64674557085688,4,0
8.53085502069034,-3.81786690289884,1.19939122127759,8,0
-0.592288198046535,-6.29100454742896,0.0525813505766139,4,0
-9.36638920126864,-1.51873259446861,-0.651052230282819,4,0
5.91099446701931,5.28122938682878,-0.259955930229909,3,0
6.64333757747529,-3.47197139797652,1.10744595416693,4,1
-4.44829668645884,-6.50222355168051,1.34835263815516,5,0
-16.7374089263988,14.1887984119502,5.96077367834282,6,0
-7.4435295919533,2.99544648660823,-0.0783200757718654,5,1
-4.00760172676874,-4.47790693757514,-0.00226607464547471,5,1
3.28126680291166,5.49968165246757,-1.03199843749326,5,0
6.88818909405099,4.08909241645659,4.21134988647785,8,0
-2.42528209539097,7.30336558336523,-1.46246550890357,8,1
6.61106771670162,-3.86336404444881,-0.427484783868565,8,0
-5.02668587957382,-4.12091968491303,-0.552975357431458,2,0
0.162532930618149,-8.97434105993058,-0.90724268096478,3,0
4.36177443287459,8.82541235955639,-1.63155949975149,5,1
6.85244285620835,-4.61643591989107,-2.63705863820493,1,0
8.45001126865731,-1.10523221779687,-1.06814557515822,8,0
4.36755881896792,4.7556775417406,1.29665901225655,4,1
-7.17269976589335,-0.596785673967405,0.104685721775218,5,1
-8.21401450403644,-5.51303632160474,-2.11302140854287,1,0
6.27340864494222,4.87352034874532,-1.36676069233013,1,0
-7.61648535910753,4.91473671667266,-0.0872663673241492,1,0
-3.75176080158182,5.48257473219613,-2.97916255838048,2,1
-1.38445423342281,7.41835369780223,-1.81803794842627,2,0
-9.74053424318578,0.675484599296474,-3.73695912201298,1,1
-6.44375522185979,3.61625547759207,1.23496696628131,3,0
-0.925506350893516,-9.23728222924252,-0.270129516198737,6,1
7.61208959379646,-2.0305861146909,-0.122891886371326,7,0
4.85736438091567,-5.03573941903147,-1.58612376282559,2,1
3.07582420001334,-9.33910358797699,0.548134849050006,5,0
-7.19747408488315,5.22033232792396,5.36851462587374,3,0
5.48051134987947,7.26094876302243,-1.6767919321672,2,0
4.01747050253607,-6.37334886507065,1.03917964193233,2,0
-5.01373478872591,4.69500529888963,-0.0678518777263145,4,0
-0.0332936190407383,8.63510690240301,0.847588896933192,2,0
-3.58544719324193,-6.28669971063804,-3.56055291412838,2,1
-2.8343512045183,-11.3838313232934,0.796793255456922,2,1
20.6680176551263,-15.1192485408472,5.51821474256665,8,0
0.944751202242303,-7.89415742394244,-1.64153057417681,1,0
8.22085314845229,-1.56849908499891,0.479488972781748,8,0
7.72478656197686,3.37683655025753,0.96528566794554,3,0
-6.94074230183155,-3.32510974665784,1.33971754813472,1,1
7.79697640468109,5.94997981847941,0.54154133873156,8,1
-3.5025721865974,6.4702828507179,-0.431307350115914,2,1
6.59264455236589,-3.90903029656357,2.79671079455518,8,1
-7.75088204690818,1.27694397746264,1.03398321672,2,0
-4.77111001582527,-6.2112235860618,0.593763559174882,2,1
-23.1099781972773,-9.4556410491404,5.16003404669519,2,0
-4.52645771615498,5.9109653581796,-0.0580857850051176,1,0
5.37488173520348,-4.5602896447191,-1.06636235589153,7,1
-8.35847436684034,-2.11798712666364,0.0324322255805948,5,0
3.57777666597916,-6.73903012934819,0.310143854372644,4,1
19.7031533197825,8.43843935721635,6.05163810442996,8,1
23.0588010392723,7.15558326248284,5.91177589950701,8,0
-2.92426086369454,4.78498005283099,2.64019139250964,2,0
2.28895472398923,6.74446190871433,-0.232423591684062,4,0
-8.0083731542261,5.11009296361166,-0.561510974832679,3,0
-3.99065348710186,-6.60101610998501,-0.422602934607478,3,1
-0.169019104766015,8.17303428139012,-1.01008198041466,6,1
4.95743090120016,-8.20751078764274,-0.656840004821273,3,0
-6.83570026349482,2.81919603266936,-1.11271183891848,5,1
2.72595410528618,-7.52465576400179,-0.617082348188793,6,0
0.909858705793951,9.44911114806482,-0.760587635670914,8,0
7.64500028127371,-1.29760261517337,0.925959253298911,7,0
8.59351112298414,-2.85129909926046,-0.867028521706239,8,1
-5.01074547141024,7.24149756623971,-0.292743216547432,3,0
2.62184630726943,-7.63780096485237,-0.728407969214252,2,0
-0.403350069405776,-7.38758526026097,0.536785343090332,5,0
-3.43793296291915,7.14546199988747,0.802000109308471,1,1
-4.64691403729206,-4.46641513436789,-1.32712482606411,1,1
-2.77847588843201,7.83631716179615,-3.07199030301132,1,0
3.400199431171,7.23522149896174,1.45792520180756,4,0
-8.25085418587263,-1.90363871493274,1.00197294042456,1,0
3.26841622104562,5.50252030248276,-1.33184621259974,2,1
4.79482335803712,5.17605650657607,0.63121601465175,5,0
4.47911486115031,-6.02101828923666,-1.71136667463257,5,1
6.87975051792525,-1.5632320192677,2.10242574455116,4,1
-4.0034326787323,-5.91989162826475,0.554179633113594,2,0
4.922243641749,7.02698581220934,0.348021670071858,8,0
-8.00554760027507,0.88015333149123,0.0363203479991652,2,0
-9.08492477880899,-1.44598258192614,0.45266765546864,1,1
2.36661349264911,-8.73415667809544,-0.796164939575417,8,1
0.107478769895051,-8.97107409655513,0.1762345116465,4,0
0.806559742646801,-8.10805563246138,-2.24866264966705,4,0
1.38436352495945,-5.84524059719954,1.05043953849099,6,0
-3.44645839103607,-8.0260316312148,-0.566250401804696,3,1
-5.16653993765509,5.80700242875583,-1.10274623615222,5,0
9.47439305347813,0.874957063265661,3.69105329936218,8,0
0.502545159274978,7.55762396129075,-2.79829351369132,2,1
5.43198816586755,5.87953585887109,0.768007330690816,8,0
-6.31994888370175,7.66379200400502,-0.164516748617606,3,1
5.2269584241961,-6.95026653584543,-0.611037731547446,1,1
3.28307067102968,4.91908947540631,-1.56248314418853,4,0
3.24607038009986,-8.62458618742166,-0.169797489475066,7,1
4.9422425566749,-2.90813194550534,-1.35558537537672,1,0
-8.33333313451979,3.96449280298379,-1.84140753489037,1,0
-5.24755034735163,6.27317081741523,-0.832136511976727,4,0
-4.78180341829452,-3.85332849235365,1.6893828145264,2,0
-7.2272548339964,0.881250978109617,-1.0527903650458,1,0
-0.316922378074766,8.20520384834357,-1.20449327393434,2,0
5.22801144072528,-8.0539041059842,-0.738559569670376,7,1
-7.03914007157884,5.70109759150649,-0.175502147554201,1,0
16.9462781417695,-20.3386872535992,6.53308723018752,8,1
-6.29037781594687,2.60379460199311,2.00626169533261,3,0
4.33525488429387,8.91797035568166,-1.62899966942731,4,1
-8.70659200624921,1.50593238878605,-0.112000577712793,2,0
7.37484419174674,0.438914314677777,-0.245884759632378,7,0
1.66728569196214,-6.95277188565013,0.79412099338168,6,0
7.29867655702849,8.39491506204462,-0.740913174924709,8,1
0.690674449109402,-7.28107693962044,-0.355630367353426,5,0
5.32256324075212,6.85198732737079,-3.78836722308256,8,1
7.63605653171627,3.46879076958204,-0.300524298008438,3,1
5.93819577753148,-5.47199126372421,-1.1878852377919,5,0
-0.708883707298468,22.7990854623014,0.298705606146886,6,0
-0.984419242813368,-8.61347501601062,0.436399588544655,2,0
0.287734018684429,9.00133838670893,-1.53171840556264,7,1
-7.76573028315405,2.1754305001168,0.621561610634094,1,0
-8.28909347143828,-2.4058183239985,-0.57195171007699,2,0
-7.13040536538401,-3.46600387821966,-1.94713111122707,2,1
3.20014317320295,7.44652691608469,5.99978393851834,8,0
7.3379501915593,-1.83110902982982,-1.27006523542763,8,0
-7.61298020204871,2.18418526516678,-1.91075075712468,1,0
-7.88506355629832,-5.50944056736945,0.844188889422386,3,0
3.21009655227492,8.06590656587218,0.783421160009096,6,1
6.02989818149313,-0.745315231210095,-0.689866998037048,8,0
0.978267949617655,-6.32872562240019,-1.23334511953624,4,0
7.70703703059594,0.304804819918342,-1.59073292453626,5,1
-5.84779444472578,-2.76431321503699,0.167700247103089,1,0
3.32235163644609,7.4398002825127,-1.89480894087745,4,1
-7.25972088510799,-2.87976642274559,2.04077015861653,1,0
6.82190907855064,2.77096665805014,1.25899028226776,7,1
2.18068119578236,-8.77680898532441,2.01790682927395,5,0
1.55984638508658,8.03435036215214,-0.859404122444225,8,1
-3.33308440393648,6.30646986270283,3.85752987777683,4,1
-7.42102978564613,0.886584879914753,0.67305945159351,5,1
-6.84109182913327,-3.39206973982966,0.379007808713709,6,1
5.71392958126801,5.74375846540194,0.816988219315033,7,0
2.71043519586609,7.18431850851153,0.106652002295162,5,0
-7.40194965992384,-1.53603472604572,0.495584171930511,3,0
1.27992409386252,8.13514000425606,-1.10651076835087,3,0
-5.61379714775974,-4.99377613298122,2.04588021073392,3,0
8.24078351818268,0.0606103970288612,-3.0126496437791,4,1
-5.04592515035612,-5.93062511481773,-0.105381682254648,5,0
-5.24097160579126,5.89843006873886,-1.79364598255132,1,1
-5.78502782174452,-5.79903837302515,1.55477310818944,6,0
-6.22386451327536,4.05664328195038,-4.28696220781254,1,0
-6.39450057716279,-5.91468048647458,11.2246307560907,8,0
7.59015859688136,3.13833977724044,-2.3014736469208,6,0
1.06300274809715,-6.32717900236678,0.269986951430597,7,0
8.7321516200281,-5.06403177446897,0.558915693829385,8,1
13.6249909856645,-20.9924434442411,6.13847970347847,8,0
4.8086459746751,9.07335673436237,-0.516583093308583,7,0
-6.55313096348194,4.38104779446826,0.431080706533503,4,1
-4.80078086753454,-5.56437552054195,-1.88190167342643,8,1
6.60503176148086,4.77444011953033,-0.426863163880199,6,0
2.97923182504458,-7.8376386104993,0.609116737019017,5,0
-3.03147157278572,7.65373035981333,0.555311421626281,3,0
3.33297676544111,7.20100637416997,0.930886467342226,7,0
7.13533318032097,-4.95861913894882,0.0388331133206262,8,1
4.87930708199357,5.22934512350202,-1.0635138541635,2,0
6.2056946068279,2.14297485436197,0.332869326730747,8,1
7.81449129856432,-2.4138564016193,-2.00626428406195,5,0
8.01395173825253,-1.35682434211023,0.265638880938862,5,1
-1.83063748925821,-7.82784220577463,-1.05065041854588,1,1
-7.12230431788665,-3.44846618983577,-1.40859319414631,6,0
-9.08868502275366,-1.31456542964696,-0.603289246266872,1,1
-0.804991482614026,-8.45789863220278,-0.735352145273745,1,1
4.89320535369184,6.22264673359934,-0.638261981431531,8,1
2.5530389211563,8.04676331449352,0.553083014132815,5,0
6.43353065174771,-6.17792112256678,-0.717121076310128,4,0
9.00254460090351,1.2364077474938,-1.19613765265805,6,0
-2.325724500493,-7.17890214135717,-0.815424745920956,1,1
-7.65452726159467,-4.73076120878658,2.36386595083089,2,1
6.83033013999106,-0.0924393422990862,0.246158840594813,8,1
-8.05484347299967,-1.64960158611797,1.3309353952868,6,0
-3.0605040564742,6.87531647319529,0.103669257054011,2,0
7.58685056587616,1.65835100071663,-1.4517643844135,5,0
4.81210294979852,4.6606980345989,0.0712058660323859,8,1
8.57270302833414,-2.23212836615083,-1.43419855493882,5,1
-3.90121256667178,-7.31931365002844,-0.944940082905262,3,0
6.84611865157164,-5.76001343960748,0.176606607918648,5,0
-1.57472699826677,-6.64320810633156,-0.470760429289493,3,1
0.186960049482872,-7.60145530431127,2.69755448454511,4,0
7.1368906759926,0.448887011159156,1.50893981321978,8,1
5.21924739274652,6.29670490541237,-1.21818490057296,5,1
-9.72823931981689,2.0734378093654,-0.00520922180527277,1,1
0.047777579469877,8.63731312923455,0.0824797854216254,4,0
3.10271176281637,-7.80430166124183,-0.0126728416934541,4,0
-9.1351181919094,0.178574827177683,1.20982284745999,1,1
1.2710870204559,6.03098028219763,2.78161469648189,5,0
-9.10334781511371,2.72786867818368,0.214553565289746,1,1
6.47843017370359,-3.26401454497222,-0.737761461896937,7,1
8.31783807020105,-2.71107671552045,0.229876884658159,4,1
3.97173531163214,7.29512416852988,-0.891850464338282,6,0
-0.523301949858021,7.37966257402705,0.643320453195617,2,0
6.89698967658069,2.63061429890364,-0.250632548573105,7,1
7.90603606095991,3.32213246033792,-0.993737419899143,5,1
-1.39135158548554,7.48960391815859,2.64939100621774,3,1
4.52828675898693,9.27731774331082,-5.02903585561074,7,0
7.77330935722887,-2.2277421476561,2.88302138851448,8,1
8.81747840556137,-1.08017180860239,-4.85142034464997,6,1
4.56306020901193,-5.97616616098634,-0.607072776178256,6,0
-4.55629627944371,7.0058418311946,-1.04434211133764,1,1
-7.25624946803511,-1.59979395216175,-1.44851270430836,3,1
4.50082739377529,-5.62868115682712,2.27309281319079,5,0
-5.38749163370126,5.89320691221822,-0.644579485708398,2,1
-6.36620198617151,-5.21688408603857,-0.193010631327398,2,1
7.09223085949712,-0.71872396933814,0.380382499512773,1,0
-0.0442303657921333,8.63962079490108,2.48026035959599,2,0
3.02933380618388,6.41164200089808,5.46154256837519,8,1
-8.02951009507222,5.11274526070163,-0.561173915257672,2,0
-6.41147541457282,-0.0045531010965348,-0.190481949803722,4,1
-5.37477116261812,-7.95853456601441,-1.13021930272465,1,1
3.39594329654399,6.4275348779379,0.482237770900349,5,0
5.5722107778372,-6.55941832826379,-0.00364287783139418,6,1
5.51694730097622,7.26319976685608,-0.447708610268183,5,1
-0.718555565067883,8.16200562899801,1.67700503011759,2,1
-4.37698138736164,6.02022721803329,3.57792193050452,4,1
-4.79630609409017,-3.84830512672039,-0.758995748397082,6,1
2.7997345386511,7.70125432253366,-1.54570000189682,8,1
7.64735440213571,0.312047151189638,-0.708699465256518,3,0
1.69701665813866,-7.66113117596214,-0.0467744688672955,6,0
-8.83488272200404,-0.658580809501136,-0.0628006683537845,2,0
5.32730186659638,-7.55821285220845,-3.78031796934379,7,1
3.68203117897566,5.83623823088168,-2.21400326653079,7,0
-8.17390004229213,2.76359663715455,0.74322154406876,4,0
5.53091120577346,4.0162275755883,-0.111085578557619,4,1
-1.31348373943085,8.31943372542326,-1.16297781746507,3,0
1.77631184601369,-7.65943319341772,-1.33898702892493,4,0
5.19692640452837,2.90355761516145,2.12652756152582,8,0
-1.86016840592068,-8.41123847553556,0.384519006429995,3,0
9.12776447250456,3.4321169882184,0.204732243421533,5,0
-5.41497115117288,6.51996058303148,-3.3514177116726,1,1
4.77690128576609,-6.61964172516785,0.631966410546264,2,0
1.51051831790547,-6.30329767484277,0.155282768179303,4,0
-2.57115746679064,8.43113546212203,-0.579334163275943,7,1
6.18201394303171,4.17996328685137,1.5578341534841,6,0
-4.44492325303011,-6.32080926394415,-0.814715937381256,3,0
6.01058510784961,-7.39786551231358,-1.41038356748702,6,0
8.33324842139241,0.764873188410511,1.09098172347107,8,0
-7.30656934554276,1.13202673550563,0.260025433518693,5,1
8.21615138039586,-3.87340794768297,0.160446953236243,6,1
4.21210559179503,-27.8202805582325,-0.684925627767014,3,0
-5.31966315300339,-7.95698059804796,-1.16030067630249,1,1
0.311557892225612,6.96793463236454,3.96293524402028,8,1
8.03508211706219,-1.96747346195771,5.64798940127226,8,0
4.60421757825835,-6.52664129924973,-2.67812368842912,4,0
-1.80779071596078,-7.82610318211782,6.31099107724199,5,0
-4.91341450328422,-4.70468602369598,0.728041018684192,1,0
5.66056828791374,-7.29754925913467,-0.15349337757793,5,1
2.08715131943553,8.10404924026785,0.0192537142469648,2,0
6.46185060778476,-4.98487631610231,-0.912248581077802,4,1
-2.05297599331153,-7.45790353000727,-0.227257879295771,8,0
2.50308993612978,-7.55069775048615,-0.075316748915787,7,0
-9.41114612355264,-0.462461902981379,3.09725083238663,3,0
8.18733846256385,1.00735910260978,-1.28356565365226,6,1
4.90754659172022,-5.79045597133124,-1.06295490654228,3,0
3.10530193717186,-7.09007949835112,2.72095787262402,2,0
-3.04985185585134,7.65702014243974,-0.0977382067100536,2,1
5.4142554556798,5.74944758995656,0.32946553839301,8,1
-5.87736138280076,5.14736564943875,-1.09442052983503,1,1
-2.05975163072235,-6.86163137681903,0.116810228601706,3,0
2.80793809330495,-8.2454198761674,-1.9236197919194,4,0
7.47081795294532,2.24114860757371,-0.469675932207704,8,0
8.3217651083989,-2.70651101071198,1.28054754164441,8,0
2.2658435448668,-7.6768885396737,-1.39824070093537,2,1
3.09157826640631,7.61398113186087,-0.181579897687651,8,1
-4.6662709254823,5.95220203041403,-0.745271780659327,1,1
7.57152550554045,4.03224111421801,0.425396610981133,8,1
-2.02762089580938,7.21423057149835,-0.430013808780348,2,1
-7.81647772019703,2.55403946544861,1.18325548029656,2,0
3.36430747608995,6.89482365613025,-1.0595897814851,2,0
9.66832061759741,-1.17166940248283,0.626674149335713,8,1
5.52625313270656,-6.72012356430452,-0.201505040290076,7,0
-1.30698519310999,-9.30665656355573,0.504904542556988,8,1
2.25887879305884,7.72634504653013,-0.231574116901698,4,0
-2.68131796542574,-6.7681769434335,0.842575684675619,1,0
-1.19407955938357,-7.5119673578658,0.0470374924940114,3,1
3.42106627138742,6.43059401597686,1.54306269729253,6,0
6.14951945321131,-1.05016274470018,1.22723848264463,2,1
-8.0026947910546,4.02067059974275,-0.883579235987755,2,1
-1.20442404369727,-7.50957091078705,0.718710397452634,3,1
-7.58022229470216,1.90904358635354,1.05190325466641,2,0
-7.64249314249278,-2.19053098947605,-1.76196859307054,1,1
-1.41790648018212,-8.9240143956885,0.0531269675972898,5,0
3.39079533836288,-6.84223119847124,4.53131722623606,6,0
-0.612838852827028,9.03102675958596,-0.876826545411294,2,1
5.67186780207446,-4.52889425979852,0.498658328485996,4,1
6.98919100436146,-1.88376574600209,-2.92702137036823,6,1
7.70962111692763,-2.35027402410612,-1.58840143496185,5,1
2.2918300454607,-6.16079984054329,-1.39765068476421,6,1
-2.27205023520775,-8.8507789404118,2.07317504148572,6,0
7.59345889845106,3.14411983475879,0.156910196939152,8,1
-7.02352208008115,2.97449135891815,0.838759050912556,1,0
8.02682890903221,-1.96362234235784,0.266019273347108,5,1
5.88732076641597,-5.65919255473352,-0.100992952703531,4,0
-7.30312895302659,-3.11856511832981,1.65562071629135,4,0
-3.89562296966705,-6.85204288895548,-0.125104019114031,4,1
-3.35609266749226,6.65574479037966,0.0433134479835124,2,1
-1.56309558799624,-9.87267396038581,0.43729711083623,5,1
5.06862143202316,5.04176524311852,-2.85014496156083,5,1
-7.52864123396625,-1.98748017673225,0.0335390317668486,3,1
7.64974988144743,3.75310823405785,1.74431182240644,7,1
8.2441000153184,1.44855579244492,0.160864671910789,7,0
7.00239485892843,-3.40110694880173,-0.0252457598483549,7,1
-2.58016607772123,6.14869948566167,-0.442692021157561,2,1
14.0185222815408,22.4547110213137,7.12999487142972,8,1
5.37867677891295,-7.07507424693497,0.972832001465004,6,1
6.29018382974562,6.55056856689996,-0.637068751182174,2,0
8.46979595201779,-0.351879984159371,0.0991663177001711,7,1
4.61445448506296,6.90404322371,-0.565258047782491,4,1
-21.1826628135878,14.4723489087044,5.17708765185467,1,0
8.26204754585928,-0.0588489257499652,0.161292449677182,8,1
4.10214263690053,4.43864773759329,-0.705436248120722,5,1
7.12626460301765,4.33657219850562,0.0391515093592332,8,1
7.45943879860856,2.24712667304227,-0.354025200064464,7,1
5.73142889128216,6.39476299436482,0.282632772422152,2,0
2.7501248412763,7.36330746736402,-0.616676877849557,5,0
-8.20739562649853,-0.0314807009902143,1.66894864725138,3,0
-7.56208083859497,5.92288344522574,0.632744532557818,3,1
2.60218562570374,-6.01562258491037,-0.335239974234958,3,0
-0.569932206918544,-10.3655082919165,6.21767345882869,6,0
3.13096681217781,7.34037214035411,-1.93349102768853,3,0
-25.8722136813014,-2.79612245923339,4.84290141925159,2,0
2.5420287676321,-7.43132763033638,0.787393608856788,7,0
-1.3574792086385,8.0779638440889,0.0600550363579518,1,0
1.63343966514688,-7.92937595918071,1.47907156681861,3,0
1.30761303429317,6.83964935280147,-1.22724726932132,7,1
-5.47149831158991,-5.71258370353489,1.88372979735833,3,0
4.49286622493994,-6.22892840846443,-0.494945602511439,6,1
1.31827054639747,6.84138326435495,0.195041879383325,4,0
-5.5782644820019,-6.0978900387699,-0.730631415641547,4,0
-4.78683000170883,2.81688317398396,2.4880859436562,6,1
-2.16281957324233,7.85760244051406,-1.80517500298219,3,0
6.39341524015403,5.15520203558221,-1.09677565190232,4,0
0.537677576055792,-7.45225668273262,-1.76593930738361,7,1
3.10803806062146,6.81271416401625,-0.0122808966686699,7,0
3.40914309663914,6.43361678243091,1.18116376025575,7,0
-7.53390376905102,-4.28343916449904,0.0340555547607891,3,0
-0.978755573118031,-9.40291255607493,0.590657614054114,3,0
-2.79170133742344,-7.44557898016268,-0.110685173969181,3,0
-7.31321102065764,1.72569718736982,0.260283072718636,5,1
1.01035659902707,-8.17697199722535,-0.350908621268926,7,0
-6.01625257695921,-2.92211920340268,-2.08700134351559,1,1
-2.77536258607914,7.06244285142036,0.331744991664677,2,0
22.423137434239,8.22066623179524,6.98979265586195,8,1
7.45366844113943,-2.06711165400113,-1.08581823795602,5,1
7.31584167116606,-4.93423195859609,0.0500513677113422,7,0
-3.58116776902744,-5.96980058621048,0.831809472761611,1,1
7.12824020196629,4.3418844638671,0.0394635862334089,8,1
6.99912523081424,-3.25412330070876,-1.85935912778508,4,0
5.60663810574034,3.18314490007253,0.658990904789007,5,0
-2.85807577142452,7.46771775740331,0.861063057413264,1,1
-8.03886550885609,-0.756530072159127,-0.560831266052367,3,0
4.50309995159302,-5.87804315930103,-1.38940862784719,7,1
7.27800833017946,-2.04412799869108,-0.168668058613016,5,0
7.90868294207885,1.6016038920046,-0.0882346276199359,8,0
7.52537483462768,3.66518811188401,0.133537780050013,7,1
0.0254441412010107,8.53765652225899,-1.84716137911181,2,0
-6.19437448947677,4.05977728130657,5.14293209708209,3,0
2.77489507481928,-6.53492577950556,-0.9138294607564,4,0
0.727139559175416,-6.96021482157243,-1.59311357906161,2,1
-4.72755692717966,-6.31498175634577,0.729097673928876,1,0
-2.26643832689251,-8.97409883333334,0.542123423738262,5,0
2.75834116098915,-7.52278994032938,-1.92688326970857,8,1
-4.72081720762988,-5.64757511351057,-0.744589874477238,3,0
9.66713973910568,-0.705618128535693,-1.47619135867237,6,0
6.05771741845064,3.57421028469752,0.884966870937823,8,1
7.60004117628289,-0.192286238829687,0.262815738548679,7,1
6.75074520816236,5.12074870595147,-13.0485150188555,6,0
-7.90178155033095,-1.41109675843886,0.335067717401028,5,1
6.79786827345741,2.77433145537552,-1.44480877265766,5,1
5.28976962808745,6.2527025804336,0.221001498196908,5,1
1.83583167896514,-7.96795818454094,-0.050897241329657,7,1
4.91241037764729,-0.098947649522837,-1.58390456061469,2,1
8.18352421107844,0.980462944983926,-0.386069043475194,3,1
-7.08581388208658,2.54055298169892,-2.42722310334373,1,0
-4.98865571261106,7.09359569302859,-0.589788337634044,6,0
6.46649364133801,3.36197286777417,-0.716484790342691,8,1
-5.28848349697417,6.59878015963157,1.66459561463279,3,0
7.92990599368969,-3.18256220117312,1.97707444092446,8,1
7.29224250905852,0.702664094857469,1.17289682624434,5,0
-5.6859066234559,1.77599140059592,-0.23730196067585,2,1
-3.76601296296518,-5.96345985928799,1.24387658669637,6,1
-0.390313997833289,-6.98421734332671,-0.529479048879984,1,0
-3.44361121855879,3.89020239856773,0.835194200407456,1,1
7.34030244268327,-1.71647187044251,0.845858431419737,5,1
-5.6481636310303,5.96112914072661,-0.217950260109661,2,1
-5.13085551619037,7.09544618316203,2.95616665493798,5,0
0.396112801241212,-5.39564782653118,0.429380707017862,4,0
-6.43998657277549,5.40416624315759,-0.808169137957777,1,0
6.54293968665302,-3.99163870504341,-0.0947943830760392,7,1
2.28062614607303,-7.67408927043803,3.07642827267913,2,0
4.58121002225868,-6.29500154603431,-1.55365976581193,8,1
1.97259693520813,-6.31130108876358,0.869123113832948,7,0
-1.1340946957023,-8.96661700669868,0.538846488564663,5,0
-7.33393089630832,2.12713386472622,-0.803340311334903,1,0
7.3546438594509,2.65178458117053,-0.24543168673308,5,1
7.74152119853786,1.32609025074561,-0.136006512803208,6,0
-2.99729832535263,-9.03448049138164,-0.517829880247854,4,1
6.07991942795189,6.60886260341212,1.77418878840022,7,1
-2.2830868369514,9.18160785793408,0.0436180985262458,3,0
-6.89509959257049,-4.91463404005344,-1.80024339431885,2,1
8.00069128767851,-1.99580244028205,-0.0408966627082751,6,0
-0.811351333535139,-7.96958574964136,0.0678251406178743,2,0
6.00166762622138,-0.743155931923399,0.454338887891551,2,0
5.24339633456871,8.04068455695224,-1.21684607279027,7,0
7.1577120257052,4.04235234576439,-0.0224577251577722,5,0
6.81964816172685,-6.03354557902923,1.37816020749108,8,1
5.64789762306603,5.43907476141264,-0.152673761865944,7,0
-7.24018708674284,-5.14863541336037,1.65679661269979,6,1
3.16197992072278,9.5137205777937,-1.40536728340274,2,1
1.70139152364958,-6.72324776969459,-0.104798617783968,8,1
5.98095554105539,4.47890297213214,-0.520139050807184,8,0
6.64780064549954,2.02448025029394,-0.351414251919671,4,1
-4.70028328833794,5.94330971895774,-0.363920924506176,4,1
-8.61659726324931,-2.44470241747663,-1.42285580479268,1,0
-1.06352224017084,6.88324863778321,6.46464657137139,6,0
7.13836988761066,3.10310804315863,-0.0220231947455854,6,0
-7.32550160914124,1.07648414506314,0.841788775563231,5,1
-5.85336353541069,-5.49896078115239,1.46347889142133,3,0
-1.62385584698519,-8.30924135937896,-0.243942123698083,8,0
2.51949812325023,9.45908563335781,1.08173429482211,4,1
8.16611804156959,0.984643562411648,-3.81529753323541,5,1
-5.45063596682311,5.07728718258523,7.97515354561001,4,0
1.20736404703547,-8.25154087921117,-0.697352368203436,2,1
-1.60259227263023,-9.28157097956321,0.749289088562341,5,0
-4.31155087043818,-6.07151047237942,-0.0154774947166683,3,0
3.30921869997461,7.20326695103338,-1.89160364198506,6,0
4.62184064170952,-6.40401916180947,0.921347533932027,4,0
0.364048260323662,7.80946690542783,1.79513003180611,7,0
3.39173006537077,-7.72362608046845,-0.0446035913168288,5,0
8.12608135413905,1.43419243019093,2.30034406624696,8,0
-0.558350470711575,-22.4420072361994,-0.842820053218641,2,1
-5.12028346911069,4.89360227431489,0.444232945597627,7,0
-0.933332724591746,-7.83218798849173,0.464522029399785,5,0
-9.08667848676073,-0.806859740214949,-0.602721894397858,1,1
-9.64518480887306,0.0447257601097266,-3.72991512715134,1,1
1.05575907006171,-7.18749221377367,-4.55715160000193,7,0
2.44566829459422,9.06895084001165,-0.795560065878776,7,0
-7.0953803424954,5.06346333150246,-0.805342820575965,2,1
-7.71345065726598,6.28150354333074,-0.489770591431641,1,0
-7.11897986016127,-3.44276997981729,0.62611752294971,3,0
-3.93371628822958,-5.85452486490519,-3.88785394026757,2,1
-6.31266796683532,6.76444385707306,1.38537272017825,6,1
-7.67567553408528,1.2817472835415,-0.628638451716384,4,0
-3.40898839217274,5.41487745909432,1.31222730681917,2,1
2.62709594857632,5.68172201656991,0.788734823773294,6,0
-9.7782253344981,0.684496270625178,-0.513200915947052,1,0
-4.25396106122412,-6.15495820858144,-0.33727574290352,3,0
-2.45741610266433,6.15636974596208,-0.578600343000159,5,1
3.08421484364335,7.1361152276198,0.827880242127393,7,1
7.81984652395484,2.69305374929435,-0.52815612020143,7,1
9.64637417254551,-0.702727793996178,0.890244773159509,8,1
5.12433214156221,-7.98008609951052,-0.618877933356732,1,1
8.71675971077402,0.580111440258428,-2.86941024259112,8,0
-7.36240622706224,-2.09959828723522,-0.0920773334180199,5,0
7.11533214563942,0.231885268778828,0.241008736199997,6,0
-9.1334687937469,-1.26573894778427,1.68638219166243,1,0
-7.49030634758114,-4.23033779907269,-4.1672349555109,3,1
4.49572307463046,5.07033207433492,0.745668844328519,6,0
-5.35255297634371,-7.95541986100436,-0.915680254216251,4,1
3.71817499285379,-8.04305980344544,0.752792302984615,5,0
5.0313038312867,-5.90184316612912,-1.26611300670859,7,1
2.91688150987683,8.64206240031057,0.663726775698646,6,0
-5.27988893591838,-6.12924745320687,0.41853601162012,1,0
-7.212717044955,-0.12985322060126,2.39431788508877,3,1
-7.97941502559016,-5.10933299499708,-1.62121505426029,5,0
5.91820993170556,6.56314182467837,-2.16226606463286,8,1
-8.86572002098203,-0.260262856206579,-0.0623838554143799,4,0
-4.77656763374623,-7.60493597333459,2.42421345650039,3,1
8.36211455247095,-2.70204015738791,1.28139637604248,8,1
5.52159702084132,7.39102148463772,-0.542490444764927,7,0
-1.99577054722747,8.01157856321131,0.296968378870926,2,1
9.06812180176816,-0.870989346177935,-1.19474991059129,6,0
2.14497155338219,5.64080204026469,0.0012440239078803,6,0
-4.56339308406764,-3.33480233511666,-1.96908704679059,8,1
4.58378446963831,6.12992680195941,-2.06923071745484,6,1
-0.312420883715188,8.3881640023421,1.58459158764733,1,1
1.19766354096756,8.24030937394582,-0.0211730382455269,1,0
-1.66097959874893,9.11304520870206,-0.0933214048075317,4,1
0.275429739782908,7.77117519165612,-1.52933992492053,5,1
7.56082807730838,-4.58715857021261,1.63346626907242,8,0
7.32843600702012,-1.37039216417053,-0.604409266781059,2,0
0.506003311973014,-7.12078101058673,0.406029018239271,4,0
-7.39489381422287,-1.29325125814632,0.456375915841072,3,0
-8.10756640394633,6.03638223935436,-1.51636926757395,5,0
8.47769307926119,-2.56817841514283,1.78294094457198,8,1
6.6852288827923,3.44852775401161,0.153483507605221,7,1
-7.65045126489227,0.243580951096913,0.163546249786061,2,1
-7.77622742103791,-6.33797586841437,0.621946586330748,1,1
5.24578845815452,5.16821124104175,-0.610657201846928,3,1
7.09765538516173,-5.82956983407839,-0.163277955253519,4,0
0.372920814206044,9.0093022570604,3.97541926973511,8,1
-1.97750226048313,7.3536699714919,-0.819837971520989,5,1
3.76324451667587,5.79150973389205,0.928867504752663,5,0
7.65715489538412,3.47292658946447,1.7466264059192,5,0
7.54748363803828,0.431570681012949,1.45298575132165,7,0
7.56618772598223,4.03468101934184,-3.80578840151157,3,0
5.18533636314151,4.96767114224941,2.13067492835917,8,0
8.41903691425269,2.80079682318097,-1.02836393959592,8,0
7.16787681570822,4.3470321379454,-0.480305034424106,8,1
9.68152938902644,-2.05787027758321,-0.0284639764954174,4,1
8.23448277461859,3.29331330484501,0.161729519815442,8,0
6.85926998354354,3.38660380238939,0.327171036031748,8,0
5.90272805157726,5.28466881834249,2.02457619506604,7,0
7.72724778994548,5.82969737337386,0.0403720415256432,8,0
5.72095467715158,6.05255634751789,-0.206829312229879,3,0
-6.99416171734498,-3.65646009128548,-0.0990230963185341,3,1
-0.506283396006543,9.50699320655377,-0.577860200977368,7,1
-7.79718749262875,3.78431417750344,2.23596587212363,2,0
8.84461837813927,-2.53940210134341,-0.639434351889771,6,0
2.47453190245228,9.07122415108007,-1.20865553722272,8,0
8.17080518826028,-0.281775255273069,-1.6107639704397,5,1
-2.48791719783884,-8.96248437527721,1.64099139150619,2,0
8.08779526627581,4.07341784985669,0.250498499025711,5,1
5.18834719345507,-5.44809289163768,4.46525160268004,7,0
-5.11498466537032,7.21636874292233,-0.520677588680318,2,0
-3.83904471147108,6.39129256510375,1.62069588881496,3,0
8.10877495814882,4.41061045682049,-0.0273331704227118,7,1
2.81607078209992,7.62436927280764,6.74190161706275,6,0
6.0601599280217,3.58105481086139,0.885851273741397,8,1
5.17914412272139,7.88853493455466,4.48707779040931,8,0
-1.59716535518641,8.12444112867351,0.200512463932043,4,1
2.03005387843616,7.60390838066173,-1.00688539363869,3,0
7.30174451831662,-4.92779737062658,1.13373301778707,7,0
-7.97076366541129,2.56040733806693,-1.6186006494305,2,0
-7.42449890748669,3.55437320845116,0.818655909805418,5,0
6.38041378749607,-7.30899570495512,4.05542724189575,6,1
-8.3154701563355,1.3009763798207,1.0560092550661,2,0
8.07829373523414,-3.51458244267689,1.23027642805229,8,0
2.90103018974944,9.07165753217597,0.533445618248963,6,0
4.5319536807988,-7.87526604991224,-0.404189937893157,5,0
-0.729264244252054,8.27623343429101,0.24303656258219,6,0
-9.77492536098627,0.16213152446549,-1.05785341417271,2,0
7.8554617516774,-0.776636217029693,0.234795067055648,5,0
1.78291066772172,-7.8172007426282,-2.896138000605,5,0
-0.00755680824698232,8.62877184583827,-0.247147469251436,2,1
4.6805462656431,6.04448567590027,-0.217131251761316,4,0
-1.67197676273046,-7.90719340694386,-0.0162893789654123,5,0
-2.43014278895919,-9.42678195963269,-0.173020320606629,6,0
6.6676547424217,5.29511098905968,0.540025939851203,5,0
-1.63963218465295,-7.90467522782564,0.0536861322732322,2,1
-0.307969310829234,-7.92737628300338,0.686370816331445,5,1
4.53324434025411,7.12437563448806,-0.873875347718507,5,0
6.83820154671062,3.06194742432208,0.246748767352227,5,0
7.15948547674821,-5.46728205533526,1.39136670742866,5,0
9.16936240066188,1.97790624853218,0.111609305927879,8,1
-4.28472158347494,-7.54179973102422,-0.584750762844887,1,0
3.22202372917176,6.93588910247792,2.41312032387363,8,0
7.79016624530637,-4.13790407261004,2.89289456982906,8,1
-9.08959943623409,-2.27600890062595,0.513176102462321,1,1
-5.70797402173579,6.51782015453819,1.76474768848406,1,0
-3.35239821054786,23.482781129121,-0.355093886377074,2,1
-7.11208091558527,-3.43716264409385,-0.751789067372998,3,1
5.88125987624933,-5.65530600674444,0.210167755856246,8,0
8.51229648206335,-1.00427719236466,-1.71911840991913,4,1
1.39006668671128,6.27587508466198,1.57242457814517,4,0
-4.9557765959735,6.86815594706157,0.263371798219339,3,0
6.96894183418104,1.19426865058282,1.95895115140325,7,1
7.5551505187844,1.87634892756855,1.91579253729982,7,0
5.38240529249059,-7.07144172166067,-0.79974867019705,8,1
-7.27046142571967,-1.2797994782385,-0.399900841422026,8,0
-5.27034820096091,-6.12654941032357,-0.367505680141045,1,1
0.703653695371038,-6.33399890282235,-1.14686277891553,3,0
5.11104829453079,-7.97822694235641,0.519128787435185,8,1
-4.36469313869549,26.1122172279531,1.30677760447848,4,0
3.26380977650205,-6.06558918966066,-1.03135857888579,3,0
9.69376897214476,1.06990174322965,-1.47442565068791,8,1
-7.93712044621578,-5.04081454795989,-0.958023250330253,2,0
-6.42403839408787,-5.12440435944035,1.19622507423437,1,1
8.46187686267273,-1.10132917156859,-1.16192435274341,4,0
-1.55130265052835,-6.64161034319015,2.15616988344945,6,0
-3.43225365484917,-6.92455163659477,-0.347191258851785,3,0
6.18675535593019,6.17900043599932,0.968314614548361,3,0
-5.41143638079185,-6.37095943298712,-0.0546821116027483,1,1
3.50469491632023,7.33478565591845,0.23332192149412,3,1
2.34219824342313,-6.93755925830827,0.758341459927965,7,0
5.82575426224953,-5.69023727792952,0.502156996399279,8,0
-3.07201379265315,-3.97434460171941,1.38724489018706,3,0
0.764163749827382,-8.37571923075635,0.44582612185566,4,0
9.42503867528262,-1.81131970691713,-0.188719069614051,6,0
-3.57691467046709,-6.64672575437059,-0.819085202582139,2,1
-5.60075652882932,-4.98943687370054,3.03351766996544,1,0
2.2187105710054,-8.97298238429599,-1.32245323123649,6,0
-6.14497951139847,6.31660996155544,2.76897967639188,4,0
-8.5683381021155,-2.44148866602843,-3.47039009317321,1,1
-2.44872548656846,7.30617557648205,1.5861749529434,3,1
-0.349270687312564,-8.385331944198,3.32927924632862,1,0
4.56512301005018,7.34848915273859,-1.55214739974719,2,0
-6.19062879575358,-6.88295355190885,-0.703503804354885,4,0
-6.13962612613266,-0.601718797651746,2.77298608338436,5,0
6.26983661692405,-4.76625574542914,1.39538734388879,6,0
-3.7241326823188,-7.79172626967421,0.798115778638716,3,0
-10.9331181950189,-23.0671675919102,7.3405012489231,2,0
-8.6832953154201,-1.51281640326157,0.00892395290998682,1,0
2.03924159612811,7.60641428010078,-0.0894404543024178,1,0
7.09495964367271,-1.18892508073514,0.0579918895704461,5,1
-6.39029193148317,-5.12055272108398,0.127622800328725,2,1
6.315514870607,-1.38477541889654,-0.558925372206325,7,0
2.39967519385125,7.53851189662051,0.692071811342427,4,0
7.96528331858894,-3.34686336619076,0.151962844714468,8,1
8.81144067511236,0.211227304498193,0.877748067696228,8,1
7.27013528546843,-0.486397929138299,-0.311521364590498,5,1
8.95673315399981,2.80577869214807,-1.10096471520767,7,0
-8.31242456079279,3.96818787342628,-1.17323760434379,1,1
-8.62757826332993,-3.17640081421067,0.978737166158017,3,1
7.31845596635876,5.52274011453414,-0.740137263667341,8,0
8.14561597966925,-5.41707449140142,1.16872265471717,8,0
0.23758833221307,7.39296922472725,0.0816223745136136,6,1
6.67208331500854,-2.08103622522422,-2.18186512658695,6,0
7.85279108693651,3.27015489687173,-0.736959630250966,7,1
8.28561019257947,-1.14862796388762,-1.90756161787861,3,0
1.56648801261913,-7.37789066860989,-0.858464198514876,8,1
-7.05541586328253,-1.78301713045613,-0.822919627144688,3,0
-0.220680877466584,7.15044948834863,-0.521707753816312,4,0
1.04099300446216,-9.30279923180857,1.25772682448591,6,1
4.00604489836839,-6.87399478379972,-1.24721675196099,6,1
-6.05171883564611,0.150119529374991,0.485683167763428,1,1
-8.7655291178387,-3.770452887395,-1.24835509771007,1,1
-0.429168732637496,-8.38212654249226,-1.23688541384102,7,1
-7.82938583921582,2.01297443339618,0.919555423055946,4,0
4.10870164033638,-8.50353340666307,0.466012683537239,5,1
-0.0957290321694855,7.49687135573687,0.766923816634423,7,1
3.08596958320872,-5.94199094262291,-0.0118920380166202,5,0
2.54569053515438,-7.35499222013243,-0.334698932957541,8,1
7.60342303126855,0.033232342129462,1.20022895446079,5,1
-0.877869414682723,7.32910336119823,-1.91394752422422,2,0
6.89108403840765,-4.61045527249579,0.451692635955114,8,0
5.68862609466936,-6.91118516900689,-0.206059895608163,2,0
4.52385198932149,5.07263289671814,2.27854823838006,6,0
-6.8713436604062,5.63259580540774,-2.76559674164583,6,1
-6.17739184040736,-5.96662483126662,-0.702866267059743,4,0
9.69179673217159,-1.48866252952582,-0.0670616126110194,6,1
7.75690035786886,-0.763717893248152,1.08979478751836,5,0
-5.54508812898009,2.8610760697086,2.84634788789924,5,0
0.224843005417603,7.81329908652708,2.14328914602421,5,0
6.69224923091142,2.03017174222494,-0.444304913557161,4,0
-4.61822349455597,-4.46238575455883,-0.510228491928553,1,1
-6.56244805406214,5.08205010381701,-2.4597910132482,6,0
-2.53885274344225,-6.63397954725198,-0.408390933387886,1,0
2.19695614824279,8.09315709880169,2.02013861281859,5,0
-2.18456639481684,-8.96668429184705,-0.429374670536557,2,1
5.61474070451298,4.15573638888418,-0.0107470017953112,7,0
-8.09736263051031,5.01504825487829,-0.997761044234577,1,0
6.1117033704906,-3.02131866494741,-1.37091287566988,5,0
3.05186438474408,5.76326224297269,0.245585160607127,4,1
-4.40704411475566,-5.61407603458448,0.91244711536075,6,1
-3.49907642962582,6.47295331927811,-0.428740287060695,1,1
-11.3546810437233,-0.508301153237124,3.53285601592952,2,0
-1.14613851392758,6.09093217529711,2.42833889760987,4,1
4.55343699839824,3.99277480353712,0.704202805749799,4,0
-6.65125444099719,-3.79178484537209,-0.895910686175453,1,0
6.22879409762128,2.14691543776351,0.623185545540727,5,1
-7.22316998978878,1.54016907337294,1.09687952055576,5,1
7.06378908649023,-2.96257049976761,2.71010028182935,5,1
-2.43961825119806,-7.41078696980516,1.92924866371658,2,1
6.13204688014665,-3.08482111284315,0.511422266445729,5,1
-8.02451433115799,4.16769425653203,-0.560479918549192,1,1
3.63187675600706,7.10176590517608,1.28413318935456,7,1
5.1912887060286,2.908543880357,-0.381854017095763,4,0
-3.6654560599679,-6.62794755768315,0.213109291865086,4,0
-4.96573470742188,6.70593440106894,0.368215689656045,2,0
-8.02193987880852,-0.75421643341613,-0.18657118360117,1,0
-2.54254803023199,6.86167403153147,0.463580845369443,2,0
7.58024053246377,-0.616469023516472,-2.5729820120034,7,1
7.6011550755971,-2.07639019939521,0.262988365948701,5,0
6.70033137667072,5.23548607002743,-0.508668766343609,5,1
1.19264172629893,-8.98428293590255,-0.0730186637547809,5,1
-6.09389037846395,5.05416107327075,-3.54852240997718,3,0
-3.42654628852858,-6.61285920447195,0.344165777137114,1,0
-2.40516071597722,8.72280863178093,0.243498975317922,5,0
5.96247090873339,-4.39938077621014,0.62456882586025,2,0
6.58002094288602,6.92955948723375,2.35540457043487,7,0
6.23767883489327,5.15780474138684,0.951889493416541,4,0
-3.63387735183036,7.24785066580619,-1.08311697394794,1,1
0.865451304912331,7.75759906615048,-0.212301771729572,4,0
-5.35506315029423,-6.00413825975746,-0.349438666028503,5,1
3.27459371602619,-8.10016103701158,-0.035734888697415,5,1
1.82935120878752,5.59706649314892,-1.33660156321789,8,1
-20.2689594981248,15.0592446193604,6.28482257380477,1,1
2.90655766038422,6.49895881340078,-0.686844685126319,4,0
-6.52602375051701,-0.900497782207122,-0.674700761262149,4,1
-3.57268903389594,-6.28444951712493,-1.57034299667288,1,0
5.20695888094886,-5.44644261061975,-1.24036313736157,6,1
-1.90026178192912,-8.06892577828832,-3.63694106246153,3,1
-7.88868939331148,-4.54144136665952,-3.44205993604182,1,0
4.15535689354313,7.22270835211692,0.26528174756572,5,0
6.1540389333414,-1.0335231398443,3.93857939515972,8,0
8.01829857908331,-1.95982516514987,0.266423651570074,4,0
-0.846237282237007,-8.28823340195043,0.932981453107679,8,0
-0.723785686027621,8.27972079154483,0.0212817844594416,3,0
5.15987548480568,-7.85195308617324,0.519857712123644,8,1
6.74233246681807,-5.44106724461346,-12.4311165759873,6,0
7.52935721554145,0.319298448470733,0.618819911005951,6,0
-6.35541088624342,2.4364808135647,-0.894922643508825,3,0
-0.367827128210226,-6.57480558390005,-1.73691309336373,1,0
4.82983287796528,-6.26503403605949,0.120118754508226,5,1
3.6037664969948,7.10312665715288,-0.748313081358342,6,0
-4.46948287864833,-6.49825999357803,-1.72937958573512,3,1
-3.2988319499981,7.47134567491092,0.238937106903899,8,1
-4.38902744415615,7.17138892983506,-1.79161325048834,1,0
0.509567628212331,-5.8862108839025,1.2540914548165,3,1
-1.25956073255916,6.33766510998836,0.0406680165247454,2,0
-7.88128254090208,1.28653828630131,-0.108308866197457,3,0
-8.59653088738582,1.61775216420924,-1.38177066704265,1,0
-6.16064627111041,6.09685378517773,1.49017651637897,2,0
2.92170381078136,7.97857762847131,-0.213097118803538,4,0
1.67000431199973,-7.50462238573982,0.676634786010833,2,1
7.96101270242242,-1.20273835833091,-0.0834532704141371,8,0
6.00477080975281,-0.741009694626183,0.755048105556892,8,1
2.15421802338898,-8.76882131934754,1.96636766835812,6,0
6.01331125947689,-5.42965580203805,0.997496648741914,2,0
18.5850954347374,18.9805149930061,5.53707813747777,8,0
-7.18883940751715,1.54676973107632,0.839499941871772,3,0
-9.53672226842402,-0.782177022028617,0.0542589906784672,5,0
-1.61858549934572,-8.53672695526389,0.0409617290702385,2,0
7.96960922550998,-2.4248628097295,0.152489075280258,7,1
4.04646031285143,4.44220755985157,1.04087488756443,3,0
2.33116361103953,9.48151182634789,-0.615539243862916,7,1
-12.0465071193199,2.8699811253452,7.06777663550178,5,0
3.06709805826224,-7.18175198391313,0.549052454581618,3,0
9.17859052872707,1.98377331981424,0.0371017388081478,6,1
7.97398152524025,-2.08568292101636,1.57838708511929,8,1
-7.96792432665712,-0.123891086210595,-0.68807601282616,1,1
-4.80926703012408,-5.23464618892335,1.61079038830351,2,1
5.40381617590116,5.46172402043765,-0.799286932120952,3,1
-1.01867273494259,7.62978035402558,-0.582838371898922,1,0
-0.893913158924416,-7.34020632527363,0.987373427932641,8,1
-4.64076283329314,6.50391544569892,-3.36692293104244,3,1
-7.27778725382398,-1.64369777967298,-0.523578822086258,1,0
4.28240831328576,8.0683841010112,-1.70365836853253,3,1
-5.94273158720544,-6.36365689056081,-1.82611159289557,6,1
-20.0236257135014,16.9518284650078,4.9249818162845,2,1
1.9198386330964,7.98757008830296,0.926914347727927,5,1
20.9472141386629,17.2826351441001,6.56801703097169,8,1
4.54329642402312,-7.59795966366371,1.29783851379677,4,0
-4.13115187879438,6.82119211097227,3.59274477453329,2,1
12.5240122932035,1.74531664793354,-1.17766634959558,6,1
-0.381452036901342,-9.40379295069924,-0.669219830752996,1,1
9.65789039486372,2.40218228998563,-0.0666748151865452,8,1
4.54488486425461,-7.59446457588319,-0.873365897577667,6,1
5.43565501613895,5.88234532007055,-1.06578204625345,7,1
-7.08390757934477,5.51686627282121,-0.683588844296556,2,0
-2.24914738039569,9.19924905217364,0.140491826507533,3,0
11.8757069865757,-19.9154008500621,6.01859641236549,8,0
-18.9871425723062,-12.2573009484727,5.68341580959073,5,1
-0.860414791722584,-8.58431473673349,0.880491741025269,3,1
0.0293053488063074,8.30273638883565,-3.01999488887644,2,0
-23.6710343445302,-4.11518943820326,9.16482073217619,1,0
0.520919838536576,8.65741705528244,-0.41962501456117,4,1
-7.51855264321099,1.36006729578884,0.456684905417432,3,1
2.8693656392393,8.64467044637103,0.594664762418008,5,0
-4.63479717638496,6.50634207244896,-0.509453372529865,1,0
-8.03660827242514,-0.0724440174559556,-0.882610262752349,2,1
-7.79062836082909,-5.14447323664327,-1.93684254773447,1,0
2.37307481365387,7.28217225472546,0.707036537017354,5,1
0.0889839560836031,-6.8288879219635,-0.906784521624332,3,0
-0.946928899082108,9.70899681978476,0.460249266044674,5,0
8.36561441832727,4.80191094236179,0.144606124239839,8,1
-5.31258935220396,7.10032775800923,0.177884290861418,3,0
1.74447711890814,7.97383873152405,-0.0460576652593892,8,0
6.3675011008831,-3.68889090558419,0.166800605374032,5,0
-4.36155169962559,26.4247735851411,0.854100237769445,6,0
-1.3001090838276,-7.47235844927703,-0.341377003193509,3,1
-7.96233851600694,3.78882534500082,-1.07643311235993,1,1
-9.12203085193789,-0.848683788528695,-0.0709302072773641,1,1
1.98002401285175,-6.3103242961834,0.87011375111705,6,1
3.90528003239751,-6.41163580363645,1.75113575466256,5,0
9.0809380596212,-1.6379113578729,1.21967334204365,8,1
7.83911711242241,-1.13788433301175,0.690414821678518,2,0
9.13345658778429,-3.05257366909515,-0.252370690153931,6,0
1.75063685954542,-6.6235969301863,0.0737964333854099,6,1
9.44967379212264,-2.28699165878903,2.69055954371322,8,0
7.06669527407537,-2.95603014274034,0.518409869824428,8,1
-4.10438411723943,-7.64376849794799,-0.00658649858628967,4,1
-5.54230899359136,-3.29832057367974,-0.78156633169085,3,1
1.86677888354445,5.6008751989927,0.77474024086295,5,1
7.21764990563055,-3.23767868007904,-1.13732297800162,2,0
-3.01298014288759,-8.47478862537152,1.38762164613747,2,1
-2.34157265199574,-8.97246202352232,-0.569873947239411,2,0
8.17306995206568,-0.274450063098945,0.852178434852602,8,0
-7.18719411144264,2.35240426861713,1.01471593323239,5,1
-1.24527559414351,-7.93513235427231,6.94744061892748,8,0
6.96214094265789,-0.85735736482843,-0.899574646604642,5,0
-7.70946808917246,-0.998288917041856,-0.489345106843712,2,0
3.58201184921019,8.26957089548286,0.472883055762282,3,0
-8.52183032064771,0.89497557341181,-0.594904152601305,5,1
8.49717715634676,3.54189851386947,1.57537415363821,8,0
5.22489964462686,-6.94774908398528,-1.21549847140318,5,1
4.70062565094176,5.88511586228807,-0.826131670334399,2,1
-0.868252507545648,-8.2987254481805,-1.80612339706568,1,0
12.8758025422584,-19.6802822843897,7.14440878585387,8,0
-5.32510907729354,-4.2483180677033,-4.10171258199569,2,1
8.21845634791559,0.0655408544352526,-1.77985545525579,8,1
7.48459706623879,3.70849143898972,-1.08513913384648,8,0
7.79239595426576,-4.01507087379592,2.90300065089289,8,0
8.84764872822819,0.504564714003076,-0.638850476683092,8,1
-5.89493721788753,6.26553712346879,1.46473448258639,2,1
3.55625842125209,-8.36609235629811,-0.86914742027436,2,1
8.90569408383337,2.93366755162526,0.305147586983223,8,1
-5.78041858289935,5.35662228227544,0.168138920366811,2,0
5.82034874370893,25.7954738733847,-0.288278603087005,4,1
-6.12707415918987,-4.27463285564261,2.56155225933396,5,0
-3.48888974445564,6.62665817872167,-0.455359922840341,2,0
-2.60889800308285,-9.14716040919664,-0.574134731209111,4,0
10.0733861180869,-0.296811882007224,0.61979524078137,5,0
-6.07879515396665,4.1924926061552,0.300287459139655,1,1
-7.55333275217627,-0.117828341991159,-1.67914244707001,4,0
0.437758961657049,9.3786667964834,0.393375590476573,4,0
18.971580486546,-17.7056236239772,7.18163138325068,8,1
-0.704410872218862,8.99305230695394,-1.54023395322707,3,1
-2.63944275608631,-6.37801669249783,-0.0146682871638753,7,1
-6.64897060218758,-3.78648516906825,-0.673919935481405,1,0
2.99146656340201,-8.35964467405599,-0.848146353868373,8,1
-4.46585468320522,-7.62757739375141,-0.449508862544093,1,1
-7.15930171388129,-2.09496682611549,0.711276137787056,5,0
5.74087277625897,6.16402449016404,-0.304190163753018,4,0
-7.26683750796337,-1.27517213931814,0.585745985983958,1,0
7.89373669973412,2.84855358252698,-2.00192141669038,7,0
3.38977399420671,6.68249185835379,8.7021191743314,8,0
-2.9086552857542,7.78010631414189,1.13103400040426,4,1
5.69849288997016,-5.04829971305112,-0.534618754120245,8,1
-9.44149213261028,0.132469912436292,0.30856893918305,2,0
4.52491503943876,-5.29511342826744,-1.38840406814236,7,1
6.1156299264154,-3.08184096452379,-0.0714270817209611,2,0
-5.10441207186994,-2.15350936980204,0.883188784040551,3,0
8.37954563131894,-0.824646320384246,1.77411258564775,7,1
6.47113695679795,-5.89410728862594,0.340980910710497,8,0
3.93638229039409,-6.40969645708705,1.24206450285823,5,1
-0.15030107219111,-9.2305633452125,-0.892888477904506,6,1
-3.91772496143975,-6.10908405358335,-0.109829581714564,3,1
-7.1669431104627,-2.18650864661538,0.207117903688276,3,1
-2.7169716199346,-5.29956739639932,3.82351691585722,4,0
7.2817531336027,5.32007336681547,-0.311218060988707,5,1
1.94496635196623,-6.30930692579407,0.501015560090257,4,1
-5.33273932391596,-4.24387870012122,-1.25639619638279,2,0
-7.18018450655916,-0.304492542539264,0.478807269418988,4,0
8.38303129191571,3.67838189062245,0.249860220788159,5,1
-4.62903806720264,6.5260093217105,0.391375593573779,3,0
-0.534926037986378,6.34842065825779,0.333978201731019,4,0
-7.57713606065413,6.63178119750644,-0.408986047980623,1,0
-6.93436823919664,0.461011212869089,1.3419018010314,1,1
9.71716443419749,-0.836293697041508,-0.0662918302146516,6,0
7.73686450746511,0.829793640594468,2.30573354850135,6,0
-1.34312076645472,8.08021635803182,-0.870097962913373,3,1
-2.96117502419893,-9.02107638178653,-0.631333823275197,4,1
-6.81385302737841,4.45007268623168,0.0944502802016286,5,1
-2.81084476057867,7.8389571494012,0.619465440665336,2,0
-1.72673973036644,9.13598568882173,-1.56868351502853,5,1
7.17302233108766,1.76004435858681,2.65832062461011,5,1
-8.97328612115082,0.649069445351101,0.515675512136259,1,1
-7.0467129436367,-4.85369078258922,-0.436021743794977,1,0
-0.231291203540172,-7.68676396826618,0.892874163796331,1,1
5.79879626212605,6.38427816531271,0.502717918817829,6,0
9.04570074449066,1.24180953868069,0.112140007712304,8,1
-7.22134011368985,4.12753691502337,1.09803342036156,7,0
3.55711169856652,8.96649466337578,0.310711511663033,3,1
-6.38611984098476,5.38601603381941,0.505976373436125,1,1
7.4449506499556,-3.24334393559708,-1.31332272720732,5,0
-3.99496221151277,-7.42512369676542,6.23823320207193,4,0
1.35278309443687,7.59637071807505,0.274193962332693,2,0
-5.77571145080644,-3.66724717087992,-0.432622912155782,1,1
-7.93480023840045,4.84336903414308,1.88906347132231,5,0
-7.53125514299906,-2.45772788971644,6.43152866991901,1,0
-3.07805063500993,-8.33668331804372,5.59318990423924,2,0
-0.424843890342809,-6.08339260996361,0.762636667372771,7,0
2.40640157317605,8.79527523264359,0.260940382421559,7,1
-3.29420565915807,5.41840866161432,0.719387429419924,4,0
-0.190847710417001,-8.27106425206394,1.41215017769674,2,0
0.784106209666547,7.10800123757265,-2.24278614665846,5,1
9.18868695135342,3.43628301937457,-0.649831571391738,8,1
-7.39310777749253,3.7933898948347,2.19677660369601,3,1
-6.9068550634291,2.84086371166771,-0.0233495412546557,2,0
5.78837546020473,-2.4544134397403,-0.28712857014143,6,0
-6.2761577521488,-4.30602744560477,-0.490648138192242,5,0
0.441402345733887,6.98132329641291,0.151415246872634,4,0
-16.4478649412168,14.7626201492463,7.07376086561869,3,0
2.8891793515862,6.57367790851626,-1.5439506922487,3,0
6.19150099770921,7.59127960299808,1.96267884239707,7,1
-7.59941279407329,-1.59456122616325,-3.51073601349304,3,1
0.402794800751151,-6.76161239117087,1.79813428291111,7,1
-6.41988927810847,-3.61852796961323,-0.365948518183885,1,0
-1.36803796172645,-7.91439761004549,1.08626624021112,8,1
2.34804255460301,-8.68690753089265,-1.03477789316982,2,0
-1.08558996603801,8.87699599531256,-0.243394098560174,2,0
-3.13102179358299,-8.44619216377198,-0.249840978603548,4,1
5.5766635857286,4.00956654501211,-0.00320656115523562,6,1
-9.14704909419201,-1.50684174012006,1.11529033618381,1,0
7.61782965982766,0.796829833783983,1.87714464766655,5,1
-2.17015804920122,7.85944453756658,-0.525194456142163,1,1
5.72942648063397,6.39820539542199,-0.614486378525001,5,0
7.68330908272268,-6.20280808033685,-1.53617575218804,8,0
-5.29823749073076,6.06593514840178,-0.752525865483062,6,0
-4.95225177708075,5.81989543242577,0.833146335342356,1,1
-9.11484422114432,-0.456093627514909,0.215271550053621,2,0
-5.32327330657767,-7.2056418927832,-1.79265645490818,1,1
7.94080041099336,-2.42131242683614,0.985941610077402,1,0
4.66093987021821,5.88784877924058,-0.0199335114616405,4,0
-1.63436865545692,-8.53095442731301,4.38063933650208,7,0
8.97503820250037,1.69020000423093,1.22077802232989,8,1
8.09088141755394,-4.44496163992228,-5.12617058737982,4,1
7.55394972230289,1.96619324963742,1.91899979074871,7,1
5.10295217169445,5.03363190956383,-1.26484120491293,6,1
-3.65640907011182,7.24999248485575,-0.305919396884482,1,0
4.8838852408483,4.2956496600042,-0.182854977404309,6,0
-5.1986435683177,4.39015048913309,-0.366981819655724,3,1
7.48727684444835,-2.83019198238034,-0.314934286815149,8,1
-1.38279084783698,5.9795104981168,0.104181227139912,4,0
-7.41756320200544,-2.15777590826983,-0.284804596843161,5,0
0.582643210751194,-7.22659251639485,3.24440853964187,4,0
-6.48122179899931,3.51402092223285,0.261918560498024,3,1
8.54636981402333,2.16290747661472,-0.86643150496577,7,1
-5.29635594943197,-6.1239015278333,0.0958685608854401,2,0
-1.88763881354936,-9.19943242898985,-0.20915530449616,5,1
1.6400853508908,7.205502376954,0.267787968923434,3,0
6.86165483468201,4.0933705397158,-1.87215169553843,7,0
-5.30552239927438,-5.98568112034209,-0.83124513615405,6,1
2.78319338987997,9.08363250411091,7.00725738418534,8,0
-1.3969552360545,7.51116920395238,1.29911471904306,3,0
1.49601174714151,-7.37561641032823,-1.84425062228482,1,1
3.30337470375378,9.39743810437451,0.931923818727274,7,0
-8.30094917771702,3.97172369244259,1.26938460748271,3,0
3.70906222316831,8.70020948444285,-0.154292110616302,8,0
7.26183228060386,6.54902978429464,-1.15162783301201,4,0
7.2443686248887,4.67825950209406,-1.15050355618763,2,1
-7.8517156932808,0.931841897690961,-0.713921836945333,1,0
-7.52352154199498,-2.8583972979738,0.162174658610513,2,0
1.62185041479109,7.58869943251546,0.677489617915018,5,1
8.9135502578249,1.24708790242506,0.305649239720325,7,1
-5.52258149271566,5.86788294991533,0.635253044024664,1,0
4.29928673759625,-8.35315784997092,1.85354620098048,6,0
-2.4844032710138,-9.42779752276151,1.54830868475393,3,1
-7.74873787507596,-3.1472060488225,7.70567509196397,2,0
5.71529219749492,5.08942459342565,2.68309970723831,8,0
-7.44867552725935,-2.4015403756002,0.408153262538468,3,0
7.91713845827015,0.573495470938434,-0.328868003585748,3,1
-7.12718883579249,-2.7704458341482,0.105183893784163,5,1
-6.18364009055327,-2.01729100504993,1.49206310633859,1,0
-6.41569786331811,5.57142567485271,-0.557515805610451,6,0
7.33084272883028,5.52571981489759,0.0505314375660676,6,1
4.06438337933403,6.53307608358792,-0.684263512537232,2,0
-2.78681664262543,-7.72893368069301,0.644457630137839,4,1
7.19676193104508,0.452006865794532,2.6669412676213,5,0
-5.31788169549636,-6.65955741670262,1.66568020036803,3,0
0.61049818931141,8.66134481821766,0.137034424994202,5,0
3.08964066998894,7.34311758657446,1.70473800598668,5,0
8.39355887520659,5.73790915825618,0.0418362475583339,8,1
4.41001592943313,8.92799224307656,-0.978527133026271,7,1
4.16197663255332,7.37185627254563,-0.70478918869774,4,0
-6.65801662818433,-1.58414818704501,-0.33947772461576,3,0
5.1056797257981,-6.79495716120745,-1.27283169461872,8,0
-0.12340832325398,-8.64035510255206,-7.69948644193305,2,0
-3.37035674712191,-6.05756773601064,0.569932338845318,3,0
-4.84231010409741,4.08097865971297,-2.31282352514893,2,1
3.24808735674593,8.59232890922621,-3.30458073744101,6,0
-2.211911052091,-5.72313457777075,-1.37482468471454,1,1
-2.38424392277444,8.61977352568993,-0.109579628605709,5,0
4.53457015854521,-6.24342813093211,-1.03552028340684,6,0
-7.78492516144754,2.51866085152815,-0.110060888478938,2,0
3.25004341115171,-7.49178830782685,-0.37637146689419,5,0
-0.479851555081797,9.43496128276054,-0.526575500037565,4,0
3.05433618730093,24.8227107140115,1.40227306691052,5,0
7.5978389123772,-0.611567722789164,1.20108740773914,8,1
-7.64644049503464,-1.89989384390148,1.52470120837925,2,1
7.11990324803575,4.04504517799512,-0.531897330076473,7,1
7.0215664758501,0.926144101159911,0.537434907745394,8,1
-4.04773594242653,-7.16155784675255,0.822462537680463,7,0
3.00092549885717,6.26087996686871,2.10633531067189,5,0
-8.93938744768407,-0.492042095820732,0.516335389967652,2,0
2.58021443984491,-7.02613057364977,1.06898348006994,3,0
-1.41255779077869,-7.88602506912104,-0.630662885729513,4,0
3.14613789702139,5.26105800864462,0.354594950124122,2,0
-7.59287568883582,-3.30488220503376,-0.458553366624353,2,1
7.60820145577716,-0.72801412417976,-0.0619564644288924,6,0
2.66181973950567,8.14455658462116,-1.45755343957125,7,1
6.93180973170682,2.29264735232598,0.164011426057842,8,1
7.58133984298302,-2.07174771762297,0.426162815995343,4,0
-7.19620415580919,2.18871530863382,-0.751414717903215,2,1
7.72968725212677,3.38173801548211,0.907981260055625,2,0
-6.2022924056035,-4.30141816684453,1.24669840759875,2,0
-4.17653058505239,7.85576368657972,0.86409834429655,6,0
5.34582737195364,6.19305333462102,-3.12932831515921,3,0
-4.42236317021366,-8.39820351267366,-0.641164206269501,1,1
-3.68354981156906,-6.22111664081989,-1.61337045503299,2,0
-7.93016625945324,-0.414230818208693,1.89054218594942,1,0
-4.38602754148717,5.37501581832371,-0.422004344599625,1,0
0.791340418459558,7.10912915690895,-2.14378222993751,4,0
4.51965921835129,-6.22696359286132,-1.38728561356266,8,1
1.27405308051641,9.07399016579582,2.11029164145454,3,0
-7.94911945083167,-1.27048265682664,0.508114766778305,1,1
-0.241220984824047,9.51520608805611,3.34255073605114,2,0
5.6663839605833,5.44241766069167,1.19547413008044,4,0
-1.58045327790913,-5.9479567289395,-1.46609745243645,2,1
0.00239629093514312,8.30684045394355,-0.195022732056004,6,0
7.5846445247671,-3.31043852301404,0.0259829468851403,8,0
-4.44159259831514,-6.47540777340467,0.45506539357767,1,0
5.6544084538212,-4.52495055221367,0.173642457486548,8,1
-1.08885346776786,6.88604742365123,3.00039149519409,6,1
8.20193836924174,0.729863414029355,-1.39409343135667,4,0
9.59214267379453,-0.699731385311894,-1.47281292049529,7,1
6.06269293729974,5.95442641727717,1.77439398097271,5,0
9.71560703150647,-0.696621894474944,-0.0659113494681873,5,1
-1.35365324329558,-8.96908655547126,0.799426029088589,3,0
-3.47917097729452,6.62921449108141,-0.694467488365082,7,0
-0.700154354691476,8.67542678724891,-0.548797130632558,5,0
-6.70399207487942,6.54587261327007,0.603537760532246,1,0
-0.63470023453853,9.0374679402156,-0.584129839806519,2,1
-8.01931550100251,-3.41075373594843,-0.186069910027502,3,1
-7.42796844487583,1.29133087625748,-0.138443556957688,2,0
-3.2894928525124,5.4219176559286,0.591755473885682,4,1
-7.94663610599309,3.94794289310057,0.276748165425156,1,0
-4.8133036837466,8.2292361214921,0.732421366565656,1,1
-8.42593219033034,4.25073089843018,2.05715484940327,1,0
-8.24519394574817,-4.87393455001664,-0.160062762656604,2,0
-2.81301874627403,-11.190168613731,1.73248750669569,4,0
6.80694454940204,-5.10570672813025,1.3604907815896,5,0
-7.41410107952935,0.887768380806194,-1.75120649103135,1,0
6.13632030642936,-1.04471466359042,1.07855535532768,5,0
-7.10665796250126,4.3977494010057,1.36774745196296,1,0
7.14501999746413,4.04781513180723,4.96384067805485,8,0
-6.11810047112314,-0.67526193847355,-0.699745881841544,3,0
3.66454708951479,7.93315458007791,-2.2084249954527,7,1
-2.14795024982473,7.48229643951444,0.194109854754473,3,0
8.48162566153153,-1.09733117489057,-1.71653474511124,5,1
-7.50684228880452,0.340890764119571,0.602089528947148,2,1
2.6814987988115,7.18680834237998,0.740769315042835,6,0
-2.82258690898555,-6.3927086070259,-1.09758544039941,4,0
-2.94849955808712,-7.93878652773102,1.32658471266089,2,0
0.322970687255524,-6.43944857089539,6.09004648310827,5,0
-0.303574325518577,-7.99975445919495,-0.78732625295871,5,0
-0.185770835517287,-6.02362876454584,-7.42382571292717,2,1
7.54160823606343,1.88169830816682,1.49401264625973,7,0
-8.06555545524954,2.17976042189749,-0.127431200757423,3,1
-3.17287945395532,-8.09621277653011,1.65194198311319,3,1
4.30277448204081,-7.46625902436447,-0.72628191107935,3,0
5.22050253045858,-6.94521958018557,-0.747177557053339,7,1
-6.95059260534648,-5.21342721062688,1.38151439295639,1,0
4.84114160817654,4.36576933215121,-1.06239713459584,2,0
4.8531880549062,4.80861168024714,-0.459648487264105,2,1
-3.42367364420547,-8.02281006569969,0.913338268152319,2,0
-5.33886257591042,-8.01356794527824,-0.682200856115557,3,1
5.12702828194014,4.42656322957601,1.77018116238369,6,0
4.68554700732976,-6.71390587163696,-0.216316437758416,4,0
-3.81697588555778,-4.35609741399924,0.763704881532156,1,0
0.0533532067368734,8.69339873583708,0.706354526330129,3,0
-5.72978927406323,1.78015872488376,1.22297095059959,4,0
8.65379644279148,3.48571037883258,0.17524704766811,5,1
6.56112527238115,5.98917560836339,-1.25407772315643,6,0
7.78367631011574,-2.22342653679309,2.91331512034848,8,1
7.07820306278799,-2.33883593116469,0.0586646941534426,6,1
-4.43830215351391,5.94107969344828,1.31415695006535,5,0
-2.57562104594397,8.1804327495938,0.628476114784197,3,0
9.22498301259078,0.756338038807399,-0.0857795227658082,8,1
-4.97185752514165,6.87046026910661,0.280584892771646,8,1
-5.22676634539937,5.71895421294313,0.178371737810229,3,0
-5.81412017670998,-6.3867217591821,-0.863669635956282,3,0
8.42281948750671,-0.343903836289342,-1.02777452223724,5,1
-7.00976309072865,2.05238828914414,-2.42216299338792,1,1
-10.2020034329693,-22.1863627973941,-0.801530147994746,1,1
-8.57661679819958,-2.00428742736215,-0.59815082605032,4,0
-6.75259083489701,0.202105144770974,-0.178218319176303,2,1
-7.29606006025844,5.92520722923378,1.65795170480991,3,1
-6.74589980832438,1.97204422546345,0.411615625711453,1,0
-5.40792252586936,-7.9881031481093,-1.0142983495811,1,1
8.3971048834419,-1.09322733400887,0.230490832323884,5,1
-23.4817791768306,-8.40795621359703,9.33439740885905,2,0
4.11531237360616,6.53464149366671,-0.704144909505006,4,0
3.45934642919461,6.73051779637158,1.18187375802771,5,1
-6.49678139298499,0.237612827316666,-0.0488753869545444,3,1
8.8297473626728,-2.17844004554078,-1.30039609961127,8,0
1.85470043779752,8.02070717157743,0.646792162957621,3,1
-6.88424012591222,2.84463698895709,-0.022899583930916,2,0
22.5885704353492,-2.46457048934852,6.05605487722817,8,1
0.199475464247632,7.60140244516406,-0.457471794641916,3,1
-7.70127405650206,-3.88348811009709,0.616911257072818,2,0
1.39589015191912,-5.84211696513659,0.275010453821253,5,0
-0.460508702923249,-7.38508741328777,-0.317917299918408,2,1
-8.89310216344064,-2.74117092429274,3.22220515148281,2,0
6.84817483603506,-3.4262482705088,0.328318218716346,8,1
-8.5568515533314,-3.1703162532867,1.44505293800208,4,0
7.43911736308853,5.1421017881155,-1.25993504834606,5,1
4.26842302715094,-8.50878467411904,1.66131898524806,5,1
-9.77603258801707,-4.05063272447605,-0.332437534733508,3,1
-2.94391495592369,7.74853467703161,-2.52549929061668,2,0
-5.29249598269634,-3.20127742886783,-0.681488981665532,7,1
-2.62400374756611,-6.37570372455489,-0.197833191803331,3,1
-2.14044989628696,8.34508150518547,-0.841778118302985,3,1
4.84507344059851,-8.20490656054296,-1.58174848081637,3,1
-9.2121604770754,-1.4399957563906,1.68786416879968,1,0
-5.49156272041617,9.49797298114476,1.51118629080004,2,0
-8.07329606064808,2.47047631112369,0.80689536964005,1,1
-7.09728582765523,5.51979007998705,-2.64703129045155,2,1
-6.36248578873678,-6.11383359310628,-0.553735301752646,2,1
-2.39999096509235,8.25725842235062,0.46500846899665,3,0
-4.98595403465189,6.70941378545358,0.858046222879215,4,0
3.11092725002961,6.1410854578311,-0.47776428785364,2,1
6.82409843240049,-6.03114021622653,-0.371369514624573,7,1
-6.91414223889965,0.852796336785616,-2.75457497728455,1,1
8.15872887625826,3.90713678998915,-0.167512647978876,8,1
-7.19043309748503,2.04140189790426,0.105676895990979,5,1
0.708063753999579,8.20186187293767,-0.757005575522049,7,0
8.17527901151783,4.00031200584391,-0.385367909718691,5,0
0.593711184895387,6.78252244044339,0.242174574562966,5,0
-6.34888371651175,-2.87263902761837,1.23586533004316,3,0
0.874291475509956,7.11024133837908,-0.383961918198898,3,0
-7.00055034967571,-1.67460475910116,0.840251477444498,5,0
5.91497811466622,-5.06975727758229,-0.259171036557674,8,0
-1.12005806485686,-5.85757927239612,0.611474624850487,5,1
1.35772237267308,6.84311782946245,-1.22599093866305,5,0
-0.91307515470218,-8.326556350739,-0.814015800049036,1,0
2.73391167389652,-7.14914559415691,-0.616285597234479,4,0
7.86070506976126,-6.3824876779918,-0.314172780338329,6,1
8.04300321502651,-1.95608358802246,-1.46535402723639,6,0
5.99510712504742,2.10200575417672,0.998975492001508,3,0
-7.05371559475058,-4.79824656340609,0.207892993066672,3,1
3.22478146853363,-8.61908231368987,-0.434641921417004,4,1
7.13368773488927,6.28740342343139,-0.531441300832192,8,1
-8.02703801694715,-3.36167861464489,-0.560116764080574,1,1
-6.12547459335416,-4.27025258046823,0.943619589741483,6,0
-7.99981909238133,-1.23658128909736,-0.881669234093478,1,1
-5.53397493194457,6.64485453499788,1.5224731332598,2,0
-0.638515378867218,7.78450873269722,0.130101842007498,1,1
7.66482566646003,3.4771173570343,-0.333585602913281,5,1
-4.65968908402175,7.12792164095084,-0.363418263698568,2,0
-1.34081738704582,8.08238797426137,3.35612164905527,6,1
-5.56535695193512,3.80273259276841,0.132669199957488,2,0
-7.85615800280426,4.55199319346806,3.66419459825939,4,0
6.46880590053991,-1.2219116799597,0.341832759909057,8,0
1.89027996695727,8.02192969240863,0.647984307289226,7,0
1.75691598875238,-7.05761605628544,1.07958938618742,8,0
2.23662922116212,7.01761124072355,1.84030911763086,4,0
1.09103962524448,7.68179978618117,1.62716971698266,5,0
-8.19399506396691,0.171734795158264,-1.74658504070444,1,0
-7.83827650451154,2.95393992319438,0.0548456888870199,5,0
7.08668693616823,-5.96031024127648,0.381070905301384,5,0
2.00382571530214,-6.30824001382795,-0.197118445543421,1,0
-7.35140538971486,-3.29318842806597,-0.564379264850812,6,1
-2.82003067777928,-11.0062047846857,1.30853281412897,3,1
2.24175820975957,11.4331344489118,0.0630145116315423,4,1
6.21038847462746,5.54437464864239,-1.510880919992,2,0
7.56724864212967,-1.87010944368909,-1.45020105877479,4,0
0.524931089299631,6.78533234606154,-6.51145619474471,7,1
-22.9258747115556,-18.610650118716,9.51180643531578,1,0
9.27196301844717,2.61757426824689,0.037470847891614,6,0
-8.59360199882715,1.39912640363504,-0.597591768251838,3,1
-5.88928164072834,6.00180443932942,1.18526166384245,3,0
-4.86643448614865,-4.68239410419366,-0.743887707074904,3,1
2.04860120695827,-7.48921846074715,-0.196411443187139,1,0
-1.97312172521868,8.01387395033432,0.188594707638328,5,1
-5.36031114029549,-7.95384803414525,-0.914718246178348,3,1
5.90401387708249,5.28812949926705,2.0267998083693,7,0
-9.13778688516746,-1.33122465728414,0.382449271193612,1,1
-6.73990941864833,-8.57235422572137,1.38591455761791,3,1
-0.286693582062431,-7.92533303937521,1.35045677464729,1,0
-6.67322503979696,4.26376501889736,-1.06998666670523,1,0
3.18170983069705,5.45860352328118,-0.0302840026341092,7,1
8.92172292800741,3.46063732928286,-0.28012801297592,3,0
-6.89169877810676,-4.90793706797079,-1.79947974276623,1,0
-5.98526343144955,-0.797097596635805,0.753927381866096,1,0
5.31305591232644,3.88446504227999,-0.49207742069023,8,1
-8.30948115519615,-2.5227334023811,2.25688063465621,2,0
-2.74045459216548,8.61445295867382,0.598140408163628,4,1
6.68019254781952,-0.885368880532298,0.957755058533555,5,0
-7.98817471949368,-2.39707302700185,-0.15939132181211,2,0
1.25875068195555,8.24307081752528,-0.114165470559404,4,0
-7.06387285896968,1.860564075442,0.614080511078816,2,0
-4.05561321846889,-4.47416285999049,-0.433289576279951,2,1
4.94729270300109,5.33096302755417,-1.06183950608132,1,0
8.86275096540981,-2.53376871624002,-1.69607566481436,6,1
-0.910514698321681,-6.77479432446143,0.189493821976103,1,0
-11.8085912260526,-16.4220097543718,7.02207885115447,5,0
-5.90768573111679,2.25947865876392,-1.45836947477126,1,0
-1.24033519678702,-8.89832280526657,-0.792006570286733,2,0
7.00564245399451,-3.50846425252868,-1.5473867321132,5,0
5.26108715325934,-5.48003968092702,-0.610263826286571,2,1
0.883173830341721,7.76213625385277,-1.20031378599214,4,1
-6.12378443629316,-3.7052218752097,-3.53620997111581,1,0
5.92006301869026,5.11540656994869,-0.587094144531551,3,1
-7.02096260987795,-4.84706446223389,1.01641346888191,7,0
3.78892411528308,4.63623402633922,2.57150855321132,4,1
-5.8920477005403,-3.74883534807034,1.60414277723073,6,0
-6.02660894556989,5.20026216990325,-0.618399800836158,1,0
-5.04176290414574,-5.92789258422849,-1.98502408463107,6,1
-5.6279428555451,5.26769122144208,0.868126339847369,6,0
-8.85989588341826,-0.449553872849367,0.941060102556659,1,0
0.117588730084334,-5.76281429902603,1.06083045672219,4,0
4.22877503368266,6.84485838724,0.466530314554353,5,0
-8.38570888664642,3.97510930072216,-1.83863821557647,1,0
-1.48768014533069,-7.32821791102226,1.27189899909801,6,0
5.66351837378611,-6.90845959172626,-0.205293268853494,3,0
-5.26778891989663,-3.19502349744405,-0.680766335571622,7,0
-8.07227474918461,-1.06071470923693,-0.0812714836851004,3,0
-0.607918259999767,9.04346998538782,-0.529134473982069,2,0
-5.37173842846567,-7.2024711902061,-0.830365547007736,2,1
-7.33119091726307,-3.03589419561065,0.587042899098574,4,0
-0.278766054429693,-7.92324435116973,-0.813324724042855,3,0
7.06958935396052,-2.94939907616168,-0.879054362433415,3,0
-3.92845457364712,-6.1067722227525,-3.19794259126014,3,0
-0.162966591617408,-8.63523479809079,-1.65817507399105,1,0
-9.54693847903167,-1.79738728030169,-0.29877039750979,2,1
5.76914097216635,5.53799918034873,0.533031571735474,5,0
-7.4605443343962,-3.31698038666856,-0.438152479995488,2,1
-8.56586535898666,-1.72379779892308,-0.953563945664655,3,0
-2.7720768905693,7.84143421577758,-0.118944600328835,2,1
-6.64667052082016,-3.7811620382681,-0.391550739087685,5,0
-7.62730171490364,-3.54482275900807,0.0459210108862558,2,1
-6.54695523549732,4.38428267134033,-1.11162897864542,5,0
-9.07827993974765,-1.4167066705867,0.164478552411165,1,0
2.92631697715585,-8.20228529052728,0.66486534752964,4,0
-7.45548498558452,0.773217517450637,0.408574184457644,1,0
-3.01990873024855,-8.39497484150106,-2.97283054036607,3,1
-2.59424546551005,-7.58753815688845,-0.668441995128181,6,0
-3.95393776755106,-5.85144798875881,-0.269099822251131,3,1
-5.48828420071685,-5.27994046367419,8.07858439330352,6,0
2.09691494928768,-8.76121487191527,-1.00518244666693,2,0
-7.16502033898431,-1.12370447357973,0.711826484978267,4,0
-7.38399850261828,5.58585730359211,0.0781553136162281,5,0
9.63272267933611,2.41072931626612,0.891120901197077,8,1
4.48292638521528,-6.54319280221728,0.0482563396633204,4,1
1.67281517741738,6.66426491332372,0.795460860164235,7,0
-6.082828845915,3.34198747879197,-0.617942219353623,3,0
-8.4175522217661,2.27898970956249,-0.305377325221735,3,1
-9.23813709020888,-0.253427017337633,0.714539640877245,5,0
-0.14373665608712,8.17673639126281,-1.65583774017467,1,0
-0.274953832993021,8.39157309575468,1.12326772740582,4,0
-6.84641614110179,2.82172196060415,-1.11056641940481,5,0
-4.83542944910648,-4.9467275535985,-2.30718002641108,4,1
-6.31017040975696,6.76760532373257,-1.81184561074928,5,1
3.99464545892473,-8.04662833638743,3.48744046637953,8,0
1.21204023379001,-8.97870498379572,1.2921365992067,5,0
-3.90676376346432,-7.31601919018494,-1.02160248688509,4,0
-2.53523791422032,-7.43498682742863,-1.04105866817722,4,0
-3.52075314854728,6.67621803089362,0.420445304667831,4,0
-2.37893580894989,8.26023104527976,-0.275540850572064,5,0
8.35859989358835,2.68329423936044,0.231090151105491,5,1
-6.62756102525738,7.26547412396199,2.38198747054551,3,1
-7.25285017254958,3.00076295022218,0.588296815553306,1,0
2.16327202919879,5.64492387005029,-0.554462286161084,8,0
-4.87752378202601,8.35350551186579,-0.439620528358968,1,1
4.27203655452059,-4.33008842023841,0.460627056625862,3,0
0.381203776579325,7.5450312353854,1.80128445052354,7,1
2.67475305026742,-8.42810329319062,-0.754927318552878,8,0
7.87540027367231,-1.15979160992592,0.577314199444906,8,1
-1.04024880584749,8.7664394722348,-0.818338889783405,4,0
7.17587538150889,0.455055235922568,1.56373851902957,8,0
2.05810234781535,8.10518037114557,0.611934522332169,6,1
-4.22648692995399,-6.06954081856582,-1.43194074373847,6,0
5.9293985838202,5.29161055356937,2.75405209779296,8,1
5.86575361541082,-5.42057666029015,-0.344875270667686,7,0
-0.885534048481678,-6.30184859847808,0.239271611082962,1,0
7.28536963166733,-4.83408953626693,1.13514791098491,8,1
2.88283549543632,9.07078131989101,-1.50259888911754,6,0
5.07221453260165,-5.64373916362409,-0.306911574972961,8,0
3.42489967179027,6.68571030171748,-2.51107840308392,2,0
4.58643823251641,6.9421025738775,-2.66758518115215,8,0
3.03236124588923,-7.47457930460052,4.68900910969325,7,1
-6.95908591955241,-3.49622509530372,-1.07446014032053,2,0
-7.72835390283301,-1.32289927557185,-0.717756892060722,5,0
-6.592785086983,-5.59269789442592,-10.3030090509596,2,1
-1.23532450280625,6.34123966202532,0.222432741304938,3,0
6.7465236061934,-5.10213823826183,0.748092260521881,5,1
-0.908121901793207,-8.40144210722019,-0.105942380372465,4,0
-0.446781039432546,-6.57106537389213,-0.549672205875372,4,0
0.700573029492353,-7.27682058319345,0.399582842244832,5,0
-3.89000147119342,-7.31257598191869,1.17651287071102,5,0
5.7606857812749,-2.38760760262441,0.468702651124484,8,1
-4.50246183416405,-6.49433533298265,0.385209048044409,3,0
-7.4089089974885,0.961149953030543,-2.59924502255631,3,1
-7.21158079351867,-1.05549934899276,2.03593424645116,4,1
-1.43713113094579,7.42117871671085,0.505441462796494,4,0
5.70027594430817,-4.2017033088439,-0.614146839356995,3,0
-2.70703098859905,-6.04711626121114,0.365615263155191,2,1
6.70567242234013,-4.49584410865399,2.40033196404871,8,0
-1.37135572953582,8.32369541145371,1.67824443610694,4,1
5.99844180328624,-7.39526755439469,0.4547096555296,3,1
-7.12557105173094,0.106724057163553,0.739547275773883,4,1
-11.1396223130667,-22.733940231715,5.95178853381454,5,0
-7.11728992124836,-3.43165260140963,-0.15730031003088,5,1
3.11396259131342,6.40833807101332,-0.379074619163015,4,0
-5.9384379202808,-5.8665732661866,-0.183289722545653,2,0
-2.50148719284345,8.18411213773547,-0.41548936125122,1,0
4.34016929954678,8.40788362527745,-0.725591767348999,4,1
7.50994952555204,3.2187253068957,-1.08446296549608,8,1
3.85092388395278,-5.13628643238591,-0.0386641488164182,7,0
0.475831518432909,6.98398511270721,-0.419032714612224,4,1
1.36799589033507,-6.19832094162149,-1.22472075859938,4,0
9.71068090129415,0.326537174536308,-1.47136006273304,6,1
-1.37299441808382,5.86179611133286,-0.555152999413964,2,0
6.59888150680896,-3.85834696876141,2.80248065633229,7,1
3.26994127445838,-7.02117725268789,-1.56100446362521,3,0
-8.01392503305318,0.8890363559372,1.49807761353843,3,0
-5.64298583202655,-8.08441299618624,-1.04990257922744,1,0
-1.01303501060997,7.45344810615291,-3.62686117089502,1,0
-8.08536327264587,2.32904189414542,1.33312806489443,4,0
-8.64001401894356,0.896673780157269,-1.1788585727141,1,0
6.15861072500319,2.15086871298039,3.95066237209307,7,0
1.28285205363457,-7.23847713981729,1.29287943254045,3,1
-8.77804696449855,2.12310255976411,0.639033143247355,5,1
5.4072974459126,-7.0678719971118,0.769098998332161,8,0
-1.58610455239946,7.57243096110517,0.170171862075204,4,0
3.84363859370923,-6.91658148530048,-1.39530640329813,6,0
-2.46564425131185,-7.10161834503863,0.047431931425479,3,0
-6.71408760794331,-3.37577176102004,-1.15783425508094,1,0
5.07568960012252,6.35923234546758,-0.306430076607811,8,0
-8.58851695960037,1.33139559682837,-1.3801561034992,1,1
1.95159656781682,-8.35640697594527,0.871097228329364,8,0
6.02087918627964,5.19203864513384,-0.689276399847224,4,0
7.30472137025275,0.513234069302398,0.733572608370395,7,0
6.99252141676115,-1.87938332086483,-2.91978089017932,5,0
-1.11051316476503,6.09387043294255,0.916005136221223,8,1
8.3058476414324,-1.14501461024953,-0.491581796574824,8,0
-1.52171953404223,-7.32541337670226,-1.7828315422733,2,0
-3.04488693293966,-7.01169324788591,0.536992581388291,2,0
-5.8583833068495,-5.19056314092795,0.183551956873639,2,0
-2.4349235239118,7.30900908559087,0.148307716223627,8,1
-4.80509696879962,-5.23208755033586,0.473516125197466,5,0
7.77535446018198,-4.13227917509157,-0.615180990449491,3,0
9.13953878203044,-0.92738280681473,-0.379764053314129,4,0
8.45396059702843,5.74085662170501,-0.464111325439493,6,1
1.51775269216686,-9.20897534068188,0.264342633860778,7,1
-7.4297027060726,4.74760303766104,1.05968651659233,7,0
5.45098148598983,-7.21222538649901,1.08510951751869,5,1
-3.34864954280197,23.8215845772295,0.510296393652089,2,1
-5.40097277759557,5.34192889219803,0.0140360092164469,2,1
2.54935670275266,-8.15365946635256,0.5642002430109,4,0
-5.84575962542196,5.14998409427013,2.97820545728778,2,0
4.62970789721178,6.90718682576747,0.922252301439588,4,0
-8.05305629293819,0.347962553186612,-0.126255288709717,3,0
-3.4059684609567,6.92316190993992,1.17734431613966,6,1
-1.45758825486191,9.10377566944924,-2.34492164949742,3,0
4.28577345310295,-8.34989565373006,1.66241769006257,5,1
5.5402155123183,-5.01259072864441,0.977276524263394,2,0
6.84211717731955,3.06776696661743,-2.6272966725,3,1
7.59125991693329,0.0390627407712921,0.157301592323484,4,1
4.99284102574335,7.03019161695074,-0.0959113996816806,6,0
4.46119287019784,7.29783513253283,0.0486866011177451,4,0
-4.56581458122284,-7.0422442955955,0.862074133940417,1,1
-1.05927763288264,8.36577855072641,-0.976261376534665,4,0
-6.29657400638817,1.95454765765568,2.00868524195072,6,0
-5.05023397120247,-0.723469066922134,-0.585948364727062,1,1
8.85093886755468,-0.630993273978188,-0.222958009367627,6,0
-4.39202388713871,26.7328840560867,-0.629989135714634,3,0
-5.31083078976834,5.93884358622287,0.604453394321345,4,0
-5.67493231044221,1.78439561955549,-0.236522174768614,7,0
5.85176594624174,6.38779674347449,-0.34451788548267,6,0
-3.32904341228288,24.1580132499885,-1.46196228792684,5,0
-7.52101774657497,3.7753985382617,1.28928981936403,2,1
-4.49520371512423,3.35698347237456,-0.380457559739671,2,0
3.27619613928597,5.50536454926866,-0.502263233363704,6,1
-6.43611930060013,2.44504810614645,0.72009268184986,4,0
7.36458845478641,5.4077546857802,-1.26872325990577,8,0
-2.02179521927148,-7.45643152951598,3.90325724638498,7,1
2.64373412475086,8.14790083551333,1.06992718631125,4,1
7.30761331217133,-6.23700302908198,1.37936045422968,7,0
1.34797814058319,7.59889153662832,2.78631872667302,8,1
-1.38114275389744,-7.91205354205653,0.0653724178531788,2,0
5.40032299259706,6.79601944475563,0.376270082421894,4,0
8.83432898125858,0.508817277145624,-1.29835678348007,7,1
-5.01998909575615,4.70038396071714,0.156111888514489,2,1
8.20573338680548,-1.65563348224556,-1.60816943089967,7,0
7.14756036559718,0.375047136033156,1.56518742300298,8,1
-2.4203474922579,-8.95761414927946,6.49856491755748,8,1
-8.46834022446779,-2.4382594492758,2.32673553973074,3,0
-3.98629089867165,-7.15854787962415,3.86887883597895,6,0
-2.99429352357751,-8.2813000647008,-2.27229042800504,1,1
6.69399174288406,-0.817292816076724,0.261302670554609,8,0
-6.04186411154685,0.153068604560345,-0.617503598580659,1,0
1.11755785689441,7.63538877018747,1.62876294318084,7,0
-8.05822936597931,-1.58934953947024,-0.410765956583005,2,0
4.53732963021904,5.9035285985379,-0.872874611504199,6,0
-8.85439947059881,0.479079461056915,0.600258612245387,4,0
-4.90935104084926,-6.84879466342198,0.730181529932367,1,0
-3.52833277088055,6.4756098311527,1.12422479722615,4,1
5.95880580295814,4.48435291865098,0.000575460635465871,5,0
3.41165463507867,6.23002735865608,-0.0942748320090112,7,0
0.839399192972129,9.46378732136604,-0.191096060983757,4,0
7.81715489455198,2.69801163728096,-1.99762173426032,7,0
6.46418145261278,-4.50289363908846,0.494318479219067,6,1
-5.03775734744762,-5.92519556189442,-0.178647055268844,3,0
-0.922018869030372,-9.2146107338471,-0.812643099481271,4,1
-0.420536781174229,-6.08139292531488,-0.942862778538109,2,1
-8.79929317218666,0.113580005865901,0.640060549515371,4,0
4.5052028338166,-7.37130118283606,-1.38605815513547,4,0
2.37963414223029,9.41208125094445,-1.20727130030183,4,0
-6.80841886574284,-5.93621311448883,-0.673136952525251,2,0
7.6045829365539,0.906410959536962,-0.345609694749532,7,1
2.23109759791095,-8.97405551467582,1.84377637439059,4,0
-4.96252459028386,5.84274878225855,0.833822707588335,1,0
5.33667859678434,6.19635506886653,-1.35090001672855,1,1
-4.06747540511289,-7.54773034952067,-0.499159139961416,2,1
3.25194093495927,8.59674240455984,-0.16923608140819,4,0
9.82140004190128,-1.48254958908356,0.620131298301937,6,0
5.80412913173164,-5.68640049954957,2.85504435664156,8,1
-2.24320954888597,9.21781557939979,-5.33810356296611,1,0
-4.2375977808389,-6.44831406868953,-2.02847838700064,4,0
-5.91843529795384,6.0043915766659,-0.402975317486442,3,0
6.25045379664139,5.16040541017315,-0.764458846953285,7,1
7.24880797624742,5.32369313297819,-0.396758993316328,6,1
-22.1832679339081,-9.39785414310102,6.06067234344999,1,0
-7.37644020598144,-2.65116318586439,-0.0917036398712377,5,0
3.94836053550353,-6.40778493322087,-0.877523871543171,6,1
-3.80102023686865,-7.99252041473512,-3.18352806730263,1,1
6.32535174436566,-6.42197905425826,0.167253734200478,5,1
7.83357694178962,3.63754773059812,-0.308203087731759,2,1
-8.69879558960337,-1.94170404956973,1.19054663273236,2,1
7.02469179797564,0.62415806713979,1.42379919304571,5,0
-3.67902975630033,5.67368020952308,-0.533432955588941,6,1
-7.44696347246804,-1.12011277329118,1.94766140334553,3,0
0.499190942082357,8.26326837705643,0.406460101522898,4,0
1.42034698752061,6.51107467744214,1.29369619085741,5,1
7.69920896658081,-2.34458045879439,1.74890394744844,5,0
5.72248441213475,-3.759672341185,-0.613810357613855,8,1
7.2741323065068,5.49684516078799,-1.13590000245423,4,1
4.91731047030292,5.3346111715879,-1.57966017591783,2,1
-3.43509512830172,-8.01965691330664,-0.734550166908653,6,1
-2.46159005585743,-6.51025452831624,1.31815693087599,3,1
2.17210320770033,8.10634004764388,9.890507788126,8,1
5.08856692768764,5.04434447997415,0.537676137575378,4,0
6.02772987877308,-3.72705181485596,2.75770110912312,5,1
4.05237870982676,4.44601789303593,1.38868501031544,5,0
-4.86288307941451,-7.03392044192257,-3.38231586433472,5,1
25.7710819111173,-2.80953551033215,7.55906890428977,8,1
6.66997784147194,5.29862981354823,2.59150769652441,8,0
6.68150001697387,-0.880492528974402,2.60147258582923,7,0
1.86078124814936,7.99177742341632,0.865109431384905,6,1
5.07905450398867,4.02519522699151,0.680796207965913,7,0
-1.38957904651412,-8.18000708946924,-1.04024277976546,3,1
7.38540163201143,2.1311264679579,1.89211170496329,7,1
0.657796544169702,-7.74521688826239,-0.666135171756267,8,1
-7.08200853847023,-3.41579041903402,1.36942869459255,3,1
3.13842679996355,-5.93907679043421,-0.15507106568092,5,0
-0.442317461455817,-6.56724875822627,0.181355016518614,2,0
2.79147975766667,-6.3685427472463,2.44768761890293,8,0
-7.21050430076687,-3.1527534161691,1.0991726726052,5,0
-8.5079164455848,-3.16433150734355,-1.7893669385791,1,1
5.64451497324588,-4.78190974862182,-0.151832158780479,2,0
8.98424276271347,1.25225672924235,0.205538235064702,5,0
2.95384210089718,-7.83664123640619,-2.40260206827157,3,0
-4.11748112533817,7.68557869027982,-0.66766803245589,3,1
-4.1265246672941,7.68941453025495,1.46830605658057,3,1
-5.75088710246481,-4.74594622865856,0.253641156412799,7,1
-3.34484524626124,-6.05552339206321,0.360056877600306,5,0
1.28579031979694,-8.19964119012938,0.725057951628279,2,1
-9.0676058529225,3.15555295518596,0.517011162642448,1,1
0.892076839962829,-7.89145658323903,-0.759762530892953,7,0
5.16310449619532,5.03641492107037,0.716822230783968,6,0
-3.21276360679714,-7.52951386248181,-0.532890914117517,3,1
-2.71203316213743,-6.76488816048328,0.356670000992402,3,0
3.31892615081056,9.41153092939475,-0.281294757141053,8,1
4.99781767131694,4.30182343936197,0.529208477913312,7,1
-0.495375480950546,7.38155393602423,-2.02398302693942,5,0
7.83634783343916,-0.773949698517128,0.60152629326576,3,1
4.75724391607044,-4.37228646868812,-0.797817951604248,6,0
4.13532884417009,-6.02618427008225,-0.608991167965615,6,0
6.21505222655674,-2.68906964183254,3.81211970346702,8,0
-5.85675094774694,-3.62398494751968,1.18592049395054,4,0
3.2714740383006,4.92347425957025,-1.03073834867105,4,0
7.13978305267707,3.58798715333643,-0.0215952225047167,8,1
-5.92613437812292,5.92980531358404,1.18657749031525,5,0
-2.93918034043894,-8.47041351447108,-1.9652759238852,1,0
9.89038437847136,-1.16761263242746,-2.27818611561945,3,1
-7.36028525837799,4.02291935422481,-0.56397501028555,6,0
8.19645128472627,0.988939619549413,-1.28191800570284,6,0
-0.96225616542175,7.39697845829179,0.465505377696903,8,0
-9.0564871287388,0.657743611918517,-0.0801106705989194,3,0
-9.60918727125324,1.03346599436432,-2.37418284915294,3,0
2.48952511489886,7.54178915996436,-1.20588362514074,7,1
-6.27221870088195,-4.29686124758962,2.01105262135367,1,0
-3.81159013456375,-6.65064528180359,-0.341014086440993,1,1
-7.98525006080643,-1.81808054744869,0.508653764505364,6,0
9.10730274906754,-3.04870337250405,0.89639645382395,8,1
7.87771151681638,-0.771316533645464,-1.0167135216713,2,0
2.76660445201291,-8.24244813177654,-0.615906916015089,6,0
-3.56849195458666,-6.28214356110777,1.54997537020622,3,0
-4.5165197339118,6.78808622324279,-0.421407507727116,1,1
7.34501878625929,5.41132561245436,-0.67854238189505,7,0
6.44343929043532,1.669072996537,0.342646104082399,8,1
4.20623221000382,-7.19334248769153,0.721598405514739,6,0
5.88443295621777,-4.04469357917987,0.509196406667267,6,1
-22.5573675635519,-12.5008305469396,7.43795429410555,1,0
-5.24430512370474,4.39282370006203,0.178893838372539,3,0
-8.18726842440815,-4.82159079836152,-1.7442161195276,5,1
6.08311458454033,5.44900242474587,0.307587251385674,4,0
4.23397257706689,8.56684807341159,-0.370791784185371,8,1
-7.91565740825947,-0.513525977545916,2.1828766512031,2,0
5.74365341948094,4.45436065134038,0.469270828575909,5,1
7.39351202726378,1.81120362199776,3.21135231197561,8,0
-2.80457927513961,7.84376683474158,0.77591719034388,1,1
-7.43663017647474,5.22330971622245,0.819455563384679,6,0
-8.80856841097972,-0.221521313587002,0.180685314319927,2,0
6.63856701224026,3.45659638706789,1.22512944644575,5,0
5.70199916006013,-5.08845352178071,-2.12604869740363,6,1
5.22910252122635,-6.94267807456224,0.251772327188998,8,0
-6.1385477660557,6.32005809173663,3.14855949767843,4,0
7.18216892888494,1.76392012568741,-0.348505486881055,8,1
-1.05482763891655,7.80148547752905,-0.0142654425230688,7,0
-7.20947773406136,4.28306781403371,1.89962468420956,3,0
-10.7356364687827,-16.0951847441572,1.13660022399215,5,1
-0.874914883040096,6.59630327848011,0.689593424722366,5,0
-1.65557768226438,7.57525599178376,-0.908665891078305,2,1
-3.9682288524795,7.04320836639755,-0.109306804825971,3,0
0.986424939357766,8.45909396736135,-0.0166955694761576,5,1
-3.74708599242892,8.10070612035866,-2.01950970781375,2,1
-3.36686495344999,6.30981257541827,-3.87357275761998,1,1
7.39625133726002,4.55854798817439,0.239947550292484,5,0
7.07247179878132,-0.716258885404011,0.312596381750309,6,0
4.51742287202145,-5.29090638787354,-0.403583579328571,8,0
7.9114104184818,1.60711783718165,0.691241342598719,5,0
-3.19989763399747,-8.96996017797126,-0.19236091721323,3,0
3.54831913720965,-7.53342257542198,0.615914460762772,3,1
-3.46090972909837,-8.96663449291048,0.526492697051212,4,0
-6.70051172859282,7.11844915095155,0.971332019765027,7,0
-6.26397512994486,4.06301618185344,2.01337274084172,3,0
5.83112192814487,-4.99790660177359,-5.57511033310715,5,0
16.5230217932806,19.3262876539691,5.55588067360852,8,0
-4.41926004009472,6.01225070653594,1.60082638572263,2,0
5.62643257864369,-4.52110473217064,-0.71456646929332,4,1
-4.27983580997472,-5.63992847513012,-1.18389494036381,5,0
6.86911959648213,-4.60452596441777,0.0397705219373021,8,1
-1.5043622074932,-8.8701939750407,1.58776950773519,4,0
-1.43355688193537,8.35765384992842,0.489078442873843,3,0
10.8501398847239,1.74887961680415,4.19433496286692,8,0
9.4989933492293,0.876419150238507,6.03865583023552,8,0
0.128202526056153,-9.19487386721503,1.06193897783309,5,1
7.56191557234218,-3.10715989834646,1.92231999730914,7,1
5.26474979096194,6.29991275607961,0.428552979511707,8,1
2.45182084150644,9.07287124500484,-1.88514876889934,4,0
20.0443742027358,-20.1352598091754,6.86830328715325,8,1
-6.51759712923876,-0.327999268627316,1.41667048304617,1,1
-7.92309421444526,2.67852386024783,-0.955783782002711,3,0
3.12043004222923,8.09956817096372,-0.476845291858813,6,1
6.50739227719915,1.65043459646574,1.03573067202783,8,1
2.55674884109468,-7.35328657779827,-1.45664058014296,1,0
3.48217040256578,7.5318565454745,-3.06217933907637,8,1
1.46030083638798,8.18776333704022,0.223851587028365,3,0
7.61938343740634,-0.725763096587795,2.19209914915696,8,0
-6.4577001583208,5.43570026941335,0.385898965772248,1,0
-7.45378896579205,4.1737930559632,0.408996328920941,3,0
-7.50246326837307,-1.23167967076669,1.59588026265712,2,0
1.64315342627748,7.20771455194632,0.678331733754795,6,0
4.31380830579372,-5.2392451067176,0.370200155978197,5,1
-7.01554824890049,2.97968742644493,-0.766675355875638,3,1
3.55384467056637,8.97560706007659,1.77271551989544,6,0
-8.88556295451944,-1.5579217626157,0.581642377753348,5,1
9.64994796268444,-2.0532707129744,0.627252270854799,6,0
-0.668394044961071,8.6809864304038,-0.57711573910902,3,1
-7.81235405252386,3.23779450779765,5.00142356642126,1,0
-13.8728606191953,-13.5781321142637,3.5479515303094,2,0
7.94466110420769,-2.60767862642386,-0.413130058030223,5,0
2.96056298952659,-7.83561601957539,0.609590308351521,4,0
-4.51307877321295,6.46489406623409,2.21109021670931,1,0
-8.32930423869829,1.05096820742712,0.431949357590889,3,1
-6.91182950099698,-3.32340845171005,-3.84784234064587,6,0
-7.06909613977492,-4.29235013960426,-1.0738086670108,1,0
-8.50046854048979,-3.15846956532356,-0.594386339306387,1,0
-1.10743171651639,-7.00254582323714,-1.79051665110694,1,0
11.0699145147525,-20.8468983722301,6.15148316521354,8,0
-7.47752158134931,-2.64676911498313,-0.361404568705507,4,0
-5.01681225116177,3.26096238786111,0.156514135087946,3,1
